iteration_id,run_id,case_id,model_id,turn,query,rank,doc_id,similarity,relevance_flag,source_case_id,source_category
0001,0001_general_small_case_8b2,case_8b29225c97,general_small,1,"Question: Could you describe the process and challenges of implementing a centralized, secure knowledge repository within Confluence and integrated with a robust customer relationship management (CRM)",1,corpus_2baf82713a47,0.6669,,33042a3e-5e8e-4375-b964-0fe2252e504c,legal
0001,0001_general_small_case_8b2,case_8b29225c97,general_small,1,"Question: Could you describe the process and challenges of implementing a centralized, secure knowledge repository within Confluence and integrated with a robust customer relationship management (CRM)",2,corpus_c523ef0cdd39,0.6554,,33042a3e-5e8e-4375-b964-0fe2252e504c,legal
0001,0001_general_small_case_8b2,case_8b29225c97,general_small,1,"Question: Could you describe the process and challenges of implementing a centralized, secure knowledge repository within Confluence and integrated with a robust customer relationship management (CRM)",3,corpus_e634e990f73f,0.6482,,33042a3e-5e8e-4375-b964-0fe2252e504c,legal
0001,0001_general_small_case_8b2,case_8b29225c97,general_small,1,"Question: Could you describe the process and challenges of implementing a centralized, secure knowledge repository within Confluence and integrated with a robust customer relationship management (CRM)",4,corpus_0e194da4092c,0.6449,,33042a3e-5e8e-4375-b964-0fe2252e504c,legal
0001,0001_general_small_case_8b2,case_8b29225c97,general_small,1,"Question: Could you describe the process and challenges of implementing a centralized, secure knowledge repository within Confluence and integrated with a robust customer relationship management (CRM)",5,corpus_4c1078ca06ee,0.6411,,33042a3e-5e8e-4375-b964-0fe2252e504c,legal
0001,0001_general_small_case_8b2,case_8b29225c97,general_small,2,"Question: Could you describe the process and challenges of implementing a centralized, secure knowledge repository within Asana and integrated with a robust customer relationship management (CRM) syst",1,corpus_e634e990f73f,0.6807,,33042a3e-5e8e-4375-b964-0fe2252e504c,legal
0001,0001_general_small_case_8b2,case_8b29225c97,general_small,2,"Question: Could you describe the process and challenges of implementing a centralized, secure knowledge repository within Asana and integrated with a robust customer relationship management (CRM) syst",2,corpus_c523ef0cdd39,0.674,,33042a3e-5e8e-4375-b964-0fe2252e504c,legal
0001,0001_general_small_case_8b2,case_8b29225c97,general_small,2,"Question: Could you describe the process and challenges of implementing a centralized, secure knowledge repository within Asana and integrated with a robust customer relationship management (CRM) syst",3,corpus_2baf82713a47,0.6549,,33042a3e-5e8e-4375-b964-0fe2252e504c,legal
0001,0001_general_small_case_8b2,case_8b29225c97,general_small,2,"Question: Could you describe the process and challenges of implementing a centralized, secure knowledge repository within Asana and integrated with a robust customer relationship management (CRM) syst",4,corpus_4c1078ca06ee,0.6467,,33042a3e-5e8e-4375-b964-0fe2252e504c,legal
0001,0001_general_small_case_8b2,case_8b29225c97,general_small,2,"Question: Could you describe the process and challenges of implementing a centralized, secure knowledge repository within Asana and integrated with a robust customer relationship management (CRM) syst",5,corpus_a6373c55c27b,0.627,,33042a3e-5e8e-4375-b964-0fe2252e504c,legal
0001,0001_general_small_case_8b2,case_8b29225c97,general_small,3,Could you tell me more about domain area?,1,corpus_aac24ae0a7b4,0.5717,,33042a3e-5e8e-4375-b964-0fe2252e504c,legal
0001,0001_general_small_case_8b2,case_8b29225c97,general_small,3,Could you tell me more about domain area?,2,corpus_3e160cb0a1d2,0.5649,,33042a3e-5e8e-4375-b964-0fe2252e504c,legal
0001,0001_general_small_case_8b2,case_8b29225c97,general_small,3,Could you tell me more about domain area?,3,corpus_e634e990f73f,0.5647,,33042a3e-5e8e-4375-b964-0fe2252e504c,legal
0001,0001_general_small_case_8b2,case_8b29225c97,general_small,3,Could you tell me more about domain area?,4,corpus_d29ad5e339af,0.5512,,33042a3e-5e8e-4375-b964-0fe2252e504c,legal
0001,0001_general_small_case_8b2,case_8b29225c97,general_small,3,Could you tell me more about domain area?,5,corpus_611c7d18c7d3,0.5509,,33042a3e-5e8e-4375-b964-0fe2252e504c,legal
0001,0001_general_small_case_8b2,case_8b29225c97,general_small,4,"Question: Could you describe the process and challenges of implementing a centralized, secure knowledge repository within Confluence and integrated with a robust customer relationship management (CRM)",1,corpus_2baf82713a47,0.6669,,33042a3e-5e8e-4375-b964-0fe2252e504c,legal
0001,0001_general_small_case_8b2,case_8b29225c97,general_small,4,"Question: Could you describe the process and challenges of implementing a centralized, secure knowledge repository within Confluence and integrated with a robust customer relationship management (CRM)",2,corpus_c523ef0cdd39,0.6554,,33042a3e-5e8e-4375-b964-0fe2252e504c,legal
0001,0001_general_small_case_8b2,case_8b29225c97,general_small,4,"Question: Could you describe the process and challenges of implementing a centralized, secure knowledge repository within Confluence and integrated with a robust customer relationship management (CRM)",3,corpus_e634e990f73f,0.6482,,33042a3e-5e8e-4375-b964-0fe2252e504c,legal
0001,0001_general_small_case_8b2,case_8b29225c97,general_small,4,"Question: Could you describe the process and challenges of implementing a centralized, secure knowledge repository within Confluence and integrated with a robust customer relationship management (CRM)",4,corpus_0e194da4092c,0.6449,,33042a3e-5e8e-4375-b964-0fe2252e504c,legal
0001,0001_general_small_case_8b2,case_8b29225c97,general_small,4,"Question: Could you describe the process and challenges of implementing a centralized, secure knowledge repository within Confluence and integrated with a robust customer relationship management (CRM)",5,corpus_4c1078ca06ee,0.6411,,33042a3e-5e8e-4375-b964-0fe2252e504c,legal
0001,0001_general_small_case_8b2,case_8b29225c97,general_small,5,Question: Could you provide more details on how the integrated EKM system helped improve the organization's knowledge sharing and retrieval efforts?,1,corpus_93b6b75d8e81,0.6354,,33042a3e-5e8e-4375-b964-0fe2252e504c,legal
0001,0001_general_small_case_8b2,case_8b29225c97,general_small,5,Question: Could you provide more details on how the integrated EKM system helped improve the organization's knowledge sharing and retrieval efforts?,2,corpus_e634e990f73f,0.6324,,33042a3e-5e8e-4375-b964-0fe2252e504c,legal
0001,0001_general_small_case_8b2,case_8b29225c97,general_small,5,Question: Could you provide more details on how the integrated EKM system helped improve the organization's knowledge sharing and retrieval efforts?,3,corpus_b28a48c34168,0.6058,,33042a3e-5e8e-4375-b964-0fe2252e504c,legal
0001,0001_general_small_case_8b2,case_8b29225c97,general_small,5,Question: Could you provide more details on how the integrated EKM system helped improve the organization's knowledge sharing and retrieval efforts?,4,corpus_ac167edc04d3,0.5766,,33042a3e-5e8e-4375-b964-0fe2252e504c,legal
0001,0001_general_small_case_8b2,case_8b29225c97,general_small,5,Question: Could you provide more details on how the integrated EKM system helped improve the organization's knowledge sharing and retrieval efforts?,5,corpus_4c1078ca06ee,0.5735,,33042a3e-5e8e-4375-b964-0fe2252e504c,legal
0001,0001_general_small_case_8b2,case_8b29225c97,general_small,6,Could you tell me more about domain area?,1,corpus_aac24ae0a7b4,0.5717,,33042a3e-5e8e-4375-b964-0fe2252e504c,legal
0001,0001_general_small_case_8b2,case_8b29225c97,general_small,6,Could you tell me more about domain area?,2,corpus_3e160cb0a1d2,0.5649,,33042a3e-5e8e-4375-b964-0fe2252e504c,legal
0001,0001_general_small_case_8b2,case_8b29225c97,general_small,6,Could you tell me more about domain area?,3,corpus_e634e990f73f,0.5647,,33042a3e-5e8e-4375-b964-0fe2252e504c,legal
0001,0001_general_small_case_8b2,case_8b29225c97,general_small,6,Could you tell me more about domain area?,4,corpus_d29ad5e339af,0.5512,,33042a3e-5e8e-4375-b964-0fe2252e504c,legal
0001,0001_general_small_case_8b2,case_8b29225c97,general_small,6,Could you tell me more about domain area?,5,corpus_611c7d18c7d3,0.5509,,33042a3e-5e8e-4375-b964-0fe2252e504c,legal
0001,0001_general_small_case_8b2,case_8b29225c97,general_small,7,"Question: Could you provide more details on how the integrated EKM system helped improve the organization's knowledge sharing and retrieval efforts, as mentioned in the previous conversation?",1,corpus_93b6b75d8e81,0.6613,,33042a3e-5e8e-4375-b964-0fe2252e504c,legal
0001,0001_general_small_case_8b2,case_8b29225c97,general_small,7,"Question: Could you provide more details on how the integrated EKM system helped improve the organization's knowledge sharing and retrieval efforts, as mentioned in the previous conversation?",2,corpus_e634e990f73f,0.6433,,33042a3e-5e8e-4375-b964-0fe2252e504c,legal
0001,0001_general_small_case_8b2,case_8b29225c97,general_small,7,"Question: Could you provide more details on how the integrated EKM system helped improve the organization's knowledge sharing and retrieval efforts, as mentioned in the previous conversation?",3,corpus_c523ef0cdd39,0.6047,,33042a3e-5e8e-4375-b964-0fe2252e504c,legal
0001,0001_general_small_case_8b2,case_8b29225c97,general_small,7,"Question: Could you provide more details on how the integrated EKM system helped improve the organization's knowledge sharing and retrieval efforts, as mentioned in the previous conversation?",4,corpus_b28a48c34168,0.6015,,33042a3e-5e8e-4375-b964-0fe2252e504c,legal
0001,0001_general_small_case_8b2,case_8b29225c97,general_small,7,"Question: Could you provide more details on how the integrated EKM system helped improve the organization's knowledge sharing and retrieval efforts, as mentioned in the previous conversation?",5,corpus_2d8c4747a942,0.5986,,33042a3e-5e8e-4375-b964-0fe2252e504c,legal
0001,0001_general_small_case_8b2,case_8b29225c97,general_small,8,"Question: Could you explain how the integrated EKM system helped improve the organization's knowledge sharing and retrieval efforts, as mentioned in the previous conversation?",1,corpus_93b6b75d8e81,0.6613,,33042a3e-5e8e-4375-b964-0fe2252e504c,legal
0001,0001_general_small_case_8b2,case_8b29225c97,general_small,8,"Question: Could you explain how the integrated EKM system helped improve the organization's knowledge sharing and retrieval efforts, as mentioned in the previous conversation?",2,corpus_e634e990f73f,0.6433,,33042a3e-5e8e-4375-b964-0fe2252e504c,legal
0001,0001_general_small_case_8b2,case_8b29225c97,general_small,8,"Question: Could you explain how the integrated EKM system helped improve the organization's knowledge sharing and retrieval efforts, as mentioned in the previous conversation?",3,corpus_c523ef0cdd39,0.6047,,33042a3e-5e8e-4375-b964-0fe2252e504c,legal
0001,0001_general_small_case_8b2,case_8b29225c97,general_small,8,"Question: Could you explain how the integrated EKM system helped improve the organization's knowledge sharing and retrieval efforts, as mentioned in the previous conversation?",4,corpus_b28a48c34168,0.6015,,33042a3e-5e8e-4375-b964-0fe2252e504c,legal
0001,0001_general_small_case_8b2,case_8b29225c97,general_small,8,"Question: Could you explain how the integrated EKM system helped improve the organization's knowledge sharing and retrieval efforts, as mentioned in the previous conversation?",5,corpus_2d8c4747a942,0.5986,,33042a3e-5e8e-4375-b964-0fe2252e504c,legal
0001,0001_general_small_case_8b2,case_8b29225c97,general_small,9,"Question: Could you provide more details on how the integrated EKM system helped improve the organization's knowledge sharing and retrieval efforts, as mentioned in the previous conversation?",1,corpus_93b6b75d8e81,0.6613,,33042a3e-5e8e-4375-b964-0fe2252e504c,legal
0001,0001_general_small_case_8b2,case_8b29225c97,general_small,9,"Question: Could you provide more details on how the integrated EKM system helped improve the organization's knowledge sharing and retrieval efforts, as mentioned in the previous conversation?",2,corpus_e634e990f73f,0.6433,,33042a3e-5e8e-4375-b964-0fe2252e504c,legal
0001,0001_general_small_case_8b2,case_8b29225c97,general_small,9,"Question: Could you provide more details on how the integrated EKM system helped improve the organization's knowledge sharing and retrieval efforts, as mentioned in the previous conversation?",3,corpus_c523ef0cdd39,0.6047,,33042a3e-5e8e-4375-b964-0fe2252e504c,legal
0001,0001_general_small_case_8b2,case_8b29225c97,general_small,9,"Question: Could you provide more details on how the integrated EKM system helped improve the organization's knowledge sharing and retrieval efforts, as mentioned in the previous conversation?",4,corpus_b28a48c34168,0.6015,,33042a3e-5e8e-4375-b964-0fe2252e504c,legal
0001,0001_general_small_case_8b2,case_8b29225c97,general_small,9,"Question: Could you provide more details on how the integrated EKM system helped improve the organization's knowledge sharing and retrieval efforts, as mentioned in the previous conversation?",5,corpus_2d8c4747a942,0.5986,,33042a3e-5e8e-4375-b964-0fe2252e504c,legal
0001,0001_general_small_case_8b2,case_8b29225c97,general_small,10,"Question: Could you provide more details on the specific AI-powered solutions implemented by Globex University to enhance knowledge sharing and retrieval efforts, as mentioned in the previous conversa",1,corpus_93b6b75d8e81,0.6124,,33042a3e-5e8e-4375-b964-0fe2252e504c,legal
0001,0001_general_small_case_8b2,case_8b29225c97,general_small,10,"Question: Could you provide more details on the specific AI-powered solutions implemented by Globex University to enhance knowledge sharing and retrieval efforts, as mentioned in the previous conversa",2,corpus_ac167edc04d3,0.5635,,33042a3e-5e8e-4375-b964-0fe2252e504c,legal
0001,0001_general_small_case_8b2,case_8b29225c97,general_small,10,"Question: Could you provide more details on the specific AI-powered solutions implemented by Globex University to enhance knowledge sharing and retrieval efforts, as mentioned in the previous conversa",3,corpus_b28a48c34168,0.559,,33042a3e-5e8e-4375-b964-0fe2252e504c,legal
0001,0001_general_small_case_8b2,case_8b29225c97,general_small,10,"Question: Could you provide more details on the specific AI-powered solutions implemented by Globex University to enhance knowledge sharing and retrieval efforts, as mentioned in the previous conversa",4,corpus_e634e990f73f,0.5586,,33042a3e-5e8e-4375-b964-0fe2252e504c,legal
0001,0001_general_small_case_8b2,case_8b29225c97,general_small,10,"Question: Could you provide more details on the specific AI-powered solutions implemented by Globex University to enhance knowledge sharing and retrieval efforts, as mentioned in the previous conversa",5,corpus_4c1078ca06ee,0.534,,33042a3e-5e8e-4375-b964-0fe2252e504c,legal
0001,0001_general_small_case_8b2,case_8b29225c97,general_small,11,"Question: Could you provide more information on the specific AI-powered solutions implemented by Globex University to enhance knowledge sharing and retrieval efforts, as mentioned in the previous conv",1,corpus_93b6b75d8e81,0.6124,,33042a3e-5e8e-4375-b964-0fe2252e504c,legal
0001,0001_general_small_case_8b2,case_8b29225c97,general_small,11,"Question: Could you provide more information on the specific AI-powered solutions implemented by Globex University to enhance knowledge sharing and retrieval efforts, as mentioned in the previous conv",2,corpus_ac167edc04d3,0.5635,,33042a3e-5e8e-4375-b964-0fe2252e504c,legal
0001,0001_general_small_case_8b2,case_8b29225c97,general_small,11,"Question: Could you provide more information on the specific AI-powered solutions implemented by Globex University to enhance knowledge sharing and retrieval efforts, as mentioned in the previous conv",3,corpus_b28a48c34168,0.559,,33042a3e-5e8e-4375-b964-0fe2252e504c,legal
0001,0001_general_small_case_8b2,case_8b29225c97,general_small,11,"Question: Could you provide more information on the specific AI-powered solutions implemented by Globex University to enhance knowledge sharing and retrieval efforts, as mentioned in the previous conv",4,corpus_e634e990f73f,0.5586,,33042a3e-5e8e-4375-b964-0fe2252e504c,legal
0001,0001_general_small_case_8b2,case_8b29225c97,general_small,11,"Question: Could you provide more information on the specific AI-powered solutions implemented by Globex University to enhance knowledge sharing and retrieval efforts, as mentioned in the previous conv",5,corpus_4c1078ca06ee,0.534,,33042a3e-5e8e-4375-b964-0fe2252e504c,legal
0001,0001_general_small_case_8b2,case_8b29225c97,general_small,12,"Question: Could you provide more information on the specific AI-powered solutions implemented by Globex University to enhance knowledge sharing and retrieval efforts, as mentioned in the previous conv",1,corpus_93b6b75d8e81,0.6124,,33042a3e-5e8e-4375-b964-0fe2252e504c,legal
0001,0001_general_small_case_8b2,case_8b29225c97,general_small,12,"Question: Could you provide more information on the specific AI-powered solutions implemented by Globex University to enhance knowledge sharing and retrieval efforts, as mentioned in the previous conv",2,corpus_ac167edc04d3,0.5635,,33042a3e-5e8e-4375-b964-0fe2252e504c,legal
0001,0001_general_small_case_8b2,case_8b29225c97,general_small,12,"Question: Could you provide more information on the specific AI-powered solutions implemented by Globex University to enhance knowledge sharing and retrieval efforts, as mentioned in the previous conv",3,corpus_b28a48c34168,0.559,,33042a3e-5e8e-4375-b964-0fe2252e504c,legal
0001,0001_general_small_case_8b2,case_8b29225c97,general_small,12,"Question: Could you provide more information on the specific AI-powered solutions implemented by Globex University to enhance knowledge sharing and retrieval efforts, as mentioned in the previous conv",4,corpus_e634e990f73f,0.5586,,33042a3e-5e8e-4375-b964-0fe2252e504c,legal
0001,0001_general_small_case_8b2,case_8b29225c97,general_small,12,"Question: Could you provide more information on the specific AI-powered solutions implemented by Globex University to enhance knowledge sharing and retrieval efforts, as mentioned in the previous conv",5,corpus_4c1078ca06ee,0.534,,33042a3e-5e8e-4375-b964-0fe2252e504c,legal
0001,0001_general_small_case_8b2,case_8b29225c97,general_small,13,"Question: Could you provide more details on the specific AI-powered solutions implemented by Globex University to enhance knowledge sharing and retrieval efforts, as mentioned in the previous conversa",1,corpus_93b6b75d8e81,0.6124,,33042a3e-5e8e-4375-b964-0fe2252e504c,legal
0001,0001_general_small_case_8b2,case_8b29225c97,general_small,13,"Question: Could you provide more details on the specific AI-powered solutions implemented by Globex University to enhance knowledge sharing and retrieval efforts, as mentioned in the previous conversa",2,corpus_ac167edc04d3,0.5635,,33042a3e-5e8e-4375-b964-0fe2252e504c,legal
0001,0001_general_small_case_8b2,case_8b29225c97,general_small,13,"Question: Could you provide more details on the specific AI-powered solutions implemented by Globex University to enhance knowledge sharing and retrieval efforts, as mentioned in the previous conversa",3,corpus_b28a48c34168,0.559,,33042a3e-5e8e-4375-b964-0fe2252e504c,legal
0001,0001_general_small_case_8b2,case_8b29225c97,general_small,13,"Question: Could you provide more details on the specific AI-powered solutions implemented by Globex University to enhance knowledge sharing and retrieval efforts, as mentioned in the previous conversa",4,corpus_e634e990f73f,0.5586,,33042a3e-5e8e-4375-b964-0fe2252e504c,legal
0001,0001_general_small_case_8b2,case_8b29225c97,general_small,13,"Question: Could you provide more details on the specific AI-powered solutions implemented by Globex University to enhance knowledge sharing and retrieval efforts, as mentioned in the previous conversa",5,corpus_4c1078ca06ee,0.534,,33042a3e-5e8e-4375-b964-0fe2252e504c,legal
0001,0001_general_small_case_8b2,case_8b29225c97,general_small,14,"QUESTION: Could you please provide more information on the specific AI-powered solutions implemented by Globex University to enhance knowledge sharing and retrieval efforts, as mentioned in the previo",1,corpus_93b6b75d8e81,0.6124,,33042a3e-5e8e-4375-b964-0fe2252e504c,legal
0001,0001_general_small_case_8b2,case_8b29225c97,general_small,14,"QUESTION: Could you please provide more information on the specific AI-powered solutions implemented by Globex University to enhance knowledge sharing and retrieval efforts, as mentioned in the previo",2,corpus_ac167edc04d3,0.5635,,33042a3e-5e8e-4375-b964-0fe2252e504c,legal
0001,0001_general_small_case_8b2,case_8b29225c97,general_small,14,"QUESTION: Could you please provide more information on the specific AI-powered solutions implemented by Globex University to enhance knowledge sharing and retrieval efforts, as mentioned in the previo",3,corpus_b28a48c34168,0.559,,33042a3e-5e8e-4375-b964-0fe2252e504c,legal
0001,0001_general_small_case_8b2,case_8b29225c97,general_small,14,"QUESTION: Could you please provide more information on the specific AI-powered solutions implemented by Globex University to enhance knowledge sharing and retrieval efforts, as mentioned in the previo",4,corpus_e634e990f73f,0.5586,,33042a3e-5e8e-4375-b964-0fe2252e504c,legal
0001,0001_general_small_case_8b2,case_8b29225c97,general_small,14,"QUESTION: Could you please provide more information on the specific AI-powered solutions implemented by Globex University to enhance knowledge sharing and retrieval efforts, as mentioned in the previo",5,corpus_4c1078ca06ee,0.534,,33042a3e-5e8e-4375-b964-0fe2252e504c,legal
0001,0001_general_small_case_729,case_72932afe74,general_small,1,"Question: Could you explain how Supply Chain Visibility was improved in the Case Study 5 mentioned earlier, and what specific challenges were faced during the implementation of the mentorship program?",1,corpus_bfb5893d8e2e,0.577,,33042a3e-5e8e-4375-b964-0fe2252e504c,legal
0001,0001_general_small_case_729,case_72932afe74,general_small,1,"Question: Could you explain how Supply Chain Visibility was improved in the Case Study 5 mentioned earlier, and what specific challenges were faced during the implementation of the mentorship program?",2,corpus_06d2f890debb,0.5425,,af4b9da3-16de-4510-a1cb-2a32e101c884,healthcare
0001,0001_general_small_case_729,case_72932afe74,general_small,1,"Question: Could you explain how Supply Chain Visibility was improved in the Case Study 5 mentioned earlier, and what specific challenges were faced during the implementation of the mentorship program?",3,corpus_3e694f444105,0.528,,33042a3e-5e8e-4375-b964-0fe2252e504c,legal
0001,0001_general_small_case_729,case_72932afe74,general_small,1,"Question: Could you explain how Supply Chain Visibility was improved in the Case Study 5 mentioned earlier, and what specific challenges were faced during the implementation of the mentorship program?",4,corpus_e4dc30162f1d,0.5208,,33042a3e-5e8e-4375-b964-0fe2252e504c,legal
0001,0001_general_small_case_729,case_72932afe74,general_small,1,"Question: Could you explain how Supply Chain Visibility was improved in the Case Study 5 mentioned earlier, and what specific challenges were faced during the implementation of the mentorship program?",5,corpus_ffeba521fab1,0.5189,,33042a3e-5e8e-4375-b964-0fe2252e504c,legal
0001,0001_general_small_case_729,case_72932afe74,general_small,2,"Question: Could you provide an example of a case study that demonstrates a significant project, technical change, or operational chaullenge faced by your team, and how you responded to it?",1,corpus_70bfa6961025,0.6632,,af4b9da3-16de-4510-a1cb-2a32e101c884,healthcare
0001,0001_general_small_case_729,case_72932afe74,general_small,2,"Question: Could you provide an example of a case study that demonstrates a significant project, technical change, or operational chaullenge faced by your team, and how you responded to it?",2,corpus_3e694f444105,0.6248,,33042a3e-5e8e-4375-b964-0fe2252e504c,legal
0001,0001_general_small_case_729,case_72932afe74,general_small,2,"Question: Could you provide an example of a case study that demonstrates a significant project, technical change, or operational chaullenge faced by your team, and how you responded to it?",3,corpus_4d1e0dc0de5a,0.6219,,33042a3e-5e8e-4375-b964-0fe2252e504c,legal
0001,0001_general_small_case_729,case_72932afe74,general_small,2,"Question: Could you provide an example of a case study that demonstrates a significant project, technical change, or operational chaullenge faced by your team, and how you responded to it?",4,corpus_90ca70ad5555,0.5947,,33042a3e-5e8e-4375-b964-0fe2252e504c,legal
0001,0001_general_small_case_729,case_72932afe74,general_small,2,"Question: Could you provide an example of a case study that demonstrates a significant project, technical change, or operational chaullenge faced by your team, and how you responded to it?",5,corpus_d80f614a69a6,0.5811,,33042a3e-5e8e-4375-b964-0fe2252e504c,legal
0001,0001_general_small_case_729,case_72932afe74,general_small,3,Could you tell me more about domain area?,1,corpus_90ca70ad5555,0.5461,,33042a3e-5e8e-4375-b964-0fe2252e504c,legal
0001,0001_general_small_case_729,case_72932afe74,general_small,3,Could you tell me more about domain area?,2,corpus_9d5e2ec4aecd,0.5407,,e23add42-dc9f-4b46-aa21-ac722ae16c36,retail
0001,0001_general_small_case_729,case_72932afe74,general_small,3,Could you tell me more about domain area?,3,corpus_9bf0a0dbce6d,0.5322,,33042a3e-5e8e-4375-b964-0fe2252e504c,legal
0001,0001_general_small_case_729,case_72932afe74,general_small,3,Could you tell me more about domain area?,4,corpus_7f283b2eb59f,0.5189,,33042a3e-5e8e-4375-b964-0fe2252e504c,legal
0001,0001_general_small_case_729,case_72932afe74,general_small,3,Could you tell me more about domain area?,5,corpus_4b47604ce9b7,0.518,,33042a3e-5e8e-4375-b964-0fe2252e504c,legal
0001,0001_general_small_case_729,case_72932afe74,general_small,4,"Question: Could you provide an example of a case study that demonstrates how the implementation of mentorship programs improved the company's supply chain visibility, and how the program addressed spe",1,corpus_6ba9cedfd395,0.5553,,33042a3e-5e8e-4375-b964-0fe2252e504c,legal
0001,0001_general_small_case_729,case_72932afe74,general_small,4,"Question: Could you provide an example of a case study that demonstrates how the implementation of mentorship programs improved the company's supply chain visibility, and how the program addressed spe",2,corpus_ffeba521fab1,0.5488,,33042a3e-5e8e-4375-b964-0fe2252e504c,legal
0001,0001_general_small_case_729,case_72932afe74,general_small,4,"Question: Could you provide an example of a case study that demonstrates how the implementation of mentorship programs improved the company's supply chain visibility, and how the program addressed spe",3,corpus_bfb5893d8e2e,0.5339,,33042a3e-5e8e-4375-b964-0fe2252e504c,legal
0001,0001_general_small_case_729,case_72932afe74,general_small,4,"Question: Could you provide an example of a case study that demonstrates how the implementation of mentorship programs improved the company's supply chain visibility, and how the program addressed spe",4,corpus_e18a0723143e,0.5257,,33042a3e-5e8e-4375-b964-0fe2252e504c,legal
0001,0001_general_small_case_729,case_72932afe74,general_small,4,"Question: Could you provide an example of a case study that demonstrates how the implementation of mentorship programs improved the company's supply chain visibility, and how the program addressed spe",5,corpus_70bfa6961025,0.5229,,af4b9da3-16de-4510-a1cb-2a32e101c884,healthcare
0001,0001_general_small_case_729,case_72932afe74,general_small,5,Question: Could you provide an example of a case study that demonstrates how mentorship programs were used to address specific chaleznees during the implementation process of the company's supply chai,1,corpus_6ba9cedfd395,0.5553,,33042a3e-5e8e-4375-b964-0fe2252e504c,legal
0001,0001_general_small_case_729,case_72932afe74,general_small,5,Question: Could you provide an example of a case study that demonstrates how mentorship programs were used to address specific chaleznees during the implementation process of the company's supply chai,2,corpus_ffeba521fab1,0.5488,,33042a3e-5e8e-4375-b964-0fe2252e504c,legal
0001,0001_general_small_case_729,case_72932afe74,general_small,5,Question: Could you provide an example of a case study that demonstrates how mentorship programs were used to address specific chaleznees during the implementation process of the company's supply chai,3,corpus_bfb5893d8e2e,0.5339,,33042a3e-5e8e-4375-b964-0fe2252e504c,legal
0001,0001_general_small_case_729,case_72932afe74,general_small,5,Question: Could you provide an example of a case study that demonstrates how mentorship programs were used to address specific chaleznees during the implementation process of the company's supply chai,4,corpus_e18a0723143e,0.5257,,33042a3e-5e8e-4375-b964-0fe2252e504c,legal
0001,0001_general_small_case_729,case_72932afe74,general_small,5,Question: Could you provide an example of a case study that demonstrates how mentorship programs were used to address specific chaleznees during the implementation process of the company's supply chai,5,corpus_70bfa6961025,0.5229,,af4b9da3-16de-4510-a1cb-2a32e101c884,healthcare
0001,0001_general_small_case_729,case_72932afe74,general_small,6,Could you tell me more about domain area?,1,corpus_90ca70ad5555,0.5461,,33042a3e-5e8e-4375-b964-0fe2252e504c,legal
0001,0001_general_small_case_729,case_72932afe74,general_small,6,Could you tell me more about domain area?,2,corpus_9d5e2ec4aecd,0.5407,,e23add42-dc9f-4b46-aa21-ac722ae16c36,retail
0001,0001_general_small_case_729,case_72932afe74,general_small,6,Could you tell me more about domain area?,3,corpus_9bf0a0dbce6d,0.5322,,33042a3e-5e8e-4375-b964-0fe2252e504c,legal
0001,0001_general_small_case_729,case_72932afe74,general_small,6,Could you tell me more about domain area?,4,corpus_7f283b2eb59f,0.5189,,33042a3e-5e8e-4375-b964-0fe2252e504c,legal
0001,0001_general_small_case_729,case_72932afe74,general_small,6,Could you tell me more about domain area?,5,corpus_4b47604ce9b7,0.518,,33042a3e-5e8e-4375-b964-0fe2252e504c,legal
0001,0001_general_small_case_729,case_72932afe74,general_small,7,Question: Could you provide an example of a case study that demonstrates how mentorship programs were used to address specific chaleznees during the implementation process of the company's supply chai,1,corpus_6ba9cedfd395,0.5553,,33042a3e-5e8e-4375-b964-0fe2252e504c,legal
0001,0001_general_small_case_729,case_72932afe74,general_small,7,Question: Could you provide an example of a case study that demonstrates how mentorship programs were used to address specific chaleznees during the implementation process of the company's supply chai,2,corpus_ffeba521fab1,0.5488,,33042a3e-5e8e-4375-b964-0fe2252e504c,legal
0001,0001_general_small_case_729,case_72932afe74,general_small,7,Question: Could you provide an example of a case study that demonstrates how mentorship programs were used to address specific chaleznees during the implementation process of the company's supply chai,3,corpus_bfb5893d8e2e,0.5339,,33042a3e-5e8e-4375-b964-0fe2252e504c,legal
0001,0001_general_small_case_729,case_72932afe74,general_small,7,Question: Could you provide an example of a case study that demonstrates how mentorship programs were used to address specific chaleznees during the implementation process of the company's supply chai,4,corpus_e18a0723143e,0.5257,,33042a3e-5e8e-4375-b964-0fe2252e504c,legal
0001,0001_general_small_case_729,case_72932afe74,general_small,7,Question: Could you provide an example of a case study that demonstrates how mentorship programs were used to address specific chaleznees during the implementation process of the company's supply chai,5,corpus_70bfa6961025,0.5229,,af4b9da3-16de-4510-a1cb-2a32e101c884,healthcare
0001,0001_general_small_case_729,case_72932afe74,general_small,8,Question: Could you tell me more about the specific challenges faced during the implementation of mentorship programs and how they were addressed?,1,corpus_7dd4c34c90bc,0.5528,,33042a3e-5e8e-4375-b964-0fe2252e504c,legal
0001,0001_general_small_case_729,case_72932afe74,general_small,8,Question: Could you tell me more about the specific challenges faced during the implementation of mentorship programs and how they were addressed?,2,corpus_7f283b2eb59f,0.541,,33042a3e-5e8e-4375-b964-0fe2252e504c,legal
0001,0001_general_small_case_729,case_72932afe74,general_small,8,Question: Could you tell me more about the specific challenges faced during the implementation of mentorship programs and how they were addressed?,3,corpus_fe3584178481,0.5348,,33042a3e-5e8e-4375-b964-0fe2252e504c,legal
0001,0001_general_small_case_729,case_72932afe74,general_small,8,Question: Could you tell me more about the specific challenges faced during the implementation of mentorship programs and how they were addressed?,4,corpus_275389ac844a,0.5321,,33042a3e-5e8e-4375-b964-0fe2252e504c,legal
0001,0001_general_small_case_729,case_72932afe74,general_small,8,Question: Could you tell me more about the specific challenges faced during the implementation of mentorship programs and how they were addressed?,5,corpus_1e31124f7ccd,0.5303,,33042a3e-5e8e-4375-b964-0fe2252e504c,legal
0001,0001_general_small_case_729,case_72932afe74,general_small,9,QUESTION: Could you provide an example of a case study that demonstrate(s) how mentorship programs were used to address specific chaleznees during the implementation process of the company's supply ch,1,corpus_6ba9cedfd395,0.5553,,33042a3e-5e8e-4375-b964-0fe2252e504c,legal
0001,0001_general_small_case_729,case_72932afe74,general_small,9,QUESTION: Could you provide an example of a case study that demonstrate(s) how mentorship programs were used to address specific chaleznees during the implementation process of the company's supply ch,2,corpus_ffeba521fab1,0.5488,,33042a3e-5e8e-4375-b964-0fe2252e504c,legal
0001,0001_general_small_case_729,case_72932afe74,general_small,9,QUESTION: Could you provide an example of a case study that demonstrate(s) how mentorship programs were used to address specific chaleznees during the implementation process of the company's supply ch,3,corpus_bfb5893d8e2e,0.5339,,33042a3e-5e8e-4375-b964-0fe2252e504c,legal
0001,0001_general_small_case_729,case_72932afe74,general_small,9,QUESTION: Could you provide an example of a case study that demonstrate(s) how mentorship programs were used to address specific chaleznees during the implementation process of the company's supply ch,4,corpus_e18a0723143e,0.5257,,33042a3e-5e8e-4375-b964-0fe2252e504c,legal
0001,0001_general_small_case_729,case_72932afe74,general_small,9,QUESTION: Could you provide an example of a case study that demonstrate(s) how mentorship programs were used to address specific chaleznees during the implementation process of the company's supply ch,5,corpus_70bfa6961025,0.5229,,af4b9da3-16de-4510-a1cb-2a32e101c884,healthcare
0001,0001_general_small_case_729,case_72932afe74,general_small,10,Question: Could you provide an example of a case study that demonstrate(s) how mentorship programs were used to address specific chaleznees during the implementation of the company's supply chain visi,1,corpus_6ba9cedfd395,0.5553,,33042a3e-5e8e-4375-b964-0fe2252e504c,legal
0001,0001_general_small_case_729,case_72932afe74,general_small,10,Question: Could you provide an example of a case study that demonstrate(s) how mentorship programs were used to address specific chaleznees during the implementation of the company's supply chain visi,2,corpus_ffeba521fab1,0.5488,,33042a3e-5e8e-4375-b964-0fe2252e504c,legal
0001,0001_general_small_case_729,case_72932afe74,general_small,10,Question: Could you provide an example of a case study that demonstrate(s) how mentorship programs were used to address specific chaleznees during the implementation of the company's supply chain visi,3,corpus_bfb5893d8e2e,0.5339,,33042a3e-5e8e-4375-b964-0fe2252e504c,legal
0001,0001_general_small_case_729,case_72932afe74,general_small,10,Question: Could you provide an example of a case study that demonstrate(s) how mentorship programs were used to address specific chaleznees during the implementation of the company's supply chain visi,4,corpus_e18a0723143e,0.5257,,33042a3e-5e8e-4375-b964-0fe2252e504c,legal
0001,0001_general_small_case_729,case_72932afe74,general_small,10,Question: Could you provide an example of a case study that demonstrate(s) how mentorship programs were used to address specific chaleznees during the implementation of the company's supply chain visi,5,corpus_70bfa6961025,0.5229,,af4b9da3-16de-4510-a1cb-2a32e101c884,healthcare
0001,0001_general_small_case_729,case_72932afe74,general_small,11,QUESTION: Could you provide an example of a case study that demonstrate(s) how mentorship programs were used to address specific chaleznees during the implementation of the company's supply chain visi,1,corpus_6ba9cedfd395,0.5553,,33042a3e-5e8e-4375-b964-0fe2252e504c,legal
0001,0001_general_small_case_729,case_72932afe74,general_small,11,QUESTION: Could you provide an example of a case study that demonstrate(s) how mentorship programs were used to address specific chaleznees during the implementation of the company's supply chain visi,2,corpus_ffeba521fab1,0.5488,,33042a3e-5e8e-4375-b964-0fe2252e504c,legal
0001,0001_general_small_case_729,case_72932afe74,general_small,11,QUESTION: Could you provide an example of a case study that demonstrate(s) how mentorship programs were used to address specific chaleznees during the implementation of the company's supply chain visi,3,corpus_bfb5893d8e2e,0.5339,,33042a3e-5e8e-4375-b964-0fe2252e504c,legal
0001,0001_general_small_case_729,case_72932afe74,general_small,11,QUESTION: Could you provide an example of a case study that demonstrate(s) how mentorship programs were used to address specific chaleznees during the implementation of the company's supply chain visi,4,corpus_e18a0723143e,0.5257,,33042a3e-5e8e-4375-b964-0fe2252e504c,legal
0001,0001_general_small_case_729,case_72932afe74,general_small,11,QUESTION: Could you provide an example of a case study that demonstrate(s) how mentorship programs were used to address specific chaleznees during the implementation of the company's supply chain visi,5,corpus_70bfa6961025,0.5229,,af4b9da3-16de-4510-a1cb-2a32e101c884,healthcare
0001,0001_general_small_case_729,case_72932afe74,general_small,12,Could you tell me more about domain area?,1,corpus_90ca70ad5555,0.5461,,33042a3e-5e8e-4375-b964-0fe2252e504c,legal
0001,0001_general_small_case_729,case_72932afe74,general_small,12,Could you tell me more about domain area?,2,corpus_9d5e2ec4aecd,0.5407,,e23add42-dc9f-4b46-aa21-ac722ae16c36,retail
0001,0001_general_small_case_729,case_72932afe74,general_small,12,Could you tell me more about domain area?,3,corpus_9bf0a0dbce6d,0.5322,,33042a3e-5e8e-4375-b964-0fe2252e504c,legal
0001,0001_general_small_case_729,case_72932afe74,general_small,12,Could you tell me more about domain area?,4,corpus_7f283b2eb59f,0.5189,,33042a3e-5e8e-4375-b964-0fe2252e504c,legal
0001,0001_general_small_case_729,case_72932afe74,general_small,12,Could you tell me more about domain area?,5,corpus_4b47604ce9b7,0.518,,33042a3e-5e8e-4375-b964-0fe2252e504c,legal
0001,0001_general_small_case_729,case_72932afe74,general_small,13,Question: Could you provide an example of a case study that demonstrates how mentorship programs were used to address specific chaleznees during the implementation of the company's supply chain visibi,1,corpus_6ba9cedfd395,0.5553,,33042a3e-5e8e-4375-b964-0fe2252e504c,legal
0001,0001_general_small_case_729,case_72932afe74,general_small,13,Question: Could you provide an example of a case study that demonstrates how mentorship programs were used to address specific chaleznees during the implementation of the company's supply chain visibi,2,corpus_ffeba521fab1,0.5488,,33042a3e-5e8e-4375-b964-0fe2252e504c,legal
0001,0001_general_small_case_729,case_72932afe74,general_small,13,Question: Could you provide an example of a case study that demonstrates how mentorship programs were used to address specific chaleznees during the implementation of the company's supply chain visibi,3,corpus_bfb5893d8e2e,0.5339,,33042a3e-5e8e-4375-b964-0fe2252e504c,legal
0001,0001_general_small_case_729,case_72932afe74,general_small,13,Question: Could you provide an example of a case study that demonstrates how mentorship programs were used to address specific chaleznees during the implementation of the company's supply chain visibi,4,corpus_e18a0723143e,0.5257,,33042a3e-5e8e-4375-b964-0fe2252e504c,legal
0001,0001_general_small_case_729,case_72932afe74,general_small,13,Question: Could you provide an example of a case study that demonstrates how mentorship programs were used to address specific chaleznees during the implementation of the company's supply chain visibi,5,corpus_70bfa6961025,0.5229,,af4b9da3-16de-4510-a1cb-2a32e101c884,healthcare
0001,0001_general_small_case_729,case_72932afe74,general_small,14,Could you tell me more about domain area?,1,corpus_6ba9cedfd395,0.5553,,33042a3e-5e8e-4375-b964-0fe2252e504c,legal
0001,0001_general_small_case_729,case_72932afe74,general_small,14,Could you tell me more about domain area?,2,corpus_ffeba521fab1,0.5488,,33042a3e-5e8e-4375-b964-0fe2252e504c,legal
0001,0001_general_small_case_729,case_72932afe74,general_small,14,Could you tell me more about domain area?,3,corpus_bfb5893d8e2e,0.5339,,33042a3e-5e8e-4375-b964-0fe2252e504c,legal
0001,0001_general_small_case_729,case_72932afe74,general_small,14,Could you tell me more about domain area?,4,corpus_e18a0723143e,0.5257,,33042a3e-5e8e-4375-b964-0fe2252e504c,legal
0001,0001_general_small_case_729,case_72932afe74,general_small,14,Could you tell me more about domain area?,5,corpus_70bfa6961025,0.5229,,af4b9da3-16de-4510-a1cb-2a32e101c884,healthcare
0001,0001_general_small_case_8b2,case_8b29225c97,general_small,1,"Question: Could you describe the process and challenges of implementing a centralized, secure knowledge repository within Confluence and integrated with a robust customer relationship management (CRM)",1,corpus_2baf82713a47,0.6669,,33042a3e-5e8e-4375-b964-0fe2252e504c,legal
0001,0001_general_small_case_8b2,case_8b29225c97,general_small,1,"Question: Could you describe the process and challenges of implementing a centralized, secure knowledge repository within Confluence and integrated with a robust customer relationship management (CRM)",2,corpus_c523ef0cdd39,0.6554,,33042a3e-5e8e-4375-b964-0fe2252e504c,legal
0001,0001_general_small_case_8b2,case_8b29225c97,general_small,1,"Question: Could you describe the process and challenges of implementing a centralized, secure knowledge repository within Confluence and integrated with a robust customer relationship management (CRM)",3,corpus_e634e990f73f,0.6482,,33042a3e-5e8e-4375-b964-0fe2252e504c,legal
0001,0001_general_small_case_8b2,case_8b29225c97,general_small,1,"Question: Could you describe the process and challenges of implementing a centralized, secure knowledge repository within Confluence and integrated with a robust customer relationship management (CRM)",4,corpus_0e194da4092c,0.6449,,33042a3e-5e8e-4375-b964-0fe2252e504c,legal
0001,0001_general_small_case_8b2,case_8b29225c97,general_small,1,"Question: Could you describe the process and challenges of implementing a centralized, secure knowledge repository within Confluence and integrated with a robust customer relationship management (CRM)",5,corpus_4c1078ca06ee,0.6411,,33042a3e-5e8e-4375-b964-0fe2252e504c,legal
0001,0001_general_small_case_8b2,case_8b29225c97,general_small,2,"Question: Could you describe the process and challenges of implementing a centralized, secure knowledge repository within Asana and integrated with a robust customer relationship management (CRM) syst",1,corpus_e634e990f73f,0.6807,,33042a3e-5e8e-4375-b964-0fe2252e504c,legal
0001,0001_general_small_case_8b2,case_8b29225c97,general_small,2,"Question: Could you describe the process and challenges of implementing a centralized, secure knowledge repository within Asana and integrated with a robust customer relationship management (CRM) syst",2,corpus_c523ef0cdd39,0.674,,33042a3e-5e8e-4375-b964-0fe2252e504c,legal
0001,0001_general_small_case_8b2,case_8b29225c97,general_small,2,"Question: Could you describe the process and challenges of implementing a centralized, secure knowledge repository within Asana and integrated with a robust customer relationship management (CRM) syst",3,corpus_2baf82713a47,0.6549,,33042a3e-5e8e-4375-b964-0fe2252e504c,legal
0001,0001_general_small_case_8b2,case_8b29225c97,general_small,2,"Question: Could you describe the process and challenges of implementing a centralized, secure knowledge repository within Asana and integrated with a robust customer relationship management (CRM) syst",4,corpus_4c1078ca06ee,0.6467,,33042a3e-5e8e-4375-b964-0fe2252e504c,legal
0001,0001_general_small_case_8b2,case_8b29225c97,general_small,2,"Question: Could you describe the process and challenges of implementing a centralized, secure knowledge repository within Asana and integrated with a robust customer relationship management (CRM) syst",5,corpus_a6373c55c27b,0.627,,33042a3e-5e8e-4375-b964-0fe2252e504c,legal
0001,0001_general_small_case_8b2,case_8b29225c97,general_small,3,Could you tell me more about domain area?,1,corpus_aac24ae0a7b4,0.5717,,33042a3e-5e8e-4375-b964-0fe2252e504c,legal
0001,0001_general_small_case_8b2,case_8b29225c97,general_small,3,Could you tell me more about domain area?,2,corpus_3e160cb0a1d2,0.5649,,33042a3e-5e8e-4375-b964-0fe2252e504c,legal
0001,0001_general_small_case_8b2,case_8b29225c97,general_small,3,Could you tell me more about domain area?,3,corpus_e634e990f73f,0.5647,,33042a3e-5e8e-4375-b964-0fe2252e504c,legal
0001,0001_general_small_case_8b2,case_8b29225c97,general_small,3,Could you tell me more about domain area?,4,corpus_d29ad5e339af,0.5512,,33042a3e-5e8e-4375-b964-0fe2252e504c,legal
0001,0001_general_small_case_8b2,case_8b29225c97,general_small,3,Could you tell me more about domain area?,5,corpus_611c7d18c7d3,0.5509,,33042a3e-5e8e-4375-b964-0fe2252e504c,legal
0001,0001_general_small_case_8b2,case_8b29225c97,general_small,4,"Question: Could you describe the process and challenges of implementing a centralized, secure knowledge repository within Confluence and integrated with a robust customer relationship management (CRM)",1,corpus_2baf82713a47,0.6669,,33042a3e-5e8e-4375-b964-0fe2252e504c,legal
0001,0001_general_small_case_8b2,case_8b29225c97,general_small,4,"Question: Could you describe the process and challenges of implementing a centralized, secure knowledge repository within Confluence and integrated with a robust customer relationship management (CRM)",2,corpus_c523ef0cdd39,0.6554,,33042a3e-5e8e-4375-b964-0fe2252e504c,legal
0001,0001_general_small_case_8b2,case_8b29225c97,general_small,4,"Question: Could you describe the process and challenges of implementing a centralized, secure knowledge repository within Confluence and integrated with a robust customer relationship management (CRM)",3,corpus_e634e990f73f,0.6482,,33042a3e-5e8e-4375-b964-0fe2252e504c,legal
0001,0001_general_small_case_8b2,case_8b29225c97,general_small,4,"Question: Could you describe the process and challenges of implementing a centralized, secure knowledge repository within Confluence and integrated with a robust customer relationship management (CRM)",4,corpus_0e194da4092c,0.6449,,33042a3e-5e8e-4375-b964-0fe2252e504c,legal
0001,0001_general_small_case_8b2,case_8b29225c97,general_small,4,"Question: Could you describe the process and challenges of implementing a centralized, secure knowledge repository within Confluence and integrated with a robust customer relationship management (CRM)",5,corpus_4c1078ca06ee,0.6411,,33042a3e-5e8e-4375-b964-0fe2252e504c,legal
0001,0001_general_small_case_8b2,case_8b29225c97,general_small,5,Question: Could you provide more details on how the integrated EKM system helped improve the organization's knowledge sharing and retrieval efforts?,1,corpus_93b6b75d8e81,0.6354,,33042a3e-5e8e-4375-b964-0fe2252e504c,legal
0001,0001_general_small_case_8b2,case_8b29225c97,general_small,5,Question: Could you provide more details on how the integrated EKM system helped improve the organization's knowledge sharing and retrieval efforts?,2,corpus_e634e990f73f,0.6324,,33042a3e-5e8e-4375-b964-0fe2252e504c,legal
0001,0001_general_small_case_8b2,case_8b29225c97,general_small,5,Question: Could you provide more details on how the integrated EKM system helped improve the organization's knowledge sharing and retrieval efforts?,3,corpus_b28a48c34168,0.6058,,33042a3e-5e8e-4375-b964-0fe2252e504c,legal
0001,0001_general_small_case_8b2,case_8b29225c97,general_small,5,Question: Could you provide more details on how the integrated EKM system helped improve the organization's knowledge sharing and retrieval efforts?,4,corpus_ac167edc04d3,0.5766,,33042a3e-5e8e-4375-b964-0fe2252e504c,legal
0001,0001_general_small_case_8b2,case_8b29225c97,general_small,5,Question: Could you provide more details on how the integrated EKM system helped improve the organization's knowledge sharing and retrieval efforts?,5,corpus_4c1078ca06ee,0.5735,,33042a3e-5e8e-4375-b964-0fe2252e504c,legal
0001,0001_general_small_case_8b2,case_8b29225c97,general_small,6,Could you tell me more about domain area?,1,corpus_aac24ae0a7b4,0.5717,,33042a3e-5e8e-4375-b964-0fe2252e504c,legal
0001,0001_general_small_case_8b2,case_8b29225c97,general_small,6,Could you tell me more about domain area?,2,corpus_3e160cb0a1d2,0.5649,,33042a3e-5e8e-4375-b964-0fe2252e504c,legal
0001,0001_general_small_case_8b2,case_8b29225c97,general_small,6,Could you tell me more about domain area?,3,corpus_e634e990f73f,0.5647,,33042a3e-5e8e-4375-b964-0fe2252e504c,legal
0001,0001_general_small_case_8b2,case_8b29225c97,general_small,6,Could you tell me more about domain area?,4,corpus_d29ad5e339af,0.5512,,33042a3e-5e8e-4375-b964-0fe2252e504c,legal
0001,0001_general_small_case_8b2,case_8b29225c97,general_small,6,Could you tell me more about domain area?,5,corpus_611c7d18c7d3,0.5509,,33042a3e-5e8e-4375-b964-0fe2252e504c,legal
0001,0001_general_small_case_8b2,case_8b29225c97,general_small,7,"Question: Could you provide more details on how the integrated EKM system helped improve the organization's knowledge sharing and retrieval efforts, as mentioned in the previous conversation?",1,corpus_93b6b75d8e81,0.6613,,33042a3e-5e8e-4375-b964-0fe2252e504c,legal
0001,0001_general_small_case_8b2,case_8b29225c97,general_small,7,"Question: Could you provide more details on how the integrated EKM system helped improve the organization's knowledge sharing and retrieval efforts, as mentioned in the previous conversation?",2,corpus_e634e990f73f,0.6433,,33042a3e-5e8e-4375-b964-0fe2252e504c,legal
0001,0001_general_small_case_8b2,case_8b29225c97,general_small,7,"Question: Could you provide more details on how the integrated EKM system helped improve the organization's knowledge sharing and retrieval efforts, as mentioned in the previous conversation?",3,corpus_c523ef0cdd39,0.6047,,33042a3e-5e8e-4375-b964-0fe2252e504c,legal
0001,0001_general_small_case_8b2,case_8b29225c97,general_small,7,"Question: Could you provide more details on how the integrated EKM system helped improve the organization's knowledge sharing and retrieval efforts, as mentioned in the previous conversation?",4,corpus_b28a48c34168,0.6015,,33042a3e-5e8e-4375-b964-0fe2252e504c,legal
0001,0001_general_small_case_8b2,case_8b29225c97,general_small,7,"Question: Could you provide more details on how the integrated EKM system helped improve the organization's knowledge sharing and retrieval efforts, as mentioned in the previous conversation?",5,corpus_2d8c4747a942,0.5986,,33042a3e-5e8e-4375-b964-0fe2252e504c,legal
0001,0001_general_small_case_8b2,case_8b29225c97,general_small,8,"Question: Could you explain how the integrated EKM system helped improve the organization's knowledge sharing and retrieval efforts, as mentioned in the previous conversation?",1,corpus_93b6b75d8e81,0.6613,,33042a3e-5e8e-4375-b964-0fe2252e504c,legal
0001,0001_general_small_case_8b2,case_8b29225c97,general_small,8,"Question: Could you explain how the integrated EKM system helped improve the organization's knowledge sharing and retrieval efforts, as mentioned in the previous conversation?",2,corpus_e634e990f73f,0.6433,,33042a3e-5e8e-4375-b964-0fe2252e504c,legal
0001,0001_general_small_case_8b2,case_8b29225c97,general_small,8,"Question: Could you explain how the integrated EKM system helped improve the organization's knowledge sharing and retrieval efforts, as mentioned in the previous conversation?",3,corpus_c523ef0cdd39,0.6047,,33042a3e-5e8e-4375-b964-0fe2252e504c,legal
0001,0001_general_small_case_8b2,case_8b29225c97,general_small,8,"Question: Could you explain how the integrated EKM system helped improve the organization's knowledge sharing and retrieval efforts, as mentioned in the previous conversation?",4,corpus_b28a48c34168,0.6015,,33042a3e-5e8e-4375-b964-0fe2252e504c,legal
0001,0001_general_small_case_8b2,case_8b29225c97,general_small,8,"Question: Could you explain how the integrated EKM system helped improve the organization's knowledge sharing and retrieval efforts, as mentioned in the previous conversation?",5,corpus_2d8c4747a942,0.5986,,33042a3e-5e8e-4375-b964-0fe2252e504c,legal
0001,0001_general_small_case_8b2,case_8b29225c97,general_small,9,"Question: Could you provide more details on how the integrated EKM system helped improve the organization's knowledge sharing and retrieval efforts, as mentioned in the previous conversation?",1,corpus_93b6b75d8e81,0.6613,,33042a3e-5e8e-4375-b964-0fe2252e504c,legal
0001,0001_general_small_case_8b2,case_8b29225c97,general_small,9,"Question: Could you provide more details on how the integrated EKM system helped improve the organization's knowledge sharing and retrieval efforts, as mentioned in the previous conversation?",2,corpus_e634e990f73f,0.6433,,33042a3e-5e8e-4375-b964-0fe2252e504c,legal
0001,0001_general_small_case_8b2,case_8b29225c97,general_small,9,"Question: Could you provide more details on how the integrated EKM system helped improve the organization's knowledge sharing and retrieval efforts, as mentioned in the previous conversation?",3,corpus_c523ef0cdd39,0.6047,,33042a3e-5e8e-4375-b964-0fe2252e504c,legal
0001,0001_general_small_case_8b2,case_8b29225c97,general_small,9,"Question: Could you provide more details on how the integrated EKM system helped improve the organization's knowledge sharing and retrieval efforts, as mentioned in the previous conversation?",4,corpus_b28a48c34168,0.6015,,33042a3e-5e8e-4375-b964-0fe2252e504c,legal
0001,0001_general_small_case_8b2,case_8b29225c97,general_small,9,"Question: Could you provide more details on how the integrated EKM system helped improve the organization's knowledge sharing and retrieval efforts, as mentioned in the previous conversation?",5,corpus_2d8c4747a942,0.5986,,33042a3e-5e8e-4375-b964-0fe2252e504c,legal
0001,0001_general_small_case_8b2,case_8b29225c97,general_small,10,"Question: Could you provide more details on the specific AI-powered solutions implemented by Globex University to enhance knowledge sharing and retrieval efforts, as mentioned in the previous conversa",1,corpus_93b6b75d8e81,0.6124,,33042a3e-5e8e-4375-b964-0fe2252e504c,legal
0001,0001_general_small_case_8b2,case_8b29225c97,general_small,10,"Question: Could you provide more details on the specific AI-powered solutions implemented by Globex University to enhance knowledge sharing and retrieval efforts, as mentioned in the previous conversa",2,corpus_ac167edc04d3,0.5635,,33042a3e-5e8e-4375-b964-0fe2252e504c,legal
0001,0001_general_small_case_8b2,case_8b29225c97,general_small,10,"Question: Could you provide more details on the specific AI-powered solutions implemented by Globex University to enhance knowledge sharing and retrieval efforts, as mentioned in the previous conversa",3,corpus_b28a48c34168,0.559,,33042a3e-5e8e-4375-b964-0fe2252e504c,legal
0001,0001_general_small_case_8b2,case_8b29225c97,general_small,10,"Question: Could you provide more details on the specific AI-powered solutions implemented by Globex University to enhance knowledge sharing and retrieval efforts, as mentioned in the previous conversa",4,corpus_e634e990f73f,0.5586,,33042a3e-5e8e-4375-b964-0fe2252e504c,legal
0001,0001_general_small_case_8b2,case_8b29225c97,general_small,10,"Question: Could you provide more details on the specific AI-powered solutions implemented by Globex University to enhance knowledge sharing and retrieval efforts, as mentioned in the previous conversa",5,corpus_4c1078ca06ee,0.534,,33042a3e-5e8e-4375-b964-0fe2252e504c,legal
0001,0001_general_small_case_8b2,case_8b29225c97,general_small,11,"Question: Could you provide more information on the specific AI-powered solutions implemented by Globex University to enhance knowledge sharing and retrieval efforts, as mentioned in the previous conv",1,corpus_93b6b75d8e81,0.6124,,33042a3e-5e8e-4375-b964-0fe2252e504c,legal
0001,0001_general_small_case_8b2,case_8b29225c97,general_small,11,"Question: Could you provide more information on the specific AI-powered solutions implemented by Globex University to enhance knowledge sharing and retrieval efforts, as mentioned in the previous conv",2,corpus_ac167edc04d3,0.5635,,33042a3e-5e8e-4375-b964-0fe2252e504c,legal
0001,0001_general_small_case_8b2,case_8b29225c97,general_small,11,"Question: Could you provide more information on the specific AI-powered solutions implemented by Globex University to enhance knowledge sharing and retrieval efforts, as mentioned in the previous conv",3,corpus_b28a48c34168,0.559,,33042a3e-5e8e-4375-b964-0fe2252e504c,legal
0001,0001_general_small_case_8b2,case_8b29225c97,general_small,11,"Question: Could you provide more information on the specific AI-powered solutions implemented by Globex University to enhance knowledge sharing and retrieval efforts, as mentioned in the previous conv",4,corpus_e634e990f73f,0.5586,,33042a3e-5e8e-4375-b964-0fe2252e504c,legal
0001,0001_general_small_case_8b2,case_8b29225c97,general_small,11,"Question: Could you provide more information on the specific AI-powered solutions implemented by Globex University to enhance knowledge sharing and retrieval efforts, as mentioned in the previous conv",5,corpus_4c1078ca06ee,0.534,,33042a3e-5e8e-4375-b964-0fe2252e504c,legal
0001,0001_general_small_case_8b2,case_8b29225c97,general_small,12,"Question: Could you provide more information on the specific AI-powered solutions implemented by Globex University to enhance knowledge sharing and retrieval efforts, as mentioned in the previous conv",1,corpus_93b6b75d8e81,0.6124,,33042a3e-5e8e-4375-b964-0fe2252e504c,legal
0001,0001_general_small_case_8b2,case_8b29225c97,general_small,12,"Question: Could you provide more information on the specific AI-powered solutions implemented by Globex University to enhance knowledge sharing and retrieval efforts, as mentioned in the previous conv",2,corpus_ac167edc04d3,0.5635,,33042a3e-5e8e-4375-b964-0fe2252e504c,legal
0001,0001_general_small_case_8b2,case_8b29225c97,general_small,12,"Question: Could you provide more information on the specific AI-powered solutions implemented by Globex University to enhance knowledge sharing and retrieval efforts, as mentioned in the previous conv",3,corpus_b28a48c34168,0.559,,33042a3e-5e8e-4375-b964-0fe2252e504c,legal
0001,0001_general_small_case_8b2,case_8b29225c97,general_small,12,"Question: Could you provide more information on the specific AI-powered solutions implemented by Globex University to enhance knowledge sharing and retrieval efforts, as mentioned in the previous conv",4,corpus_e634e990f73f,0.5586,,33042a3e-5e8e-4375-b964-0fe2252e504c,legal
0001,0001_general_small_case_8b2,case_8b29225c97,general_small,12,"Question: Could you provide more information on the specific AI-powered solutions implemented by Globex University to enhance knowledge sharing and retrieval efforts, as mentioned in the previous conv",5,corpus_4c1078ca06ee,0.534,,33042a3e-5e8e-4375-b964-0fe2252e504c,legal
0001,0001_general_small_case_8b2,case_8b29225c97,general_small,13,"Question: Could you provide more details on the specific AI-powered solutions implemented by Globex University to enhance knowledge sharing and retrieval efforts, as mentioned in the previous conversa",1,corpus_93b6b75d8e81,0.6124,,33042a3e-5e8e-4375-b964-0fe2252e504c,legal
0001,0001_general_small_case_8b2,case_8b29225c97,general_small,13,"Question: Could you provide more details on the specific AI-powered solutions implemented by Globex University to enhance knowledge sharing and retrieval efforts, as mentioned in the previous conversa",2,corpus_ac167edc04d3,0.5635,,33042a3e-5e8e-4375-b964-0fe2252e504c,legal
0001,0001_general_small_case_8b2,case_8b29225c97,general_small,13,"Question: Could you provide more details on the specific AI-powered solutions implemented by Globex University to enhance knowledge sharing and retrieval efforts, as mentioned in the previous conversa",3,corpus_b28a48c34168,0.559,,33042a3e-5e8e-4375-b964-0fe2252e504c,legal
0001,0001_general_small_case_8b2,case_8b29225c97,general_small,13,"Question: Could you provide more details on the specific AI-powered solutions implemented by Globex University to enhance knowledge sharing and retrieval efforts, as mentioned in the previous conversa",4,corpus_e634e990f73f,0.5586,,33042a3e-5e8e-4375-b964-0fe2252e504c,legal
0001,0001_general_small_case_8b2,case_8b29225c97,general_small,13,"Question: Could you provide more details on the specific AI-powered solutions implemented by Globex University to enhance knowledge sharing and retrieval efforts, as mentioned in the previous conversa",5,corpus_4c1078ca06ee,0.534,,33042a3e-5e8e-4375-b964-0fe2252e504c,legal
0001,0001_general_small_case_8b2,case_8b29225c97,general_small,14,"QUESTION: Could you please provide more information on the specific AI-powered solutions implemented by Globex University to enhance knowledge sharing and retrieval efforts, as mentioned in the previo",1,corpus_93b6b75d8e81,0.6124,,33042a3e-5e8e-4375-b964-0fe2252e504c,legal
0001,0001_general_small_case_8b2,case_8b29225c97,general_small,14,"QUESTION: Could you please provide more information on the specific AI-powered solutions implemented by Globex University to enhance knowledge sharing and retrieval efforts, as mentioned in the previo",2,corpus_ac167edc04d3,0.5635,,33042a3e-5e8e-4375-b964-0fe2252e504c,legal
0001,0001_general_small_case_8b2,case_8b29225c97,general_small,14,"QUESTION: Could you please provide more information on the specific AI-powered solutions implemented by Globex University to enhance knowledge sharing and retrieval efforts, as mentioned in the previo",3,corpus_b28a48c34168,0.559,,33042a3e-5e8e-4375-b964-0fe2252e504c,legal
0001,0001_general_small_case_8b2,case_8b29225c97,general_small,14,"QUESTION: Could you please provide more information on the specific AI-powered solutions implemented by Globex University to enhance knowledge sharing and retrieval efforts, as mentioned in the previo",4,corpus_e634e990f73f,0.5586,,33042a3e-5e8e-4375-b964-0fe2252e504c,legal
0001,0001_general_small_case_8b2,case_8b29225c97,general_small,14,"QUESTION: Could you please provide more information on the specific AI-powered solutions implemented by Globex University to enhance knowledge sharing and retrieval efforts, as mentioned in the previo",5,corpus_4c1078ca06ee,0.534,,33042a3e-5e8e-4375-b964-0fe2252e504c,legal
0001,0001_general_small_case_729,case_72932afe74,general_small,1,"Question: Could you explain how Supply Chain Visibility was improved in the Case Study 5 mentioned earlier, and what specific challenges were faced during the implementation of the mentorship program?",1,corpus_bfb5893d8e2e,0.577,,33042a3e-5e8e-4375-b964-0fe2252e504c,legal
0001,0001_general_small_case_729,case_72932afe74,general_small,1,"Question: Could you explain how Supply Chain Visibility was improved in the Case Study 5 mentioned earlier, and what specific challenges were faced during the implementation of the mentorship program?",2,corpus_06d2f890debb,0.5425,,af4b9da3-16de-4510-a1cb-2a32e101c884,healthcare
0001,0001_general_small_case_729,case_72932afe74,general_small,1,"Question: Could you explain how Supply Chain Visibility was improved in the Case Study 5 mentioned earlier, and what specific challenges were faced during the implementation of the mentorship program?",3,corpus_3e694f444105,0.528,,33042a3e-5e8e-4375-b964-0fe2252e504c,legal
0001,0001_general_small_case_729,case_72932afe74,general_small,1,"Question: Could you explain how Supply Chain Visibility was improved in the Case Study 5 mentioned earlier, and what specific challenges were faced during the implementation of the mentorship program?",4,corpus_e4dc30162f1d,0.5208,,33042a3e-5e8e-4375-b964-0fe2252e504c,legal
0001,0001_general_small_case_729,case_72932afe74,general_small,1,"Question: Could you explain how Supply Chain Visibility was improved in the Case Study 5 mentioned earlier, and what specific challenges were faced during the implementation of the mentorship program?",5,corpus_ffeba521fab1,0.5189,,33042a3e-5e8e-4375-b964-0fe2252e504c,legal
0001,0001_general_small_case_729,case_72932afe74,general_small,2,"Question: Could you provide an example of a case study that demonstrates a significant project, technical change, or operational chaullenge faced by your team, and how you responded to it?",1,corpus_70bfa6961025,0.6632,,af4b9da3-16de-4510-a1cb-2a32e101c884,healthcare
0001,0001_general_small_case_729,case_72932afe74,general_small,2,"Question: Could you provide an example of a case study that demonstrates a significant project, technical change, or operational chaullenge faced by your team, and how you responded to it?",2,corpus_3e694f444105,0.6248,,33042a3e-5e8e-4375-b964-0fe2252e504c,legal
0001,0001_general_small_case_729,case_72932afe74,general_small,2,"Question: Could you provide an example of a case study that demonstrates a significant project, technical change, or operational chaullenge faced by your team, and how you responded to it?",3,corpus_4d1e0dc0de5a,0.6219,,33042a3e-5e8e-4375-b964-0fe2252e504c,legal
0001,0001_general_small_case_729,case_72932afe74,general_small,2,"Question: Could you provide an example of a case study that demonstrates a significant project, technical change, or operational chaullenge faced by your team, and how you responded to it?",4,corpus_90ca70ad5555,0.5947,,33042a3e-5e8e-4375-b964-0fe2252e504c,legal
0001,0001_general_small_case_729,case_72932afe74,general_small,2,"Question: Could you provide an example of a case study that demonstrates a significant project, technical change, or operational chaullenge faced by your team, and how you responded to it?",5,corpus_d80f614a69a6,0.5811,,33042a3e-5e8e-4375-b964-0fe2252e504c,legal
0001,0001_general_small_case_729,case_72932afe74,general_small,3,Could you tell me more about domain area?,1,corpus_90ca70ad5555,0.5461,,33042a3e-5e8e-4375-b964-0fe2252e504c,legal
0001,0001_general_small_case_729,case_72932afe74,general_small,3,Could you tell me more about domain area?,2,corpus_9d5e2ec4aecd,0.5407,,e23add42-dc9f-4b46-aa21-ac722ae16c36,retail
0001,0001_general_small_case_729,case_72932afe74,general_small,3,Could you tell me more about domain area?,3,corpus_9bf0a0dbce6d,0.5322,,33042a3e-5e8e-4375-b964-0fe2252e504c,legal
0001,0001_general_small_case_729,case_72932afe74,general_small,3,Could you tell me more about domain area?,4,corpus_7f283b2eb59f,0.5189,,33042a3e-5e8e-4375-b964-0fe2252e504c,legal
0001,0001_general_small_case_729,case_72932afe74,general_small,3,Could you tell me more about domain area?,5,corpus_4b47604ce9b7,0.518,,33042a3e-5e8e-4375-b964-0fe2252e504c,legal
0001,0001_general_small_case_729,case_72932afe74,general_small,4,"Question: Could you provide an example of a case study that demonstrates how the implementation of mentorship programs improved the company's supply chain visibility, and how the program addressed spe",1,corpus_6ba9cedfd395,0.5553,,33042a3e-5e8e-4375-b964-0fe2252e504c,legal
0001,0001_general_small_case_729,case_72932afe74,general_small,4,"Question: Could you provide an example of a case study that demonstrates how the implementation of mentorship programs improved the company's supply chain visibility, and how the program addressed spe",2,corpus_ffeba521fab1,0.5488,,33042a3e-5e8e-4375-b964-0fe2252e504c,legal
0001,0001_general_small_case_729,case_72932afe74,general_small,4,"Question: Could you provide an example of a case study that demonstrates how the implementation of mentorship programs improved the company's supply chain visibility, and how the program addressed spe",3,corpus_bfb5893d8e2e,0.5339,,33042a3e-5e8e-4375-b964-0fe2252e504c,legal
0001,0001_general_small_case_729,case_72932afe74,general_small,4,"Question: Could you provide an example of a case study that demonstrates how the implementation of mentorship programs improved the company's supply chain visibility, and how the program addressed spe",4,corpus_e18a0723143e,0.5257,,33042a3e-5e8e-4375-b964-0fe2252e504c,legal
0001,0001_general_small_case_729,case_72932afe74,general_small,4,"Question: Could you provide an example of a case study that demonstrates how the implementation of mentorship programs improved the company's supply chain visibility, and how the program addressed spe",5,corpus_70bfa6961025,0.5229,,af4b9da3-16de-4510-a1cb-2a32e101c884,healthcare
0001,0001_general_small_case_729,case_72932afe74,general_small,5,Question: Could you provide an example of a case study that demonstrates how mentorship programs were used to address specific chaleznees during the implementation process of the company's supply chai,1,corpus_6ba9cedfd395,0.5553,,33042a3e-5e8e-4375-b964-0fe2252e504c,legal
0001,0001_general_small_case_729,case_72932afe74,general_small,5,Question: Could you provide an example of a case study that demonstrates how mentorship programs were used to address specific chaleznees during the implementation process of the company's supply chai,2,corpus_ffeba521fab1,0.5488,,33042a3e-5e8e-4375-b964-0fe2252e504c,legal
0001,0001_general_small_case_729,case_72932afe74,general_small,5,Question: Could you provide an example of a case study that demonstrates how mentorship programs were used to address specific chaleznees during the implementation process of the company's supply chai,3,corpus_bfb5893d8e2e,0.5339,,33042a3e-5e8e-4375-b964-0fe2252e504c,legal
0001,0001_general_small_case_729,case_72932afe74,general_small,5,Question: Could you provide an example of a case study that demonstrates how mentorship programs were used to address specific chaleznees during the implementation process of the company's supply chai,4,corpus_e18a0723143e,0.5257,,33042a3e-5e8e-4375-b964-0fe2252e504c,legal
0001,0001_general_small_case_729,case_72932afe74,general_small,5,Question: Could you provide an example of a case study that demonstrates how mentorship programs were used to address specific chaleznees during the implementation process of the company's supply chai,5,corpus_70bfa6961025,0.5229,,af4b9da3-16de-4510-a1cb-2a32e101c884,healthcare
0001,0001_general_small_case_729,case_72932afe74,general_small,6,Could you tell me more about domain area?,1,corpus_90ca70ad5555,0.5461,,33042a3e-5e8e-4375-b964-0fe2252e504c,legal
0001,0001_general_small_case_729,case_72932afe74,general_small,6,Could you tell me more about domain area?,2,corpus_9d5e2ec4aecd,0.5407,,e23add42-dc9f-4b46-aa21-ac722ae16c36,retail
0001,0001_general_small_case_729,case_72932afe74,general_small,6,Could you tell me more about domain area?,3,corpus_9bf0a0dbce6d,0.5322,,33042a3e-5e8e-4375-b964-0fe2252e504c,legal
0001,0001_general_small_case_729,case_72932afe74,general_small,6,Could you tell me more about domain area?,4,corpus_7f283b2eb59f,0.5189,,33042a3e-5e8e-4375-b964-0fe2252e504c,legal
0001,0001_general_small_case_729,case_72932afe74,general_small,6,Could you tell me more about domain area?,5,corpus_4b47604ce9b7,0.518,,33042a3e-5e8e-4375-b964-0fe2252e504c,legal
0001,0001_general_small_case_729,case_72932afe74,general_small,7,Question: Could you provide an example of a case study that demonstrates how mentorship programs were used to address specific chaleznees during the implementation process of the company's supply chai,1,corpus_6ba9cedfd395,0.5553,,33042a3e-5e8e-4375-b964-0fe2252e504c,legal
0001,0001_general_small_case_729,case_72932afe74,general_small,7,Question: Could you provide an example of a case study that demonstrates how mentorship programs were used to address specific chaleznees during the implementation process of the company's supply chai,2,corpus_ffeba521fab1,0.5488,,33042a3e-5e8e-4375-b964-0fe2252e504c,legal
0001,0001_general_small_case_729,case_72932afe74,general_small,7,Question: Could you provide an example of a case study that demonstrates how mentorship programs were used to address specific chaleznees during the implementation process of the company's supply chai,3,corpus_bfb5893d8e2e,0.5339,,33042a3e-5e8e-4375-b964-0fe2252e504c,legal
0001,0001_general_small_case_729,case_72932afe74,general_small,7,Question: Could you provide an example of a case study that demonstrates how mentorship programs were used to address specific chaleznees during the implementation process of the company's supply chai,4,corpus_e18a0723143e,0.5257,,33042a3e-5e8e-4375-b964-0fe2252e504c,legal
0001,0001_general_small_case_729,case_72932afe74,general_small,7,Question: Could you provide an example of a case study that demonstrates how mentorship programs were used to address specific chaleznees during the implementation process of the company's supply chai,5,corpus_70bfa6961025,0.5229,,af4b9da3-16de-4510-a1cb-2a32e101c884,healthcare
0001,0001_general_small_case_729,case_72932afe74,general_small,8,Question: Could you tell me more about the specific challenges faced during the implementation of mentorship programs and how they were addressed?,1,corpus_7dd4c34c90bc,0.5528,,33042a3e-5e8e-4375-b964-0fe2252e504c,legal
0001,0001_general_small_case_729,case_72932afe74,general_small,8,Question: Could you tell me more about the specific challenges faced during the implementation of mentorship programs and how they were addressed?,2,corpus_7f283b2eb59f,0.541,,33042a3e-5e8e-4375-b964-0fe2252e504c,legal
0001,0001_general_small_case_729,case_72932afe74,general_small,8,Question: Could you tell me more about the specific challenges faced during the implementation of mentorship programs and how they were addressed?,3,corpus_fe3584178481,0.5348,,33042a3e-5e8e-4375-b964-0fe2252e504c,legal
0001,0001_general_small_case_729,case_72932afe74,general_small,8,Question: Could you tell me more about the specific challenges faced during the implementation of mentorship programs and how they were addressed?,4,corpus_275389ac844a,0.5321,,33042a3e-5e8e-4375-b964-0fe2252e504c,legal
0001,0001_general_small_case_729,case_72932afe74,general_small,8,Question: Could you tell me more about the specific challenges faced during the implementation of mentorship programs and how they were addressed?,5,corpus_1e31124f7ccd,0.5303,,33042a3e-5e8e-4375-b964-0fe2252e504c,legal
0001,0001_general_small_case_729,case_72932afe74,general_small,9,QUESTION: Could you provide an example of a case study that demonstrate(s) how mentorship programs were used to address specific chaleznees during the implementation process of the company's supply ch,1,corpus_6ba9cedfd395,0.5553,,33042a3e-5e8e-4375-b964-0fe2252e504c,legal
0001,0001_general_small_case_729,case_72932afe74,general_small,9,QUESTION: Could you provide an example of a case study that demonstrate(s) how mentorship programs were used to address specific chaleznees during the implementation process of the company's supply ch,2,corpus_ffeba521fab1,0.5488,,33042a3e-5e8e-4375-b964-0fe2252e504c,legal
0001,0001_general_small_case_729,case_72932afe74,general_small,9,QUESTION: Could you provide an example of a case study that demonstrate(s) how mentorship programs were used to address specific chaleznees during the implementation process of the company's supply ch,3,corpus_bfb5893d8e2e,0.5339,,33042a3e-5e8e-4375-b964-0fe2252e504c,legal
0001,0001_general_small_case_729,case_72932afe74,general_small,9,QUESTION: Could you provide an example of a case study that demonstrate(s) how mentorship programs were used to address specific chaleznees during the implementation process of the company's supply ch,4,corpus_e18a0723143e,0.5257,,33042a3e-5e8e-4375-b964-0fe2252e504c,legal
0001,0001_general_small_case_729,case_72932afe74,general_small,9,QUESTION: Could you provide an example of a case study that demonstrate(s) how mentorship programs were used to address specific chaleznees during the implementation process of the company's supply ch,5,corpus_70bfa6961025,0.5229,,af4b9da3-16de-4510-a1cb-2a32e101c884,healthcare
0001,0001_general_small_case_729,case_72932afe74,general_small,10,Question: Could you provide an example of a case study that demonstrate(s) how mentorship programs were used to address specific chaleznees during the implementation of the company's supply chain visi,1,corpus_6ba9cedfd395,0.5553,,33042a3e-5e8e-4375-b964-0fe2252e504c,legal
0001,0001_general_small_case_729,case_72932afe74,general_small,10,Question: Could you provide an example of a case study that demonstrate(s) how mentorship programs were used to address specific chaleznees during the implementation of the company's supply chain visi,2,corpus_ffeba521fab1,0.5488,,33042a3e-5e8e-4375-b964-0fe2252e504c,legal
0001,0001_general_small_case_729,case_72932afe74,general_small,10,Question: Could you provide an example of a case study that demonstrate(s) how mentorship programs were used to address specific chaleznees during the implementation of the company's supply chain visi,3,corpus_bfb5893d8e2e,0.5339,,33042a3e-5e8e-4375-b964-0fe2252e504c,legal
0001,0001_general_small_case_729,case_72932afe74,general_small,10,Question: Could you provide an example of a case study that demonstrate(s) how mentorship programs were used to address specific chaleznees during the implementation of the company's supply chain visi,4,corpus_e18a0723143e,0.5257,,33042a3e-5e8e-4375-b964-0fe2252e504c,legal
0001,0001_general_small_case_729,case_72932afe74,general_small,10,Question: Could you provide an example of a case study that demonstrate(s) how mentorship programs were used to address specific chaleznees during the implementation of the company's supply chain visi,5,corpus_70bfa6961025,0.5229,,af4b9da3-16de-4510-a1cb-2a32e101c884,healthcare
0001,0001_general_small_case_729,case_72932afe74,general_small,11,QUESTION: Could you provide an example of a case study that demonstrate(s) how mentorship programs were used to address specific chaleznees during the implementation of the company's supply chain visi,1,corpus_6ba9cedfd395,0.5553,,33042a3e-5e8e-4375-b964-0fe2252e504c,legal
0001,0001_general_small_case_729,case_72932afe74,general_small,11,QUESTION: Could you provide an example of a case study that demonstrate(s) how mentorship programs were used to address specific chaleznees during the implementation of the company's supply chain visi,2,corpus_ffeba521fab1,0.5488,,33042a3e-5e8e-4375-b964-0fe2252e504c,legal
0001,0001_general_small_case_729,case_72932afe74,general_small,11,QUESTION: Could you provide an example of a case study that demonstrate(s) how mentorship programs were used to address specific chaleznees during the implementation of the company's supply chain visi,3,corpus_bfb5893d8e2e,0.5339,,33042a3e-5e8e-4375-b964-0fe2252e504c,legal
0001,0001_general_small_case_729,case_72932afe74,general_small,11,QUESTION: Could you provide an example of a case study that demonstrate(s) how mentorship programs were used to address specific chaleznees during the implementation of the company's supply chain visi,4,corpus_e18a0723143e,0.5257,,33042a3e-5e8e-4375-b964-0fe2252e504c,legal
0001,0001_general_small_case_729,case_72932afe74,general_small,11,QUESTION: Could you provide an example of a case study that demonstrate(s) how mentorship programs were used to address specific chaleznees during the implementation of the company's supply chain visi,5,corpus_70bfa6961025,0.5229,,af4b9da3-16de-4510-a1cb-2a32e101c884,healthcare
0001,0001_general_small_case_729,case_72932afe74,general_small,12,Could you tell me more about domain area?,1,corpus_90ca70ad5555,0.5461,,33042a3e-5e8e-4375-b964-0fe2252e504c,legal
0001,0001_general_small_case_729,case_72932afe74,general_small,12,Could you tell me more about domain area?,2,corpus_9d5e2ec4aecd,0.5407,,e23add42-dc9f-4b46-aa21-ac722ae16c36,retail
0001,0001_general_small_case_729,case_72932afe74,general_small,12,Could you tell me more about domain area?,3,corpus_9bf0a0dbce6d,0.5322,,33042a3e-5e8e-4375-b964-0fe2252e504c,legal
0001,0001_general_small_case_729,case_72932afe74,general_small,12,Could you tell me more about domain area?,4,corpus_7f283b2eb59f,0.5189,,33042a3e-5e8e-4375-b964-0fe2252e504c,legal
0001,0001_general_small_case_729,case_72932afe74,general_small,12,Could you tell me more about domain area?,5,corpus_4b47604ce9b7,0.518,,33042a3e-5e8e-4375-b964-0fe2252e504c,legal
0001,0001_general_small_case_729,case_72932afe74,general_small,13,Question: Could you provide an example of a case study that demonstrates how mentorship programs were used to address specific chaleznees during the implementation of the company's supply chain visibi,1,corpus_6ba9cedfd395,0.5553,,33042a3e-5e8e-4375-b964-0fe2252e504c,legal
0001,0001_general_small_case_729,case_72932afe74,general_small,13,Question: Could you provide an example of a case study that demonstrates how mentorship programs were used to address specific chaleznees during the implementation of the company's supply chain visibi,2,corpus_ffeba521fab1,0.5488,,33042a3e-5e8e-4375-b964-0fe2252e504c,legal
0001,0001_general_small_case_729,case_72932afe74,general_small,13,Question: Could you provide an example of a case study that demonstrates how mentorship programs were used to address specific chaleznees during the implementation of the company's supply chain visibi,3,corpus_bfb5893d8e2e,0.5339,,33042a3e-5e8e-4375-b964-0fe2252e504c,legal
0001,0001_general_small_case_729,case_72932afe74,general_small,13,Question: Could you provide an example of a case study that demonstrates how mentorship programs were used to address specific chaleznees during the implementation of the company's supply chain visibi,4,corpus_e18a0723143e,0.5257,,33042a3e-5e8e-4375-b964-0fe2252e504c,legal
0001,0001_general_small_case_729,case_72932afe74,general_small,13,Question: Could you provide an example of a case study that demonstrates how mentorship programs were used to address specific chaleznees during the implementation of the company's supply chain visibi,5,corpus_70bfa6961025,0.5229,,af4b9da3-16de-4510-a1cb-2a32e101c884,healthcare
0001,0001_general_small_case_729,case_72932afe74,general_small,14,Could you tell me more about domain area?,1,corpus_6ba9cedfd395,0.5553,,33042a3e-5e8e-4375-b964-0fe2252e504c,legal
0001,0001_general_small_case_729,case_72932afe74,general_small,14,Could you tell me more about domain area?,2,corpus_ffeba521fab1,0.5488,,33042a3e-5e8e-4375-b964-0fe2252e504c,legal
0001,0001_general_small_case_729,case_72932afe74,general_small,14,Could you tell me more about domain area?,3,corpus_bfb5893d8e2e,0.5339,,33042a3e-5e8e-4375-b964-0fe2252e504c,legal
0001,0001_general_small_case_729,case_72932afe74,general_small,14,Could you tell me more about domain area?,4,corpus_e18a0723143e,0.5257,,33042a3e-5e8e-4375-b964-0fe2252e504c,legal
0001,0001_general_small_case_729,case_72932afe74,general_small,14,Could you tell me more about domain area?,5,corpus_70bfa6961025,0.5229,,af4b9da3-16de-4510-a1cb-2a32e101c884,healthcare
0001,0001_general_small_case_8b2,case_8b29225c97,general_small,1,"Question: Could you describe the process and challenges of implementing a centralized, secure knowledge repository within Confluence and integrated with a robust customer relationship management (CRM)",1,corpus_2baf82713a47,0.6669,,33042a3e-5e8e-4375-b964-0fe2252e504c,legal
0001,0001_general_small_case_8b2,case_8b29225c97,general_small,1,"Question: Could you describe the process and challenges of implementing a centralized, secure knowledge repository within Confluence and integrated with a robust customer relationship management (CRM)",2,corpus_c523ef0cdd39,0.6554,,33042a3e-5e8e-4375-b964-0fe2252e504c,legal
0001,0001_general_small_case_8b2,case_8b29225c97,general_small,1,"Question: Could you describe the process and challenges of implementing a centralized, secure knowledge repository within Confluence and integrated with a robust customer relationship management (CRM)",3,corpus_e634e990f73f,0.6482,,33042a3e-5e8e-4375-b964-0fe2252e504c,legal
0001,0001_general_small_case_8b2,case_8b29225c97,general_small,1,"Question: Could you describe the process and challenges of implementing a centralized, secure knowledge repository within Confluence and integrated with a robust customer relationship management (CRM)",4,corpus_0e194da4092c,0.6449,,33042a3e-5e8e-4375-b964-0fe2252e504c,legal
0001,0001_general_small_case_8b2,case_8b29225c97,general_small,1,"Question: Could you describe the process and challenges of implementing a centralized, secure knowledge repository within Confluence and integrated with a robust customer relationship management (CRM)",5,corpus_4c1078ca06ee,0.6411,,33042a3e-5e8e-4375-b964-0fe2252e504c,legal
0001,0001_general_small_case_8b2,case_8b29225c97,general_small,2,"Question: Could you describe the process and challenges of implementing a centralized, secure knowledge repository within Asana and integrated with a robust customer relationship management (CRM) syst",1,corpus_e634e990f73f,0.6807,,33042a3e-5e8e-4375-b964-0fe2252e504c,legal
0001,0001_general_small_case_8b2,case_8b29225c97,general_small,2,"Question: Could you describe the process and challenges of implementing a centralized, secure knowledge repository within Asana and integrated with a robust customer relationship management (CRM) syst",2,corpus_c523ef0cdd39,0.674,,33042a3e-5e8e-4375-b964-0fe2252e504c,legal
0001,0001_general_small_case_8b2,case_8b29225c97,general_small,2,"Question: Could you describe the process and challenges of implementing a centralized, secure knowledge repository within Asana and integrated with a robust customer relationship management (CRM) syst",3,corpus_2baf82713a47,0.6549,,33042a3e-5e8e-4375-b964-0fe2252e504c,legal
0001,0001_general_small_case_8b2,case_8b29225c97,general_small,2,"Question: Could you describe the process and challenges of implementing a centralized, secure knowledge repository within Asana and integrated with a robust customer relationship management (CRM) syst",4,corpus_4c1078ca06ee,0.6467,,33042a3e-5e8e-4375-b964-0fe2252e504c,legal
0001,0001_general_small_case_8b2,case_8b29225c97,general_small,2,"Question: Could you describe the process and challenges of implementing a centralized, secure knowledge repository within Asana and integrated with a robust customer relationship management (CRM) syst",5,corpus_a6373c55c27b,0.627,,33042a3e-5e8e-4375-b964-0fe2252e504c,legal
0001,0001_general_small_case_8b2,case_8b29225c97,general_small,3,Could you tell me more about domain area?,1,corpus_aac24ae0a7b4,0.5717,,33042a3e-5e8e-4375-b964-0fe2252e504c,legal
0001,0001_general_small_case_8b2,case_8b29225c97,general_small,3,Could you tell me more about domain area?,2,corpus_3e160cb0a1d2,0.5649,,33042a3e-5e8e-4375-b964-0fe2252e504c,legal
0001,0001_general_small_case_8b2,case_8b29225c97,general_small,3,Could you tell me more about domain area?,3,corpus_e634e990f73f,0.5647,,33042a3e-5e8e-4375-b964-0fe2252e504c,legal
0001,0001_general_small_case_8b2,case_8b29225c97,general_small,3,Could you tell me more about domain area?,4,corpus_d29ad5e339af,0.5512,,33042a3e-5e8e-4375-b964-0fe2252e504c,legal
0001,0001_general_small_case_8b2,case_8b29225c97,general_small,3,Could you tell me more about domain area?,5,corpus_611c7d18c7d3,0.5509,,33042a3e-5e8e-4375-b964-0fe2252e504c,legal
0001,0001_general_small_case_8b2,case_8b29225c97,general_small,4,"Question: Could you describe the process and challenges of implementing a centralized, secure knowledge repository within Confluence and integrated with a robust customer relationship management (CRM)",1,corpus_2baf82713a47,0.6669,,33042a3e-5e8e-4375-b964-0fe2252e504c,legal
0001,0001_general_small_case_8b2,case_8b29225c97,general_small,4,"Question: Could you describe the process and challenges of implementing a centralized, secure knowledge repository within Confluence and integrated with a robust customer relationship management (CRM)",2,corpus_c523ef0cdd39,0.6554,,33042a3e-5e8e-4375-b964-0fe2252e504c,legal
0001,0001_general_small_case_8b2,case_8b29225c97,general_small,4,"Question: Could you describe the process and challenges of implementing a centralized, secure knowledge repository within Confluence and integrated with a robust customer relationship management (CRM)",3,corpus_e634e990f73f,0.6482,,33042a3e-5e8e-4375-b964-0fe2252e504c,legal
0001,0001_general_small_case_8b2,case_8b29225c97,general_small,4,"Question: Could you describe the process and challenges of implementing a centralized, secure knowledge repository within Confluence and integrated with a robust customer relationship management (CRM)",4,corpus_0e194da4092c,0.6449,,33042a3e-5e8e-4375-b964-0fe2252e504c,legal
0001,0001_general_small_case_8b2,case_8b29225c97,general_small,4,"Question: Could you describe the process and challenges of implementing a centralized, secure knowledge repository within Confluence and integrated with a robust customer relationship management (CRM)",5,corpus_4c1078ca06ee,0.6411,,33042a3e-5e8e-4375-b964-0fe2252e504c,legal
0001,0001_general_small_case_8b2,case_8b29225c97,general_small,5,Question: Could you provide more details on how the integrated EKM system helped improve the organization's knowledge sharing and retrieval efforts?,1,corpus_93b6b75d8e81,0.6354,,33042a3e-5e8e-4375-b964-0fe2252e504c,legal
0001,0001_general_small_case_8b2,case_8b29225c97,general_small,5,Question: Could you provide more details on how the integrated EKM system helped improve the organization's knowledge sharing and retrieval efforts?,2,corpus_e634e990f73f,0.6324,,33042a3e-5e8e-4375-b964-0fe2252e504c,legal
0001,0001_general_small_case_8b2,case_8b29225c97,general_small,5,Question: Could you provide more details on how the integrated EKM system helped improve the organization's knowledge sharing and retrieval efforts?,3,corpus_b28a48c34168,0.6058,,33042a3e-5e8e-4375-b964-0fe2252e504c,legal
0001,0001_general_small_case_8b2,case_8b29225c97,general_small,5,Question: Could you provide more details on how the integrated EKM system helped improve the organization's knowledge sharing and retrieval efforts?,4,corpus_ac167edc04d3,0.5766,,33042a3e-5e8e-4375-b964-0fe2252e504c,legal
0001,0001_general_small_case_8b2,case_8b29225c97,general_small,5,Question: Could you provide more details on how the integrated EKM system helped improve the organization's knowledge sharing and retrieval efforts?,5,corpus_4c1078ca06ee,0.5735,,33042a3e-5e8e-4375-b964-0fe2252e504c,legal
0001,0001_general_small_case_8b2,case_8b29225c97,general_small,6,Could you tell me more about domain area?,1,corpus_aac24ae0a7b4,0.5717,,33042a3e-5e8e-4375-b964-0fe2252e504c,legal
0001,0001_general_small_case_8b2,case_8b29225c97,general_small,6,Could you tell me more about domain area?,2,corpus_3e160cb0a1d2,0.5649,,33042a3e-5e8e-4375-b964-0fe2252e504c,legal
0001,0001_general_small_case_8b2,case_8b29225c97,general_small,6,Could you tell me more about domain area?,3,corpus_e634e990f73f,0.5647,,33042a3e-5e8e-4375-b964-0fe2252e504c,legal
0001,0001_general_small_case_8b2,case_8b29225c97,general_small,6,Could you tell me more about domain area?,4,corpus_d29ad5e339af,0.5512,,33042a3e-5e8e-4375-b964-0fe2252e504c,legal
0001,0001_general_small_case_8b2,case_8b29225c97,general_small,6,Could you tell me more about domain area?,5,corpus_611c7d18c7d3,0.5509,,33042a3e-5e8e-4375-b964-0fe2252e504c,legal
0001,0001_general_small_case_8b2,case_8b29225c97,general_small,7,"Question: Could you provide more details on how the integrated EKM system helped improve the organization's knowledge sharing and retrieval efforts, as mentioned in the previous conversation?",1,corpus_93b6b75d8e81,0.6613,,33042a3e-5e8e-4375-b964-0fe2252e504c,legal
0001,0001_general_small_case_8b2,case_8b29225c97,general_small,7,"Question: Could you provide more details on how the integrated EKM system helped improve the organization's knowledge sharing and retrieval efforts, as mentioned in the previous conversation?",2,corpus_e634e990f73f,0.6433,,33042a3e-5e8e-4375-b964-0fe2252e504c,legal
0001,0001_general_small_case_8b2,case_8b29225c97,general_small,7,"Question: Could you provide more details on how the integrated EKM system helped improve the organization's knowledge sharing and retrieval efforts, as mentioned in the previous conversation?",3,corpus_c523ef0cdd39,0.6047,,33042a3e-5e8e-4375-b964-0fe2252e504c,legal
0001,0001_general_small_case_8b2,case_8b29225c97,general_small,7,"Question: Could you provide more details on how the integrated EKM system helped improve the organization's knowledge sharing and retrieval efforts, as mentioned in the previous conversation?",4,corpus_b28a48c34168,0.6015,,33042a3e-5e8e-4375-b964-0fe2252e504c,legal
0001,0001_general_small_case_8b2,case_8b29225c97,general_small,7,"Question: Could you provide more details on how the integrated EKM system helped improve the organization's knowledge sharing and retrieval efforts, as mentioned in the previous conversation?",5,corpus_2d8c4747a942,0.5986,,33042a3e-5e8e-4375-b964-0fe2252e504c,legal
0001,0001_general_small_case_8b2,case_8b29225c97,general_small,8,"Question: Could you explain how the integrated EKM system helped improve the organization's knowledge sharing and retrieval efforts, as mentioned in the previous conversation?",1,corpus_93b6b75d8e81,0.6613,,33042a3e-5e8e-4375-b964-0fe2252e504c,legal
0001,0001_general_small_case_8b2,case_8b29225c97,general_small,8,"Question: Could you explain how the integrated EKM system helped improve the organization's knowledge sharing and retrieval efforts, as mentioned in the previous conversation?",2,corpus_e634e990f73f,0.6433,,33042a3e-5e8e-4375-b964-0fe2252e504c,legal
0001,0001_general_small_case_8b2,case_8b29225c97,general_small,8,"Question: Could you explain how the integrated EKM system helped improve the organization's knowledge sharing and retrieval efforts, as mentioned in the previous conversation?",3,corpus_c523ef0cdd39,0.6047,,33042a3e-5e8e-4375-b964-0fe2252e504c,legal
0001,0001_general_small_case_8b2,case_8b29225c97,general_small,8,"Question: Could you explain how the integrated EKM system helped improve the organization's knowledge sharing and retrieval efforts, as mentioned in the previous conversation?",4,corpus_b28a48c34168,0.6015,,33042a3e-5e8e-4375-b964-0fe2252e504c,legal
0001,0001_general_small_case_8b2,case_8b29225c97,general_small,8,"Question: Could you explain how the integrated EKM system helped improve the organization's knowledge sharing and retrieval efforts, as mentioned in the previous conversation?",5,corpus_2d8c4747a942,0.5986,,33042a3e-5e8e-4375-b964-0fe2252e504c,legal
0001,0001_general_small_case_8b2,case_8b29225c97,general_small,9,"Question: Could you provide more details on how the integrated EKM system helped improve the organization's knowledge sharing and retrieval efforts, as mentioned in the previous conversation?",1,corpus_93b6b75d8e81,0.6613,,33042a3e-5e8e-4375-b964-0fe2252e504c,legal
0001,0001_general_small_case_8b2,case_8b29225c97,general_small,9,"Question: Could you provide more details on how the integrated EKM system helped improve the organization's knowledge sharing and retrieval efforts, as mentioned in the previous conversation?",2,corpus_e634e990f73f,0.6433,,33042a3e-5e8e-4375-b964-0fe2252e504c,legal
0001,0001_general_small_case_8b2,case_8b29225c97,general_small,9,"Question: Could you provide more details on how the integrated EKM system helped improve the organization's knowledge sharing and retrieval efforts, as mentioned in the previous conversation?",3,corpus_c523ef0cdd39,0.6047,,33042a3e-5e8e-4375-b964-0fe2252e504c,legal
0001,0001_general_small_case_8b2,case_8b29225c97,general_small,9,"Question: Could you provide more details on how the integrated EKM system helped improve the organization's knowledge sharing and retrieval efforts, as mentioned in the previous conversation?",4,corpus_b28a48c34168,0.6015,,33042a3e-5e8e-4375-b964-0fe2252e504c,legal
0001,0001_general_small_case_8b2,case_8b29225c97,general_small,9,"Question: Could you provide more details on how the integrated EKM system helped improve the organization's knowledge sharing and retrieval efforts, as mentioned in the previous conversation?",5,corpus_2d8c4747a942,0.5986,,33042a3e-5e8e-4375-b964-0fe2252e504c,legal
0001,0001_general_small_case_8b2,case_8b29225c97,general_small,10,"Question: Could you provide more details on the specific AI-powered solutions implemented by Globex University to enhance knowledge sharing and retrieval efforts, as mentioned in the previous conversa",1,corpus_93b6b75d8e81,0.6124,,33042a3e-5e8e-4375-b964-0fe2252e504c,legal
0001,0001_general_small_case_8b2,case_8b29225c97,general_small,10,"Question: Could you provide more details on the specific AI-powered solutions implemented by Globex University to enhance knowledge sharing and retrieval efforts, as mentioned in the previous conversa",2,corpus_ac167edc04d3,0.5635,,33042a3e-5e8e-4375-b964-0fe2252e504c,legal
0001,0001_general_small_case_8b2,case_8b29225c97,general_small,10,"Question: Could you provide more details on the specific AI-powered solutions implemented by Globex University to enhance knowledge sharing and retrieval efforts, as mentioned in the previous conversa",3,corpus_b28a48c34168,0.559,,33042a3e-5e8e-4375-b964-0fe2252e504c,legal
0001,0001_general_small_case_8b2,case_8b29225c97,general_small,10,"Question: Could you provide more details on the specific AI-powered solutions implemented by Globex University to enhance knowledge sharing and retrieval efforts, as mentioned in the previous conversa",4,corpus_e634e990f73f,0.5586,,33042a3e-5e8e-4375-b964-0fe2252e504c,legal
0001,0001_general_small_case_8b2,case_8b29225c97,general_small,10,"Question: Could you provide more details on the specific AI-powered solutions implemented by Globex University to enhance knowledge sharing and retrieval efforts, as mentioned in the previous conversa",5,corpus_4c1078ca06ee,0.534,,33042a3e-5e8e-4375-b964-0fe2252e504c,legal
0001,0001_general_small_case_8b2,case_8b29225c97,general_small,11,"Question: Could you provide more information on the specific AI-powered solutions implemented by Globex University to enhance knowledge sharing and retrieval efforts, as mentioned in the previous conv",1,corpus_93b6b75d8e81,0.6124,,33042a3e-5e8e-4375-b964-0fe2252e504c,legal
0001,0001_general_small_case_8b2,case_8b29225c97,general_small,11,"Question: Could you provide more information on the specific AI-powered solutions implemented by Globex University to enhance knowledge sharing and retrieval efforts, as mentioned in the previous conv",2,corpus_ac167edc04d3,0.5635,,33042a3e-5e8e-4375-b964-0fe2252e504c,legal
0001,0001_general_small_case_8b2,case_8b29225c97,general_small,11,"Question: Could you provide more information on the specific AI-powered solutions implemented by Globex University to enhance knowledge sharing and retrieval efforts, as mentioned in the previous conv",3,corpus_b28a48c34168,0.559,,33042a3e-5e8e-4375-b964-0fe2252e504c,legal
0001,0001_general_small_case_8b2,case_8b29225c97,general_small,11,"Question: Could you provide more information on the specific AI-powered solutions implemented by Globex University to enhance knowledge sharing and retrieval efforts, as mentioned in the previous conv",4,corpus_e634e990f73f,0.5586,,33042a3e-5e8e-4375-b964-0fe2252e504c,legal
0001,0001_general_small_case_8b2,case_8b29225c97,general_small,11,"Question: Could you provide more information on the specific AI-powered solutions implemented by Globex University to enhance knowledge sharing and retrieval efforts, as mentioned in the previous conv",5,corpus_4c1078ca06ee,0.534,,33042a3e-5e8e-4375-b964-0fe2252e504c,legal
0001,0001_general_small_case_8b2,case_8b29225c97,general_small,12,"Question: Could you provide more information on the specific AI-powered solutions implemented by Globex University to enhance knowledge sharing and retrieval efforts, as mentioned in the previous conv",1,corpus_93b6b75d8e81,0.6124,,33042a3e-5e8e-4375-b964-0fe2252e504c,legal
0001,0001_general_small_case_8b2,case_8b29225c97,general_small,12,"Question: Could you provide more information on the specific AI-powered solutions implemented by Globex University to enhance knowledge sharing and retrieval efforts, as mentioned in the previous conv",2,corpus_ac167edc04d3,0.5635,,33042a3e-5e8e-4375-b964-0fe2252e504c,legal
0001,0001_general_small_case_8b2,case_8b29225c97,general_small,12,"Question: Could you provide more information on the specific AI-powered solutions implemented by Globex University to enhance knowledge sharing and retrieval efforts, as mentioned in the previous conv",3,corpus_b28a48c34168,0.559,,33042a3e-5e8e-4375-b964-0fe2252e504c,legal
0001,0001_general_small_case_8b2,case_8b29225c97,general_small,12,"Question: Could you provide more information on the specific AI-powered solutions implemented by Globex University to enhance knowledge sharing and retrieval efforts, as mentioned in the previous conv",4,corpus_e634e990f73f,0.5586,,33042a3e-5e8e-4375-b964-0fe2252e504c,legal
0001,0001_general_small_case_8b2,case_8b29225c97,general_small,12,"Question: Could you provide more information on the specific AI-powered solutions implemented by Globex University to enhance knowledge sharing and retrieval efforts, as mentioned in the previous conv",5,corpus_4c1078ca06ee,0.534,,33042a3e-5e8e-4375-b964-0fe2252e504c,legal
0001,0001_general_small_case_8b2,case_8b29225c97,general_small,13,"Question: Could you provide more details on the specific AI-powered solutions implemented by Globex University to enhance knowledge sharing and retrieval efforts, as mentioned in the previous conversa",1,corpus_93b6b75d8e81,0.6124,,33042a3e-5e8e-4375-b964-0fe2252e504c,legal
0001,0001_general_small_case_8b2,case_8b29225c97,general_small,13,"Question: Could you provide more details on the specific AI-powered solutions implemented by Globex University to enhance knowledge sharing and retrieval efforts, as mentioned in the previous conversa",2,corpus_ac167edc04d3,0.5635,,33042a3e-5e8e-4375-b964-0fe2252e504c,legal
0001,0001_general_small_case_8b2,case_8b29225c97,general_small,13,"Question: Could you provide more details on the specific AI-powered solutions implemented by Globex University to enhance knowledge sharing and retrieval efforts, as mentioned in the previous conversa",3,corpus_b28a48c34168,0.559,,33042a3e-5e8e-4375-b964-0fe2252e504c,legal
0001,0001_general_small_case_8b2,case_8b29225c97,general_small,13,"Question: Could you provide more details on the specific AI-powered solutions implemented by Globex University to enhance knowledge sharing and retrieval efforts, as mentioned in the previous conversa",4,corpus_e634e990f73f,0.5586,,33042a3e-5e8e-4375-b964-0fe2252e504c,legal
0001,0001_general_small_case_8b2,case_8b29225c97,general_small,13,"Question: Could you provide more details on the specific AI-powered solutions implemented by Globex University to enhance knowledge sharing and retrieval efforts, as mentioned in the previous conversa",5,corpus_4c1078ca06ee,0.534,,33042a3e-5e8e-4375-b964-0fe2252e504c,legal
0001,0001_general_small_case_8b2,case_8b29225c97,general_small,14,"QUESTION: Could you please provide more information on the specific AI-powered solutions implemented by Globex University to enhance knowledge sharing and retrieval efforts, as mentioned in the previo",1,corpus_93b6b75d8e81,0.6124,,33042a3e-5e8e-4375-b964-0fe2252e504c,legal
0001,0001_general_small_case_8b2,case_8b29225c97,general_small,14,"QUESTION: Could you please provide more information on the specific AI-powered solutions implemented by Globex University to enhance knowledge sharing and retrieval efforts, as mentioned in the previo",2,corpus_ac167edc04d3,0.5635,,33042a3e-5e8e-4375-b964-0fe2252e504c,legal
0001,0001_general_small_case_8b2,case_8b29225c97,general_small,14,"QUESTION: Could you please provide more information on the specific AI-powered solutions implemented by Globex University to enhance knowledge sharing and retrieval efforts, as mentioned in the previo",3,corpus_b28a48c34168,0.559,,33042a3e-5e8e-4375-b964-0fe2252e504c,legal
0001,0001_general_small_case_8b2,case_8b29225c97,general_small,14,"QUESTION: Could you please provide more information on the specific AI-powered solutions implemented by Globex University to enhance knowledge sharing and retrieval efforts, as mentioned in the previo",4,corpus_e634e990f73f,0.5586,,33042a3e-5e8e-4375-b964-0fe2252e504c,legal
0001,0001_general_small_case_8b2,case_8b29225c97,general_small,14,"QUESTION: Could you please provide more information on the specific AI-powered solutions implemented by Globex University to enhance knowledge sharing and retrieval efforts, as mentioned in the previo",5,corpus_4c1078ca06ee,0.534,,33042a3e-5e8e-4375-b964-0fe2252e504c,legal
0001,0001_general_small_case_8b2,case_8b29225c97,general_small,1,"Question: Could you explain how your team implemented a centralized, secure knowledge repository within Confluence to improve the retrieval of research data?",1,corpus_3cff9ce2ea6e,0.6525,,33042a3e-5e8e-4375-b964-0fe2252e504c,legal
0001,0001_general_small_case_8b2,case_8b29225c97,general_small,1,"Question: Could you explain how your team implemented a centralized, secure knowledge repository within Confluence to improve the retrieval of research data?",2,corpus_93b6b75d8e81,0.5888,,33042a3e-5e8e-4375-b964-0fe2252e504c,legal
0001,0001_general_small_case_8b2,case_8b29225c97,general_small,1,"Question: Could you explain how your team implemented a centralized, secure knowledge repository within Confluence to improve the retrieval of research data?",3,corpus_fcffcdc1e2e9,0.5865,,33042a3e-5e8e-4375-b964-0fe2252e504c,legal
0001,0001_general_small_case_8b2,case_8b29225c97,general_small,1,"Question: Could you explain how your team implemented a centralized, secure knowledge repository within Confluence to improve the retrieval of research data?",4,corpus_972dc4d8c499,0.584,,33042a3e-5e8e-4375-b964-0fe2252e504c,legal
0001,0001_general_small_case_8b2,case_8b29225c97,general_small,1,"Question: Could you explain how your team implemented a centralized, secure knowledge repository within Confluence to improve the retrieval of research data?",5,corpus_d29ad5e339af,0.5609,,33042a3e-5e8e-4375-b964-0fe2252e504c,legal
0001,0001_general_small_case_8b2,case_8b29225c97,general_small,2,Question: Could you provide a detailed explanation of the specific AIpowered search engine you used to efficiently retrieve and manage research data within the centralized knowledge repository you imp,1,corpus_3cff9ce2ea6e,0.6162,,33042a3e-5e8e-4375-b964-0fe2252e504c,legal
0001,0001_general_small_case_8b2,case_8b29225c97,general_small,2,Question: Could you provide a detailed explanation of the specific AIpowered search engine you used to efficiently retrieve and manage research data within the centralized knowledge repository you imp,2,corpus_2baf82713a47,0.5954,,33042a3e-5e8e-4375-b964-0fe2252e504c,legal
0001,0001_general_small_case_8b2,case_8b29225c97,general_small,2,Question: Could you provide a detailed explanation of the specific AIpowered search engine you used to efficiently retrieve and manage research data within the centralized knowledge repository you imp,3,corpus_4c1078ca06ee,0.5829,,33042a3e-5e8e-4375-b964-0fe2252e504c,legal
0001,0001_general_small_case_8b2,case_8b29225c97,general_small,2,Question: Could you provide a detailed explanation of the specific AIpowered search engine you used to efficiently retrieve and manage research data within the centralized knowledge repository you imp,4,corpus_fcffcdc1e2e9,0.573,,33042a3e-5e8e-4375-b964-0fe2252e504c,legal
0001,0001_general_small_case_8b2,case_8b29225c97,general_small,2,Question: Could you provide a detailed explanation of the specific AIpowered search engine you used to efficiently retrieve and manage research data within the centralized knowledge repository you imp,5,corpus_7fa3bd5aef67,0.5668,,33042a3e-5e8e-4375-b964-0fe2252e504c,legal
0001,0001_general_small_case_8b2,case_8b29225c97,general_small,3,Could you tell me more about domain area?,1,corpus_aac24ae0a7b4,0.5717,,33042a3e-5e8e-4375-b964-0fe2252e504c,legal
0001,0001_general_small_case_8b2,case_8b29225c97,general_small,3,Could you tell me more about domain area?,2,corpus_3e160cb0a1d2,0.5649,,33042a3e-5e8e-4375-b964-0fe2252e504c,legal
0001,0001_general_small_case_8b2,case_8b29225c97,general_small,3,Could you tell me more about domain area?,3,corpus_e634e990f73f,0.5647,,33042a3e-5e8e-4375-b964-0fe2252e504c,legal
0001,0001_general_small_case_8b2,case_8b29225c97,general_small,3,Could you tell me more about domain area?,4,corpus_d29ad5e339af,0.5512,,33042a3e-5e8e-4375-b964-0fe2252e504c,legal
0001,0001_general_small_case_8b2,case_8b29225c97,general_small,3,Could you tell me more about domain area?,5,corpus_611c7d18c7d3,0.5509,,33042a3e-5e8e-4375-b964-0fe2252e504c,legal
0001,0001_general_small_case_8b2,case_8b29225c97,general_small,4,Question: Could you provide a detailed explanation of the specific AIpowered search engine you used to efficiently retrieve and manage research data within the centralized knowledge repository you imp,1,corpus_3cff9ce2ea6e,0.6162,,33042a3e-5e8e-4375-b964-0fe2252e504c,legal
0001,0001_general_small_case_8b2,case_8b29225c97,general_small,4,Question: Could you provide a detailed explanation of the specific AIpowered search engine you used to efficiently retrieve and manage research data within the centralized knowledge repository you imp,2,corpus_2baf82713a47,0.5954,,33042a3e-5e8e-4375-b964-0fe2252e504c,legal
0001,0001_general_small_case_8b2,case_8b29225c97,general_small,4,Question: Could you provide a detailed explanation of the specific AIpowered search engine you used to efficiently retrieve and manage research data within the centralized knowledge repository you imp,3,corpus_4c1078ca06ee,0.5829,,33042a3e-5e8e-4375-b964-0fe2252e504c,legal
0001,0001_general_small_case_8b2,case_8b29225c97,general_small,4,Question: Could you provide a detailed explanation of the specific AIpowered search engine you used to efficiently retrieve and manage research data within the centralized knowledge repository you imp,4,corpus_fcffcdc1e2e9,0.573,,33042a3e-5e8e-4375-b964-0fe2252e504c,legal
0001,0001_general_small_case_8b2,case_8b29225c97,general_small,4,Question: Could you provide a detailed explanation of the specific AIpowered search engine you used to efficiently retrieve and manage research data within the centralized knowledge repository you imp,5,corpus_7fa3bd5aef67,0.5668,,33042a3e-5e8e-4375-b964-0fe2252e504c,legal
0001,0001_general_small_case_8b2,case_8b29225c97,general_small,5,"Question: What are the key lessons that were learned during the operation of the centralized knowledge repository, and how did this inform the design and development of the next knowledge repository?",1,corpus_d29ad5e339af,0.5907,,33042a3e-5e8e-4375-b964-0fe2252e504c,legal
0001,0001_general_small_case_8b2,case_8b29225c97,general_small,5,"Question: What are the key lessons that were learned during the operation of the centralized knowledge repository, and how did this inform the design and development of the next knowledge repository?",2,corpus_9d2db1b0788c,0.5651,,33042a3e-5e8e-4375-b964-0fe2252e504c,legal
0001,0001_general_small_case_8b2,case_8b29225c97,general_small,5,"Question: What are the key lessons that were learned during the operation of the centralized knowledge repository, and how did this inform the design and development of the next knowledge repository?",3,corpus_dd46ff047548,0.5593,,33042a3e-5e8e-4375-b964-0fe2252e504c,legal
0001,0001_general_small_case_8b2,case_8b29225c97,general_small,5,"Question: What are the key lessons that were learned during the operation of the centralized knowledge repository, and how did this inform the design and development of the next knowledge repository?",4,corpus_c61456086ff7,0.5555,,af4b9da3-16de-4510-a1cb-2a32e101c884,healthcare
0001,0001_general_small_case_8b2,case_8b29225c97,general_small,5,"Question: What are the key lessons that were learned during the operation of the centralized knowledge repository, and how did this inform the design and development of the next knowledge repository?",5,corpus_ba21f14c583e,0.554,,33042a3e-5e8e-4375-b964-0fe2252e504c,legal
0001,0001_general_small_case_8b2,case_8b29225c97,general_small,6,Could you tell me more about primary challenge?,1,corpus_76e7114db21a,0.5433,,33042a3e-5e8e-4375-b964-0fe2252e504c,legal
0001,0001_general_small_case_8b2,case_8b29225c97,general_small,6,Could you tell me more about primary challenge?,2,corpus_296f0c49df07,0.5415,,33042a3e-5e8e-4375-b964-0fe2252e504c,legal
0001,0001_general_small_case_8b2,case_8b29225c97,general_small,6,Could you tell me more about primary challenge?,3,corpus_7d50834d4b2a,0.5339,,af4b9da3-16de-4510-a1cb-2a32e101c884,healthcare
0001,0001_general_small_case_8b2,case_8b29225c97,general_small,6,Could you tell me more about primary challenge?,4,corpus_e6d0bcbf3b07,0.5228,,af4b9da3-16de-4510-a1cb-2a32e101c884,healthcare
0001,0001_general_small_case_8b2,case_8b29225c97,general_small,6,Could you tell me more about primary challenge?,5,corpus_5b168d44f690,0.5199,,33042a3e-5e8e-4375-b964-0fe2252e504c,legal
0001,0001_general_small_case_8b2,case_8b29225c97,general_small,7,Question: Could you provide a detailed explanation of the specific AIpowered search engine you used to efficiently retrieve and manage research data within the centralized knowledge repository you imp,1,corpus_3cff9ce2ea6e,0.6162,,33042a3e-5e8e-4375-b964-0fe2252e504c,legal
0001,0001_general_small_case_8b2,case_8b29225c97,general_small,7,Question: Could you provide a detailed explanation of the specific AIpowered search engine you used to efficiently retrieve and manage research data within the centralized knowledge repository you imp,2,corpus_2baf82713a47,0.5954,,33042a3e-5e8e-4375-b964-0fe2252e504c,legal
0001,0001_general_small_case_8b2,case_8b29225c97,general_small,7,Question: Could you provide a detailed explanation of the specific AIpowered search engine you used to efficiently retrieve and manage research data within the centralized knowledge repository you imp,3,corpus_4c1078ca06ee,0.5829,,33042a3e-5e8e-4375-b964-0fe2252e504c,legal
0001,0001_general_small_case_8b2,case_8b29225c97,general_small,7,Question: Could you provide a detailed explanation of the specific AIpowered search engine you used to efficiently retrieve and manage research data within the centralized knowledge repository you imp,4,corpus_fcffcdc1e2e9,0.573,,33042a3e-5e8e-4375-b964-0fe2252e504c,legal
0001,0001_general_small_case_8b2,case_8b29225c97,general_small,7,Question: Could you provide a detailed explanation of the specific AIpowered search engine you used to efficiently retrieve and manage research data within the centralized knowledge repository you imp,5,corpus_7fa3bd5aef67,0.5668,,33042a3e-5e8e-4375-b964-0fe2252e504c,legal
0001,0001_general_small_case_8b2,case_8b29225c97,general_small,8,Question: Could you explain the specific AIpowered seaRCh engine that SteLarrCom implemented in Confluence to efficiently retrieve and manage research data within the centralized knowledge repository ,1,corpus_3cff9ce2ea6e,0.6162,,33042a3e-5e8e-4375-b964-0fe2252e504c,legal
0001,0001_general_small_case_8b2,case_8b29225c97,general_small,8,Question: Could you explain the specific AIpowered seaRCh engine that SteLarrCom implemented in Confluence to efficiently retrieve and manage research data within the centralized knowledge repository ,2,corpus_2baf82713a47,0.5954,,33042a3e-5e8e-4375-b964-0fe2252e504c,legal
0001,0001_general_small_case_8b2,case_8b29225c97,general_small,8,Question: Could you explain the specific AIpowered seaRCh engine that SteLarrCom implemented in Confluence to efficiently retrieve and manage research data within the centralized knowledge repository ,3,corpus_4c1078ca06ee,0.5829,,33042a3e-5e8e-4375-b964-0fe2252e504c,legal
0001,0001_general_small_case_8b2,case_8b29225c97,general_small,8,Question: Could you explain the specific AIpowered seaRCh engine that SteLarrCom implemented in Confluence to efficiently retrieve and manage research data within the centralized knowledge repository ,4,corpus_fcffcdc1e2e9,0.573,,33042a3e-5e8e-4375-b964-0fe2252e504c,legal
0001,0001_general_small_case_8b2,case_8b29225c97,general_small,8,Question: Could you explain the specific AIpowered seaRCh engine that SteLarrCom implemented in Confluence to efficiently retrieve and manage research data within the centralized knowledge repository ,5,corpus_7fa3bd5aef67,0.5668,,33042a3e-5e8e-4375-b964-0fe2252e504c,legal
0001,0001_general_small_case_8b2,case_8b29225c97,general_small,9,QUESTION: Could you provide a detailed explanation of the specific AIpowered seaRCh engine that SteLarrCom implemented in Confluence to efficiently retrieve and manage research data within the central,1,corpus_10f78a871ce1,0.6068,,33042a3e-5e8e-4375-b964-0fe2252e504c,legal
0001,0001_general_small_case_8b2,case_8b29225c97,general_small,9,QUESTION: Could you provide a detailed explanation of the specific AIpowered seaRCh engine that SteLarrCom implemented in Confluence to efficiently retrieve and manage research data within the central,2,corpus_2baf82713a47,0.6017,,33042a3e-5e8e-4375-b964-0fe2252e504c,legal
0001,0001_general_small_case_8b2,case_8b29225c97,general_small,9,QUESTION: Could you provide a detailed explanation of the specific AIpowered seaRCh engine that SteLarrCom implemented in Confluence to efficiently retrieve and manage research data within the central,3,corpus_3cff9ce2ea6e,0.5963,,33042a3e-5e8e-4375-b964-0fe2252e504c,legal
0001,0001_general_small_case_8b2,case_8b29225c97,general_small,9,QUESTION: Could you provide a detailed explanation of the specific AIpowered seaRCh engine that SteLarrCom implemented in Confluence to efficiently retrieve and manage research data within the central,4,corpus_0e194da4092c,0.5958,,33042a3e-5e8e-4375-b964-0fe2252e504c,legal
0001,0001_general_small_case_8b2,case_8b29225c97,general_small,9,QUESTION: Could you provide a detailed explanation of the specific AIpowered seaRCh engine that SteLarrCom implemented in Confluence to efficiently retrieve and manage research data within the central,5,corpus_fcffcdc1e2e9,0.5875,,33042a3e-5e8e-4375-b964-0fe2252e504c,legal
0001,0001_general_small_case_8b2,case_8b29225c97,general_small,10,QUESTION: Could you explain how the centralized knowledge repository implemented in Confluence was integrated with the knowledge graph and what were the benefits of this integration?,1,corpus_972dc4d8c499,0.6773,,33042a3e-5e8e-4375-b964-0fe2252e504c,legal
0001,0001_general_small_case_8b2,case_8b29225c97,general_small,10,QUESTION: Could you explain how the centralized knowledge repository implemented in Confluence was integrated with the knowledge graph and what were the benefits of this integration?,2,corpus_023876f89100,0.6453,,33042a3e-5e8e-4375-b964-0fe2252e504c,legal
0001,0001_general_small_case_8b2,case_8b29225c97,general_small,10,QUESTION: Could you explain how the centralized knowledge repository implemented in Confluence was integrated with the knowledge graph and what were the benefits of this integration?,3,corpus_41cc7e36a36a,0.6331,,33042a3e-5e8e-4375-b964-0fe2252e504c,legal
0001,0001_general_small_case_8b2,case_8b29225c97,general_small,10,QUESTION: Could you explain how the centralized knowledge repository implemented in Confluence was integrated with the knowledge graph and what were the benefits of this integration?,4,corpus_3cff9ce2ea6e,0.6206,,33042a3e-5e8e-4375-b964-0fe2252e504c,legal
0001,0001_general_small_case_8b2,case_8b29225c97,general_small,10,QUESTION: Could you explain how the centralized knowledge repository implemented in Confluence was integrated with the knowledge graph and what were the benefits of this integration?,5,corpus_a6373c55c27b,0.6163,,33042a3e-5e8e-4375-b964-0fe2252e504c,legal
0001,0001_general_small_case_8b2,case_8b29225c97,general_small,11,QUESTION: Could you provide more information on the specific AIpowered seaRCh engine that SteLarrCom implemented in Confluence to efficiently retrieve and manage research data within the centralized k,1,corpus_10f78a871ce1,0.6068,,33042a3e-5e8e-4375-b964-0fe2252e504c,legal
0001,0001_general_small_case_8b2,case_8b29225c97,general_small,11,QUESTION: Could you provide more information on the specific AIpowered seaRCh engine that SteLarrCom implemented in Confluence to efficiently retrieve and manage research data within the centralized k,2,corpus_2baf82713a47,0.6017,,33042a3e-5e8e-4375-b964-0fe2252e504c,legal
0001,0001_general_small_case_8b2,case_8b29225c97,general_small,11,QUESTION: Could you provide more information on the specific AIpowered seaRCh engine that SteLarrCom implemented in Confluence to efficiently retrieve and manage research data within the centralized k,3,corpus_3cff9ce2ea6e,0.5963,,33042a3e-5e8e-4375-b964-0fe2252e504c,legal
0001,0001_general_small_case_8b2,case_8b29225c97,general_small,11,QUESTION: Could you provide more information on the specific AIpowered seaRCh engine that SteLarrCom implemented in Confluence to efficiently retrieve and manage research data within the centralized k,4,corpus_0e194da4092c,0.5958,,33042a3e-5e8e-4375-b964-0fe2252e504c,legal
0001,0001_general_small_case_8b2,case_8b29225c97,general_small,11,QUESTION: Could you provide more information on the specific AIpowered seaRCh engine that SteLarrCom implemented in Confluence to efficiently retrieve and manage research data within the centralized k,5,corpus_fcffcdc1e2e9,0.5875,,33042a3e-5e8e-4375-b964-0fe2252e504c,legal
0001,0001_general_small_case_8b2,case_8b29225c97,general_small,12,QUESTION: Could you provide a detailed explanation of the specific AIpowered seaRCh engine that SteLarrCom implemented in Confluence to efficiently retrieve and manage research data within the central,1,corpus_10f78a871ce1,0.6068,,33042a3e-5e8e-4375-b964-0fe2252e504c,legal
0001,0001_general_small_case_8b2,case_8b29225c97,general_small,12,QUESTION: Could you provide a detailed explanation of the specific AIpowered seaRCh engine that SteLarrCom implemented in Confluence to efficiently retrieve and manage research data within the central,2,corpus_2baf82713a47,0.6017,,33042a3e-5e8e-4375-b964-0fe2252e504c,legal
0001,0001_general_small_case_8b2,case_8b29225c97,general_small,12,QUESTION: Could you provide a detailed explanation of the specific AIpowered seaRCh engine that SteLarrCom implemented in Confluence to efficiently retrieve and manage research data within the central,3,corpus_3cff9ce2ea6e,0.5963,,33042a3e-5e8e-4375-b964-0fe2252e504c,legal
0001,0001_general_small_case_8b2,case_8b29225c97,general_small,12,QUESTION: Could you provide a detailed explanation of the specific AIpowered seaRCh engine that SteLarrCom implemented in Confluence to efficiently retrieve and manage research data within the central,4,corpus_0e194da4092c,0.5958,,33042a3e-5e8e-4375-b964-0fe2252e504c,legal
0001,0001_general_small_case_8b2,case_8b29225c97,general_small,12,QUESTION: Could you provide a detailed explanation of the specific AIpowered seaRCh engine that SteLarrCom implemented in Confluence to efficiently retrieve and manage research data within the central,5,corpus_fcffcdc1e2e9,0.5875,,33042a3e-5e8e-4375-b964-0fe2252e504c,legal
0001,0001_general_small_case_8b2,case_8b29225c97,general_small,13,QUESTION: Could you provide a detailed explanation of the specific AIpowered seaRCh engine that SteLarrCom implemented in Confluence to efficiently retrieve and manage research data within the central,1,corpus_10f78a871ce1,0.6068,,33042a3e-5e8e-4375-b964-0fe2252e504c,legal
0001,0001_general_small_case_8b2,case_8b29225c97,general_small,13,QUESTION: Could you provide a detailed explanation of the specific AIpowered seaRCh engine that SteLarrCom implemented in Confluence to efficiently retrieve and manage research data within the central,2,corpus_2baf82713a47,0.6017,,33042a3e-5e8e-4375-b964-0fe2252e504c,legal
0001,0001_general_small_case_8b2,case_8b29225c97,general_small,13,QUESTION: Could you provide a detailed explanation of the specific AIpowered seaRCh engine that SteLarrCom implemented in Confluence to efficiently retrieve and manage research data within the central,3,corpus_3cff9ce2ea6e,0.5963,,33042a3e-5e8e-4375-b964-0fe2252e504c,legal
0001,0001_general_small_case_8b2,case_8b29225c97,general_small,13,QUESTION: Could you provide a detailed explanation of the specific AIpowered seaRCh engine that SteLarrCom implemented in Confluence to efficiently retrieve and manage research data within the central,4,corpus_0e194da4092c,0.5958,,33042a3e-5e8e-4375-b964-0fe2252e504c,legal
0001,0001_general_small_case_8b2,case_8b29225c97,general_small,13,QUESTION: Could you provide a detailed explanation of the specific AIpowered seaRCh engine that SteLarrCom implemented in Confluence to efficiently retrieve and manage research data within the central,5,corpus_fcffcdc1e2e9,0.5875,,33042a3e-5e8e-4375-b964-0fe2252e504c,legal
0001,0001_general_small_case_8b2,case_8b29225c97,general_small,14,Could you tell me more about primary challenge?,1,corpus_10f78a871ce1,0.6068,,33042a3e-5e8e-4375-b964-0fe2252e504c,legal
0001,0001_general_small_case_8b2,case_8b29225c97,general_small,14,Could you tell me more about primary challenge?,2,corpus_2baf82713a47,0.6017,,33042a3e-5e8e-4375-b964-0fe2252e504c,legal
0001,0001_general_small_case_8b2,case_8b29225c97,general_small,14,Could you tell me more about primary challenge?,3,corpus_3cff9ce2ea6e,0.5963,,33042a3e-5e8e-4375-b964-0fe2252e504c,legal
0001,0001_general_small_case_8b2,case_8b29225c97,general_small,14,Could you tell me more about primary challenge?,4,corpus_0e194da4092c,0.5958,,33042a3e-5e8e-4375-b964-0fe2252e504c,legal
0001,0001_general_small_case_8b2,case_8b29225c97,general_small,14,Could you tell me more about primary challenge?,5,corpus_fcffcdc1e2e9,0.5875,,33042a3e-5e8e-4375-b964-0fe2252e504c,legal
0001,0001_general_small_case_729,case_72932afe74,general_small,1,"Question: Could you describe the outcome of a recent technical change or operational chaullenge that your team faced, and what prompted it?",1,corpus_4dcf69bf62d5,0.5179,,33042a3e-5e8e-4375-b964-0fe2252e504c,legal
0001,0001_general_small_case_729,case_72932afe74,general_small,1,"Question: Could you describe the outcome of a recent technical change or operational chaullenge that your team faced, and what prompted it?",2,corpus_03b24a509cdd,0.5114,,33042a3e-5e8e-4375-b964-0fe2252e504c,legal
0001,0001_general_small_case_729,case_72932afe74,general_small,1,"Question: Could you describe the outcome of a recent technical change or operational chaullenge that your team faced, and what prompted it?",3,corpus_4b47604ce9b7,0.5096,,33042a3e-5e8e-4375-b964-0fe2252e504c,legal
0001,0001_general_small_case_729,case_72932afe74,general_small,1,"Question: Could you describe the outcome of a recent technical change or operational chaullenge that your team faced, and what prompted it?",4,corpus_4574abe420cf,0.5093,,33042a3e-5e8e-4375-b964-0fe2252e504c,legal
0001,0001_general_small_case_729,case_72932afe74,general_small,1,"Question: Could you describe the outcome of a recent technical change or operational chaullenge that your team faced, and what prompted it?",5,corpus_9b268183c0cd,0.4975,,33042a3e-5e8e-4375-b964-0fe2252e504c,legal
0001,0001_general_small_case_729,case_72932afe74,general_small,2,"Question: Could you describe the outcome of a recent technical change or operational chaullenge that your team faced, and what prompted it?",1,corpus_4dcf69bf62d5,0.5179,,33042a3e-5e8e-4375-b964-0fe2252e504c,legal
0001,0001_general_small_case_729,case_72932afe74,general_small,2,"Question: Could you describe the outcome of a recent technical change or operational chaullenge that your team faced, and what prompted it?",2,corpus_03b24a509cdd,0.5114,,33042a3e-5e8e-4375-b964-0fe2252e504c,legal
0001,0001_general_small_case_729,case_72932afe74,general_small,2,"Question: Could you describe the outcome of a recent technical change or operational chaullenge that your team faced, and what prompted it?",3,corpus_4b47604ce9b7,0.5096,,33042a3e-5e8e-4375-b964-0fe2252e504c,legal
0001,0001_general_small_case_729,case_72932afe74,general_small,2,"Question: Could you describe the outcome of a recent technical change or operational chaullenge that your team faced, and what prompted it?",4,corpus_4574abe420cf,0.5093,,33042a3e-5e8e-4375-b964-0fe2252e504c,legal
0001,0001_general_small_case_729,case_72932afe74,general_small,2,"Question: Could you describe the outcome of a recent technical change or operational chaullenge that your team faced, and what prompted it?",5,corpus_9b268183c0cd,0.4975,,33042a3e-5e8e-4375-b964-0fe2252e504c,legal
0001,0001_general_small_case_729,case_72932afe74,general_small,3,"QUESTION: Could you describe the outcome of a recent technical change or operational chaullenge that your team faced, and what prompted it?",1,corpus_4dcf69bf62d5,0.5179,,33042a3e-5e8e-4375-b964-0fe2252e504c,legal
0001,0001_general_small_case_729,case_72932afe74,general_small,3,"QUESTION: Could you describe the outcome of a recent technical change or operational chaullenge that your team faced, and what prompted it?",2,corpus_03b24a509cdd,0.5114,,33042a3e-5e8e-4375-b964-0fe2252e504c,legal
0001,0001_general_small_case_729,case_72932afe74,general_small,3,"QUESTION: Could you describe the outcome of a recent technical change or operational chaullenge that your team faced, and what prompted it?",3,corpus_4b47604ce9b7,0.5096,,33042a3e-5e8e-4375-b964-0fe2252e504c,legal
0001,0001_general_small_case_729,case_72932afe74,general_small,3,"QUESTION: Could you describe the outcome of a recent technical change or operational chaullenge that your team faced, and what prompted it?",4,corpus_4574abe420cf,0.5093,,33042a3e-5e8e-4375-b964-0fe2252e504c,legal
0001,0001_general_small_case_729,case_72932afe74,general_small,3,"QUESTION: Could you describe the outcome of a recent technical change or operational chaullenge that your team faced, and what prompted it?",5,corpus_9b268183c0cd,0.4975,,33042a3e-5e8e-4375-b964-0fe2252e504c,legal
0001,0001_general_small_case_729,case_72932afe74,general_small,4,"Question: Could you describe the outcome of a recent technical change or operational chaullenge that your team faced, and what prompted it?",1,corpus_4dcf69bf62d5,0.5179,,33042a3e-5e8e-4375-b964-0fe2252e504c,legal
0001,0001_general_small_case_729,case_72932afe74,general_small,4,"Question: Could you describe the outcome of a recent technical change or operational chaullenge that your team faced, and what prompted it?",2,corpus_03b24a509cdd,0.5114,,33042a3e-5e8e-4375-b964-0fe2252e504c,legal
0001,0001_general_small_case_729,case_72932afe74,general_small,4,"Question: Could you describe the outcome of a recent technical change or operational chaullenge that your team faced, and what prompted it?",3,corpus_4b47604ce9b7,0.5096,,33042a3e-5e8e-4375-b964-0fe2252e504c,legal
0001,0001_general_small_case_729,case_72932afe74,general_small,4,"Question: Could you describe the outcome of a recent technical change or operational chaullenge that your team faced, and what prompted it?",4,corpus_4574abe420cf,0.5093,,33042a3e-5e8e-4375-b964-0fe2252e504c,legal
0001,0001_general_small_case_729,case_72932afe74,general_small,4,"Question: Could you describe the outcome of a recent technical change or operational chaullenge that your team faced, and what prompted it?",5,corpus_9b268183c0cd,0.4975,,33042a3e-5e8e-4375-b964-0fe2252e504c,legal
0001,0001_general_small_case_729,case_72932afe74,general_small,5,QUESTION: Could you describe the specific lessons learned and strategies implemented by your team as they prepared for and responded to the recent technical change or operational chaullenge?,1,corpus_1e768545a793,0.5902,,33042a3e-5e8e-4375-b964-0fe2252e504c,legal
0001,0001_general_small_case_729,case_72932afe74,general_small,5,QUESTION: Could you describe the specific lessons learned and strategies implemented by your team as they prepared for and responded to the recent technical change or operational chaullenge?,2,corpus_7dd4c34c90bc,0.5854,,33042a3e-5e8e-4375-b964-0fe2252e504c,legal
0001,0001_general_small_case_729,case_72932afe74,general_small,5,QUESTION: Could you describe the specific lessons learned and strategies implemented by your team as they prepared for and responded to the recent technical change or operational chaullenge?,3,corpus_1e31124f7ccd,0.5848,,33042a3e-5e8e-4375-b964-0fe2252e504c,legal
0001,0001_general_small_case_729,case_72932afe74,general_small,5,QUESTION: Could you describe the specific lessons learned and strategies implemented by your team as they prepared for and responded to the recent technical change or operational chaullenge?,4,corpus_ba21f14c583e,0.5825,,33042a3e-5e8e-4375-b964-0fe2252e504c,legal
0001,0001_general_small_case_729,case_72932afe74,general_small,5,QUESTION: Could you describe the specific lessons learned and strategies implemented by your team as they prepared for and responded to the recent technical change or operational chaullenge?,5,corpus_4b47604ce9b7,0.5759,,33042a3e-5e8e-4375-b964-0fe2252e504c,legal
0001,0001_general_small_case_729,case_72932afe74,general_small,6,Question: Could you describe the specific lessons learned and strategies implemented by your team as they prepared for and responded to the recent technical change or operational chaullenge?,1,corpus_1e768545a793,0.5902,,33042a3e-5e8e-4375-b964-0fe2252e504c,legal
0001,0001_general_small_case_729,case_72932afe74,general_small,6,Question: Could you describe the specific lessons learned and strategies implemented by your team as they prepared for and responded to the recent technical change or operational chaullenge?,2,corpus_7dd4c34c90bc,0.5854,,33042a3e-5e8e-4375-b964-0fe2252e504c,legal
0001,0001_general_small_case_729,case_72932afe74,general_small,6,Question: Could you describe the specific lessons learned and strategies implemented by your team as they prepared for and responded to the recent technical change or operational chaullenge?,3,corpus_1e31124f7ccd,0.5848,,33042a3e-5e8e-4375-b964-0fe2252e504c,legal
0001,0001_general_small_case_729,case_72932afe74,general_small,6,Question: Could you describe the specific lessons learned and strategies implemented by your team as they prepared for and responded to the recent technical change or operational chaullenge?,4,corpus_ba21f14c583e,0.5825,,33042a3e-5e8e-4375-b964-0fe2252e504c,legal
0001,0001_general_small_case_729,case_72932afe74,general_small,6,Question: Could you describe the specific lessons learned and strategies implemented by your team as they prepared for and responded to the recent technical change or operational chaullenge?,5,corpus_4b47604ce9b7,0.5759,,33042a3e-5e8e-4375-b964-0fe2252e504c,legal
0001,0001_general_small_case_729,case_72932afe74,general_small,7,Question: Could you describe the specific lessons learned and strategies implemented by your team as they prepared for and responded to the recent technical change or operational chaullenge?,1,corpus_1e768545a793,0.5902,,33042a3e-5e8e-4375-b964-0fe2252e504c,legal
0001,0001_general_small_case_729,case_72932afe74,general_small,7,Question: Could you describe the specific lessons learned and strategies implemented by your team as they prepared for and responded to the recent technical change or operational chaullenge?,2,corpus_7dd4c34c90bc,0.5854,,33042a3e-5e8e-4375-b964-0fe2252e504c,legal
0001,0001_general_small_case_729,case_72932afe74,general_small,7,Question: Could you describe the specific lessons learned and strategies implemented by your team as they prepared for and responded to the recent technical change or operational chaullenge?,3,corpus_1e31124f7ccd,0.5848,,33042a3e-5e8e-4375-b964-0fe2252e504c,legal
0001,0001_general_small_case_729,case_72932afe74,general_small,7,Question: Could you describe the specific lessons learned and strategies implemented by your team as they prepared for and responded to the recent technical change or operational chaullenge?,4,corpus_ba21f14c583e,0.5825,,33042a3e-5e8e-4375-b964-0fe2252e504c,legal
0001,0001_general_small_case_729,case_72932afe74,general_small,7,Question: Could you describe the specific lessons learned and strategies implemented by your team as they prepared for and responded to the recent technical change or operational chaullenge?,5,corpus_4b47604ce9b7,0.5759,,33042a3e-5e8e-4375-b964-0fe2252e504c,legal
0001,0001_general_small_case_729,case_72932afe74,general_small,8,Question: Could you provide an overview of the specific lessons learned and strategies implemented by your team as they prepared for and responded to the recent technical change or operational chaulle,1,corpus_1e768545a793,0.5902,,33042a3e-5e8e-4375-b964-0fe2252e504c,legal
0001,0001_general_small_case_729,case_72932afe74,general_small,8,Question: Could you provide an overview of the specific lessons learned and strategies implemented by your team as they prepared for and responded to the recent technical change or operational chaulle,2,corpus_7dd4c34c90bc,0.5854,,33042a3e-5e8e-4375-b964-0fe2252e504c,legal
0001,0001_general_small_case_729,case_72932afe74,general_small,8,Question: Could you provide an overview of the specific lessons learned and strategies implemented by your team as they prepared for and responded to the recent technical change or operational chaulle,3,corpus_1e31124f7ccd,0.5848,,33042a3e-5e8e-4375-b964-0fe2252e504c,legal
0001,0001_general_small_case_729,case_72932afe74,general_small,8,Question: Could you provide an overview of the specific lessons learned and strategies implemented by your team as they prepared for and responded to the recent technical change or operational chaulle,4,corpus_ba21f14c583e,0.5825,,33042a3e-5e8e-4375-b964-0fe2252e504c,legal
0001,0001_general_small_case_729,case_72932afe74,general_small,8,Question: Could you provide an overview of the specific lessons learned and strategies implemented by your team as they prepared for and responded to the recent technical change or operational chaulle,5,corpus_4b47604ce9b7,0.5759,,33042a3e-5e8e-4375-b964-0fe2252e504c,legal
0001,0001_general_small_case_729,case_72932afe74,general_small,9,QUESTION: Could you provide a summary of the specific lessons learned and strategies implemented by your team as they prepared for and responded to the recent technical change or operational chaulleng,1,corpus_1e768545a793,0.5902,,33042a3e-5e8e-4375-b964-0fe2252e504c,legal
0001,0001_general_small_case_729,case_72932afe74,general_small,9,QUESTION: Could you provide a summary of the specific lessons learned and strategies implemented by your team as they prepared for and responded to the recent technical change or operational chaulleng,2,corpus_7dd4c34c90bc,0.5854,,33042a3e-5e8e-4375-b964-0fe2252e504c,legal
0001,0001_general_small_case_729,case_72932afe74,general_small,9,QUESTION: Could you provide a summary of the specific lessons learned and strategies implemented by your team as they prepared for and responded to the recent technical change or operational chaulleng,3,corpus_1e31124f7ccd,0.5848,,33042a3e-5e8e-4375-b964-0fe2252e504c,legal
0001,0001_general_small_case_729,case_72932afe74,general_small,9,QUESTION: Could you provide a summary of the specific lessons learned and strategies implemented by your team as they prepared for and responded to the recent technical change or operational chaulleng,4,corpus_ba21f14c583e,0.5825,,33042a3e-5e8e-4375-b964-0fe2252e504c,legal
0001,0001_general_small_case_729,case_72932afe74,general_small,9,QUESTION: Could you provide a summary of the specific lessons learned and strategies implemented by your team as they prepared for and responded to the recent technical change or operational chaulleng,5,corpus_4b47604ce9b7,0.5759,,33042a3e-5e8e-4375-b964-0fe2252e504c,legal
0001,0001_general_small_case_729,case_72932afe74,general_small,10,Question: Could you provide an overview of the specific lessons learned and strategies implemented by your team as they prepared for and responded to the recent technical change or operational chaulle,1,corpus_1e768545a793,0.5902,,33042a3e-5e8e-4375-b964-0fe2252e504c,legal
0001,0001_general_small_case_729,case_72932afe74,general_small,10,Question: Could you provide an overview of the specific lessons learned and strategies implemented by your team as they prepared for and responded to the recent technical change or operational chaulle,2,corpus_7dd4c34c90bc,0.5854,,33042a3e-5e8e-4375-b964-0fe2252e504c,legal
0001,0001_general_small_case_729,case_72932afe74,general_small,10,Question: Could you provide an overview of the specific lessons learned and strategies implemented by your team as they prepared for and responded to the recent technical change or operational chaulle,3,corpus_1e31124f7ccd,0.5848,,33042a3e-5e8e-4375-b964-0fe2252e504c,legal
0001,0001_general_small_case_729,case_72932afe74,general_small,10,Question: Could you provide an overview of the specific lessons learned and strategies implemented by your team as they prepared for and responded to the recent technical change or operational chaulle,4,corpus_ba21f14c583e,0.5825,,33042a3e-5e8e-4375-b964-0fe2252e504c,legal
0001,0001_general_small_case_729,case_72932afe74,general_small,10,Question: Could you provide an overview of the specific lessons learned and strategies implemented by your team as they prepared for and responded to the recent technical change or operational chaulle,5,corpus_4b47604ce9b7,0.5759,,33042a3e-5e8e-4375-b964-0fe2252e504c,legal
0001,0001_general_small_case_729,case_72932afe74,general_small,11,QUESTION: Could you provide a summary of the specific lessons learned and strategies implemented by your team as they prepared for and responded to the recent technical change or operational chaulleng,1,corpus_1e768545a793,0.5902,,33042a3e-5e8e-4375-b964-0fe2252e504c,legal
0001,0001_general_small_case_729,case_72932afe74,general_small,11,QUESTION: Could you provide a summary of the specific lessons learned and strategies implemented by your team as they prepared for and responded to the recent technical change or operational chaulleng,2,corpus_7dd4c34c90bc,0.5854,,33042a3e-5e8e-4375-b964-0fe2252e504c,legal
0001,0001_general_small_case_729,case_72932afe74,general_small,11,QUESTION: Could you provide a summary of the specific lessons learned and strategies implemented by your team as they prepared for and responded to the recent technical change or operational chaulleng,3,corpus_1e31124f7ccd,0.5848,,33042a3e-5e8e-4375-b964-0fe2252e504c,legal
0001,0001_general_small_case_729,case_72932afe74,general_small,11,QUESTION: Could you provide a summary of the specific lessons learned and strategies implemented by your team as they prepared for and responded to the recent technical change or operational chaulleng,4,corpus_ba21f14c583e,0.5825,,33042a3e-5e8e-4375-b964-0fe2252e504c,legal
0001,0001_general_small_case_729,case_72932afe74,general_small,11,QUESTION: Could you provide a summary of the specific lessons learned and strategies implemented by your team as they prepared for and responded to the recent technical change or operational chaulleng,5,corpus_4b47604ce9b7,0.5759,,33042a3e-5e8e-4375-b964-0fe2252e504c,legal
0001,0001_general_small_case_729,case_72932afe74,general_small,12,QUESTION: What specific lessons learned and strategies were implemented by your team as they prepared for and responded to the recent technical change or operational chaullenge?,1,corpus_1e768545a793,0.5902,,33042a3e-5e8e-4375-b964-0fe2252e504c,legal
0001,0001_general_small_case_729,case_72932afe74,general_small,12,QUESTION: What specific lessons learned and strategies were implemented by your team as they prepared for and responded to the recent technical change or operational chaullenge?,2,corpus_7dd4c34c90bc,0.5854,,33042a3e-5e8e-4375-b964-0fe2252e504c,legal
0001,0001_general_small_case_729,case_72932afe74,general_small,12,QUESTION: What specific lessons learned and strategies were implemented by your team as they prepared for and responded to the recent technical change or operational chaullenge?,3,corpus_1e31124f7ccd,0.5848,,33042a3e-5e8e-4375-b964-0fe2252e504c,legal
0001,0001_general_small_case_729,case_72932afe74,general_small,12,QUESTION: What specific lessons learned and strategies were implemented by your team as they prepared for and responded to the recent technical change or operational chaullenge?,4,corpus_ba21f14c583e,0.5825,,33042a3e-5e8e-4375-b964-0fe2252e504c,legal
0001,0001_general_small_case_729,case_72932afe74,general_small,12,QUESTION: What specific lessons learned and strategies were implemented by your team as they prepared for and responded to the recent technical change or operational chaullenge?,5,corpus_4b47604ce9b7,0.5759,,33042a3e-5e8e-4375-b964-0fe2252e504c,legal
0001,0001_general_small_case_729,case_72932afe74,general_small,13,QUESTION: Could you provide an overview of the specific lessons learned and strategies implemented by your team as they prepared for and responded to the recent technical change or operational chaulle,1,corpus_1e768545a793,0.5902,,33042a3e-5e8e-4375-b964-0fe2252e504c,legal
0001,0001_general_small_case_729,case_72932afe74,general_small,13,QUESTION: Could you provide an overview of the specific lessons learned and strategies implemented by your team as they prepared for and responded to the recent technical change or operational chaulle,2,corpus_7dd4c34c90bc,0.5854,,33042a3e-5e8e-4375-b964-0fe2252e504c,legal
0001,0001_general_small_case_729,case_72932afe74,general_small,13,QUESTION: Could you provide an overview of the specific lessons learned and strategies implemented by your team as they prepared for and responded to the recent technical change or operational chaulle,3,corpus_1e31124f7ccd,0.5848,,33042a3e-5e8e-4375-b964-0fe2252e504c,legal
0001,0001_general_small_case_729,case_72932afe74,general_small,13,QUESTION: Could you provide an overview of the specific lessons learned and strategies implemented by your team as they prepared for and responded to the recent technical change or operational chaulle,4,corpus_ba21f14c583e,0.5825,,33042a3e-5e8e-4375-b964-0fe2252e504c,legal
0001,0001_general_small_case_729,case_72932afe74,general_small,13,QUESTION: Could you provide an overview of the specific lessons learned and strategies implemented by your team as they prepared for and responded to the recent technical change or operational chaulle,5,corpus_4b47604ce9b7,0.5759,,33042a3e-5e8e-4375-b964-0fe2252e504c,legal
0001,0001_general_small_case_729,case_72932afe74,general_small,14,Question: Could you provide a summary of the specific lessons learned and strategies implemented by your team as they prepared for and responded to the recent technical change or operational chaulleng,1,corpus_1e768545a793,0.5902,,33042a3e-5e8e-4375-b964-0fe2252e504c,legal
0001,0001_general_small_case_729,case_72932afe74,general_small,14,Question: Could you provide a summary of the specific lessons learned and strategies implemented by your team as they prepared for and responded to the recent technical change or operational chaulleng,2,corpus_7dd4c34c90bc,0.5854,,33042a3e-5e8e-4375-b964-0fe2252e504c,legal
0001,0001_general_small_case_729,case_72932afe74,general_small,14,Question: Could you provide a summary of the specific lessons learned and strategies implemented by your team as they prepared for and responded to the recent technical change or operational chaulleng,3,corpus_1e31124f7ccd,0.5848,,33042a3e-5e8e-4375-b964-0fe2252e504c,legal
0001,0001_general_small_case_729,case_72932afe74,general_small,14,Question: Could you provide a summary of the specific lessons learned and strategies implemented by your team as they prepared for and responded to the recent technical change or operational chaulleng,4,corpus_ba21f14c583e,0.5825,,33042a3e-5e8e-4375-b964-0fe2252e504c,legal
0001,0001_general_small_case_729,case_72932afe74,general_small,14,Question: Could you provide a summary of the specific lessons learned and strategies implemented by your team as they prepared for and responded to the recent technical change or operational chaulleng,5,corpus_4b47604ce9b7,0.5759,,33042a3e-5e8e-4375-b964-0fe2252e504c,legal
0001,0001_general_small_case_8b2,case_8b29225c97,general_small,1,"Question: What technologies did your team use in the project to combat the duplicated work and inconsistent processes, and how did you ensure that these were properly documented in a centralized knowl",1,corpus_4709625e9a6d,0.656,,33042a3e-5e8e-4375-b964-0fe2252e504c,legal
0001,0001_general_small_case_8b2,case_8b29225c97,general_small,1,"Question: What technologies did your team use in the project to combat the duplicated work and inconsistent processes, and how did you ensure that these were properly documented in a centralized knowl",2,corpus_d0300aec13ed,0.564,,33042a3e-5e8e-4375-b964-0fe2252e504c,legal
0001,0001_general_small_case_8b2,case_8b29225c97,general_small,1,"Question: What technologies did your team use in the project to combat the duplicated work and inconsistent processes, and how did you ensure that these were properly documented in a centralized knowl",3,corpus_906224994f0a,0.5619,,33042a3e-5e8e-4375-b964-0fe2252e504c,legal
0001,0001_general_small_case_8b2,case_8b29225c97,general_small,1,"Question: What technologies did your team use in the project to combat the duplicated work and inconsistent processes, and how did you ensure that these were properly documented in a centralized knowl",4,corpus_b2b9f5e071e0,0.5615,,33042a3e-5e8e-4375-b964-0fe2252e504c,legal
0001,0001_general_small_case_8b2,case_8b29225c97,general_small,1,"Question: What technologies did your team use in the project to combat the duplicated work and inconsistent processes, and how did you ensure that these were properly documented in a centralized knowl",5,corpus_4b47604ce9b7,0.5585,,33042a3e-5e8e-4375-b964-0fe2252e504c,legal
0001,0001_general_small_case_8b2,case_8b29225c97,general_small,2,"Question: What technologies did your team use in the project to combat the duplicated work and inconsistent processes, and how did you ensure that these were properly documented in a centralized knowl",1,corpus_4709625e9a6d,0.656,,33042a3e-5e8e-4375-b964-0fe2252e504c,legal
0001,0001_general_small_case_8b2,case_8b29225c97,general_small,2,"Question: What technologies did your team use in the project to combat the duplicated work and inconsistent processes, and how did you ensure that these were properly documented in a centralized knowl",2,corpus_d0300aec13ed,0.564,,33042a3e-5e8e-4375-b964-0fe2252e504c,legal
0001,0001_general_small_case_8b2,case_8b29225c97,general_small,2,"Question: What technologies did your team use in the project to combat the duplicated work and inconsistent processes, and how did you ensure that these were properly documented in a centralized knowl",3,corpus_906224994f0a,0.5619,,33042a3e-5e8e-4375-b964-0fe2252e504c,legal
0001,0001_general_small_case_8b2,case_8b29225c97,general_small,2,"Question: What technologies did your team use in the project to combat the duplicated work and inconsistent processes, and how did you ensure that these were properly documented in a centralized knowl",4,corpus_b2b9f5e071e0,0.5615,,33042a3e-5e8e-4375-b964-0fe2252e504c,legal
0001,0001_general_small_case_8b2,case_8b29225c97,general_small,2,"Question: What technologies did your team use in the project to combat the duplicated work and inconsistent processes, and how did you ensure that these were properly documented in a centralized knowl",5,corpus_4b47604ce9b7,0.5585,,33042a3e-5e8e-4375-b964-0fe2252e504c,legal
0001,0001_general_small_case_8b2,case_8b29225c97,general_small,3,"QUESTION: What was the specific technological solution your team implemented to combat the duplicated work and inconsistent processes, and how did they ensure that these were properly documented in a ",1,corpus_4709625e9a6d,0.656,,33042a3e-5e8e-4375-b964-0fe2252e504c,legal
0001,0001_general_small_case_8b2,case_8b29225c97,general_small,3,"QUESTION: What was the specific technological solution your team implemented to combat the duplicated work and inconsistent processes, and how did they ensure that these were properly documented in a ",2,corpus_d0300aec13ed,0.564,,33042a3e-5e8e-4375-b964-0fe2252e504c,legal
0001,0001_general_small_case_8b2,case_8b29225c97,general_small,3,"QUESTION: What was the specific technological solution your team implemented to combat the duplicated work and inconsistent processes, and how did they ensure that these were properly documented in a ",3,corpus_906224994f0a,0.5619,,33042a3e-5e8e-4375-b964-0fe2252e504c,legal
0001,0001_general_small_case_8b2,case_8b29225c97,general_small,3,"QUESTION: What was the specific technological solution your team implemented to combat the duplicated work and inconsistent processes, and how did they ensure that these were properly documented in a ",4,corpus_b2b9f5e071e0,0.5615,,33042a3e-5e8e-4375-b964-0fe2252e504c,legal
0001,0001_general_small_case_8b2,case_8b29225c97,general_small,3,"QUESTION: What was the specific technological solution your team implemented to combat the duplicated work and inconsistent processes, and how did they ensure that these were properly documented in a ",5,corpus_4b47604ce9b7,0.5585,,33042a3e-5e8e-4375-b964-0fe2252e504c,legal
0001,0001_general_small_case_8b2,case_8b29225c97,general_small,4,"QUESTION: What was the specific technological solution your team implemented to combat the duplicated work and inconsistent processes, and how did they ensure that these were properly documented in a ",1,corpus_4709625e9a6d,0.656,,33042a3e-5e8e-4375-b964-0fe2252e504c,legal
0001,0001_general_small_case_8b2,case_8b29225c97,general_small,4,"QUESTION: What was the specific technological solution your team implemented to combat the duplicated work and inconsistent processes, and how did they ensure that these were properly documented in a ",2,corpus_d0300aec13ed,0.564,,33042a3e-5e8e-4375-b964-0fe2252e504c,legal
0001,0001_general_small_case_8b2,case_8b29225c97,general_small,4,"QUESTION: What was the specific technological solution your team implemented to combat the duplicated work and inconsistent processes, and how did they ensure that these were properly documented in a ",3,corpus_906224994f0a,0.5619,,33042a3e-5e8e-4375-b964-0fe2252e504c,legal
0001,0001_general_small_case_8b2,case_8b29225c97,general_small,4,"QUESTION: What was the specific technological solution your team implemented to combat the duplicated work and inconsistent processes, and how did they ensure that these were properly documented in a ",4,corpus_b2b9f5e071e0,0.5615,,33042a3e-5e8e-4375-b964-0fe2252e504c,legal
0001,0001_general_small_case_8b2,case_8b29225c97,general_small,4,"QUESTION: What was the specific technological solution your team implemented to combat the duplicated work and inconsistent processes, and how did they ensure that these were properly documented in a ",5,corpus_4b47604ce9b7,0.5585,,33042a3e-5e8e-4375-b964-0fe2252e504c,legal
0001,0001_general_small_case_8b2,case_8b29225c97,general_small,5,"Question: QUESTION: What technological solution was your team able to implement to combat duplicated work and inconsistent processes, and how did they ensure that these were properly documented in a c",1,corpus_4709625e9a6d,0.656,,33042a3e-5e8e-4375-b964-0fe2252e504c,legal
0001,0001_general_small_case_8b2,case_8b29225c97,general_small,5,"Question: QUESTION: What technological solution was your team able to implement to combat duplicated work and inconsistent processes, and how did they ensure that these were properly documented in a c",2,corpus_d0300aec13ed,0.564,,33042a3e-5e8e-4375-b964-0fe2252e504c,legal
0001,0001_general_small_case_8b2,case_8b29225c97,general_small,5,"Question: QUESTION: What technological solution was your team able to implement to combat duplicated work and inconsistent processes, and how did they ensure that these were properly documented in a c",3,corpus_906224994f0a,0.5619,,33042a3e-5e8e-4375-b964-0fe2252e504c,legal
0001,0001_general_small_case_8b2,case_8b29225c97,general_small,5,"Question: QUESTION: What technological solution was your team able to implement to combat duplicated work and inconsistent processes, and how did they ensure that these were properly documented in a c",4,corpus_b2b9f5e071e0,0.5615,,33042a3e-5e8e-4375-b964-0fe2252e504c,legal
0001,0001_general_small_case_8b2,case_8b29225c97,general_small,5,"Question: QUESTION: What technological solution was your team able to implement to combat duplicated work and inconsistent processes, and how did they ensure that these were properly documented in a c",5,corpus_4b47604ce9b7,0.5585,,33042a3e-5e8e-4375-b964-0fe2252e504c,legal
0001,0001_general_small_case_8b2,case_8b29225c97,general_small,6,"QUESTION: What was the specific technological solution your team implemented to combat the duplicated work and inconsistent processes, and how did they ensure that these were properly documented in a ",1,corpus_4709625e9a6d,0.656,,33042a3e-5e8e-4375-b964-0fe2252e504c,legal
0001,0001_general_small_case_8b2,case_8b29225c97,general_small,6,"QUESTION: What was the specific technological solution your team implemented to combat the duplicated work and inconsistent processes, and how did they ensure that these were properly documented in a ",2,corpus_d0300aec13ed,0.564,,33042a3e-5e8e-4375-b964-0fe2252e504c,legal
0001,0001_general_small_case_8b2,case_8b29225c97,general_small,6,"QUESTION: What was the specific technological solution your team implemented to combat the duplicated work and inconsistent processes, and how did they ensure that these were properly documented in a ",3,corpus_906224994f0a,0.5619,,33042a3e-5e8e-4375-b964-0fe2252e504c,legal
0001,0001_general_small_case_8b2,case_8b29225c97,general_small,6,"QUESTION: What was the specific technological solution your team implemented to combat the duplicated work and inconsistent processes, and how did they ensure that these were properly documented in a ",4,corpus_b2b9f5e071e0,0.5615,,33042a3e-5e8e-4375-b964-0fe2252e504c,legal
0001,0001_general_small_case_8b2,case_8b29225c97,general_small,6,"QUESTION: What was the specific technological solution your team implemented to combat the duplicated work and inconsistent processes, and how did they ensure that these were properly documented in a ",5,corpus_4b47604ce9b7,0.5585,,33042a3e-5e8e-4375-b964-0fe2252e504c,legal
0001,0001_general_small_case_8b2,case_8b29225c97,general_small,7,"QUESTION: QUESTION: What technological solution was your team able to implement to combat duplicated work and inconsistent processes, and how did they ensure that these were properly documented in a c",1,corpus_4709625e9a6d,0.656,,33042a3e-5e8e-4375-b964-0fe2252e504c,legal
0001,0001_general_small_case_8b2,case_8b29225c97,general_small,7,"QUESTION: QUESTION: What technological solution was your team able to implement to combat duplicated work and inconsistent processes, and how did they ensure that these were properly documented in a c",2,corpus_d0300aec13ed,0.564,,33042a3e-5e8e-4375-b964-0fe2252e504c,legal
0001,0001_general_small_case_8b2,case_8b29225c97,general_small,7,"QUESTION: QUESTION: What technological solution was your team able to implement to combat duplicated work and inconsistent processes, and how did they ensure that these were properly documented in a c",3,corpus_906224994f0a,0.5619,,33042a3e-5e8e-4375-b964-0fe2252e504c,legal
0001,0001_general_small_case_8b2,case_8b29225c97,general_small,7,"QUESTION: QUESTION: What technological solution was your team able to implement to combat duplicated work and inconsistent processes, and how did they ensure that these were properly documented in a c",4,corpus_b2b9f5e071e0,0.5615,,33042a3e-5e8e-4375-b964-0fe2252e504c,legal
0001,0001_general_small_case_8b2,case_8b29225c97,general_small,7,"QUESTION: QUESTION: What technological solution was your team able to implement to combat duplicated work and inconsistent processes, and how did they ensure that these were properly documented in a c",5,corpus_4b47604ce9b7,0.5585,,33042a3e-5e8e-4375-b964-0fe2252e504c,legal
0001,0001_general_small_case_8b2,case_8b29225c97,general_small,8,"Question: QUESTION: What was the specific technological solution your team implemented to combat the duplicated work and inconsistent processes, and how did they ensure that these were properly docume",1,corpus_4709625e9a6d,0.656,,33042a3e-5e8e-4375-b964-0fe2252e504c,legal
0001,0001_general_small_case_8b2,case_8b29225c97,general_small,8,"Question: QUESTION: What was the specific technological solution your team implemented to combat the duplicated work and inconsistent processes, and how did they ensure that these were properly docume",2,corpus_d0300aec13ed,0.564,,33042a3e-5e8e-4375-b964-0fe2252e504c,legal
0001,0001_general_small_case_8b2,case_8b29225c97,general_small,8,"Question: QUESTION: What was the specific technological solution your team implemented to combat the duplicated work and inconsistent processes, and how did they ensure that these were properly docume",3,corpus_906224994f0a,0.5619,,33042a3e-5e8e-4375-b964-0fe2252e504c,legal
0001,0001_general_small_case_8b2,case_8b29225c97,general_small,8,"Question: QUESTION: What was the specific technological solution your team implemented to combat the duplicated work and inconsistent processes, and how did they ensure that these were properly docume",4,corpus_b2b9f5e071e0,0.5615,,33042a3e-5e8e-4375-b964-0fe2252e504c,legal
0001,0001_general_small_case_8b2,case_8b29225c97,general_small,8,"Question: QUESTION: What was the specific technological solution your team implemented to combat the duplicated work and inconsistent processes, and how did they ensure that these were properly docume",5,corpus_4b47604ce9b7,0.5585,,33042a3e-5e8e-4375-b964-0fe2252e504c,legal
0001,0001_general_small_case_8b2,case_8b29225c97,general_small,9,"QUESTION: QUESTION: What was the specific technological solution your team implemented to combat the duplicated work and inconsistent processes, and how did they ensure that these were properly docume",1,corpus_4709625e9a6d,0.656,,33042a3e-5e8e-4375-b964-0fe2252e504c,legal
0001,0001_general_small_case_8b2,case_8b29225c97,general_small,9,"QUESTION: QUESTION: What was the specific technological solution your team implemented to combat the duplicated work and inconsistent processes, and how did they ensure that these were properly docume",2,corpus_d0300aec13ed,0.564,,33042a3e-5e8e-4375-b964-0fe2252e504c,legal
0001,0001_general_small_case_8b2,case_8b29225c97,general_small,9,"QUESTION: QUESTION: What was the specific technological solution your team implemented to combat the duplicated work and inconsistent processes, and how did they ensure that these were properly docume",3,corpus_906224994f0a,0.5619,,33042a3e-5e8e-4375-b964-0fe2252e504c,legal
0001,0001_general_small_case_8b2,case_8b29225c97,general_small,9,"QUESTION: QUESTION: What was the specific technological solution your team implemented to combat the duplicated work and inconsistent processes, and how did they ensure that these were properly docume",4,corpus_b2b9f5e071e0,0.5615,,33042a3e-5e8e-4375-b964-0fe2252e504c,legal
0001,0001_general_small_case_8b2,case_8b29225c97,general_small,9,"QUESTION: QUESTION: What was the specific technological solution your team implemented to combat the duplicated work and inconsistent processes, and how did they ensure that these were properly docume",5,corpus_4b47604ce9b7,0.5585,,33042a3e-5e8e-4375-b964-0fe2252e504c,legal
0001,0001_general_small_case_8b2,case_8b29225c97,general_small,10,"Question: QUESTION: QUESTION: What was the specific technological solution your team implemented to combat duplicated work and inconsistent processes, and how did they ensure that these were properly ",1,corpus_4709625e9a6d,0.656,,33042a3e-5e8e-4375-b964-0fe2252e504c,legal
0001,0001_general_small_case_8b2,case_8b29225c97,general_small,10,"Question: QUESTION: QUESTION: What was the specific technological solution your team implemented to combat duplicated work and inconsistent processes, and how did they ensure that these were properly ",2,corpus_d0300aec13ed,0.564,,33042a3e-5e8e-4375-b964-0fe2252e504c,legal
0001,0001_general_small_case_8b2,case_8b29225c97,general_small,10,"Question: QUESTION: QUESTION: What was the specific technological solution your team implemented to combat duplicated work and inconsistent processes, and how did they ensure that these were properly ",3,corpus_906224994f0a,0.5619,,33042a3e-5e8e-4375-b964-0fe2252e504c,legal
0001,0001_general_small_case_8b2,case_8b29225c97,general_small,10,"Question: QUESTION: QUESTION: What was the specific technological solution your team implemented to combat duplicated work and inconsistent processes, and how did they ensure that these were properly ",4,corpus_b2b9f5e071e0,0.5615,,33042a3e-5e8e-4375-b964-0fe2252e504c,legal
0001,0001_general_small_case_8b2,case_8b29225c97,general_small,10,"Question: QUESTION: QUESTION: What was the specific technological solution your team implemented to combat duplicated work and inconsistent processes, and how did they ensure that these were properly ",5,corpus_4b47604ce9b7,0.5585,,33042a3e-5e8e-4375-b964-0fe2252e504c,legal
0001,0001_general_small_case_8b2,case_8b29225c97,general_small,11,"Question: QUESTION: QUESTION: What was the specific technological solution your team implemented to combat duplicated work and inconsistent processes, and how did they ensure that these were properly ",1,corpus_4709625e9a6d,0.656,,33042a3e-5e8e-4375-b964-0fe2252e504c,legal
0001,0001_general_small_case_8b2,case_8b29225c97,general_small,11,"Question: QUESTION: QUESTION: What was the specific technological solution your team implemented to combat duplicated work and inconsistent processes, and how did they ensure that these were properly ",2,corpus_d0300aec13ed,0.564,,33042a3e-5e8e-4375-b964-0fe2252e504c,legal
0001,0001_general_small_case_8b2,case_8b29225c97,general_small,11,"Question: QUESTION: QUESTION: What was the specific technological solution your team implemented to combat duplicated work and inconsistent processes, and how did they ensure that these were properly ",3,corpus_906224994f0a,0.5619,,33042a3e-5e8e-4375-b964-0fe2252e504c,legal
0001,0001_general_small_case_8b2,case_8b29225c97,general_small,11,"Question: QUESTION: QUESTION: What was the specific technological solution your team implemented to combat duplicated work and inconsistent processes, and how did they ensure that these were properly ",4,corpus_b2b9f5e071e0,0.5615,,33042a3e-5e8e-4375-b964-0fe2252e504c,legal
0001,0001_general_small_case_8b2,case_8b29225c97,general_small,11,"Question: QUESTION: QUESTION: What was the specific technological solution your team implemented to combat duplicated work and inconsistent processes, and how did they ensure that these were properly ",5,corpus_4b47604ce9b7,0.5585,,33042a3e-5e8e-4375-b964-0fe2252e504c,legal
0001,0001_general_small_case_8b2,case_8b29225c97,general_small,12,"Question: QUESTION: QUESTION: QUESTION: What was the specific technological solution your team implemented to combat duplicated work and inconsistent processes, and how did they ensure that these were",1,corpus_4709625e9a6d,0.656,,33042a3e-5e8e-4375-b964-0fe2252e504c,legal
0001,0001_general_small_case_8b2,case_8b29225c97,general_small,12,"Question: QUESTION: QUESTION: QUESTION: What was the specific technological solution your team implemented to combat duplicated work and inconsistent processes, and how did they ensure that these were",2,corpus_d0300aec13ed,0.564,,33042a3e-5e8e-4375-b964-0fe2252e504c,legal
0001,0001_general_small_case_8b2,case_8b29225c97,general_small,12,"Question: QUESTION: QUESTION: QUESTION: What was the specific technological solution your team implemented to combat duplicated work and inconsistent processes, and how did they ensure that these were",3,corpus_906224994f0a,0.5619,,33042a3e-5e8e-4375-b964-0fe2252e504c,legal
0001,0001_general_small_case_8b2,case_8b29225c97,general_small,12,"Question: QUESTION: QUESTION: QUESTION: What was the specific technological solution your team implemented to combat duplicated work and inconsistent processes, and how did they ensure that these were",4,corpus_b2b9f5e071e0,0.5615,,33042a3e-5e8e-4375-b964-0fe2252e504c,legal
0001,0001_general_small_case_8b2,case_8b29225c97,general_small,12,"Question: QUESTION: QUESTION: QUESTION: What was the specific technological solution your team implemented to combat duplicated work and inconsistent processes, and how did they ensure that these were",5,corpus_4b47604ce9b7,0.5585,,33042a3e-5e8e-4375-b964-0fe2252e504c,legal
0001,0001_general_small_case_8b2,case_8b29225c97,general_small,13,Could you tell me more about technologies used?,1,corpus_4709625e9a6d,0.5074,,33042a3e-5e8e-4375-b964-0fe2252e504c,legal
0001,0001_general_small_case_8b2,case_8b29225c97,general_small,13,Could you tell me more about technologies used?,2,corpus_fcffcdc1e2e9,0.5023,,33042a3e-5e8e-4375-b964-0fe2252e504c,legal
0001,0001_general_small_case_8b2,case_8b29225c97,general_small,13,Could you tell me more about technologies used?,3,corpus_972dc4d8c499,0.4994,,33042a3e-5e8e-4375-b964-0fe2252e504c,legal
0001,0001_general_small_case_8b2,case_8b29225c97,general_small,13,Could you tell me more about technologies used?,4,corpus_db9362e0b6cb,0.4915,,33042a3e-5e8e-4375-b964-0fe2252e504c,legal
0001,0001_general_small_case_8b2,case_8b29225c97,general_small,13,Could you tell me more about technologies used?,5,corpus_3cff9ce2ea6e,0.4897,,33042a3e-5e8e-4375-b964-0fe2252e504c,legal
0001,0001_general_small_case_8b2,case_8b29225c97,general_small,14,Could you tell me more about technologies used?,1,corpus_4709625e9a6d,0.5074,,33042a3e-5e8e-4375-b964-0fe2252e504c,legal
0001,0001_general_small_case_8b2,case_8b29225c97,general_small,14,Could you tell me more about technologies used?,2,corpus_fcffcdc1e2e9,0.5023,,33042a3e-5e8e-4375-b964-0fe2252e504c,legal
0001,0001_general_small_case_8b2,case_8b29225c97,general_small,14,Could you tell me more about technologies used?,3,corpus_972dc4d8c499,0.4994,,33042a3e-5e8e-4375-b964-0fe2252e504c,legal
0001,0001_general_small_case_8b2,case_8b29225c97,general_small,14,Could you tell me more about technologies used?,4,corpus_db9362e0b6cb,0.4915,,33042a3e-5e8e-4375-b964-0fe2252e504c,legal
0001,0001_general_small_case_8b2,case_8b29225c97,general_small,14,Could you tell me more about technologies used?,5,corpus_3cff9ce2ea6e,0.4897,,33042a3e-5e8e-4375-b964-0fe2252e504c,legal
0001,0001_general_small_case_a62,case_a627525fa9,general_small,1,"Question: Could you explain how the Medical Staff department implemented a secure HIPAA-compliant knowledge graph to aggregate medical research, best practices, and internal case studies, and what cha",1,corpus_209220826904,0.5145,,e23add42-dc9f-4b46-aa21-ac722ae16c36,retail
0001,0001_general_small_case_a62,case_a627525fa9,general_small,1,"Question: Could you explain how the Medical Staff department implemented a secure HIPAA-compliant knowledge graph to aggregate medical research, best practices, and internal case studies, and what cha",2,corpus_4709625e9a6d,0.5139,,33042a3e-5e8e-4375-b964-0fe2252e504c,legal
0001,0001_general_small_case_a62,case_a627525fa9,general_small,1,"Question: Could you explain how the Medical Staff department implemented a secure HIPAA-compliant knowledge graph to aggregate medical research, best practices, and internal case studies, and what cha",3,corpus_9cfdf1737cea,0.5066,,33042a3e-5e8e-4375-b964-0fe2252e504c,legal
0001,0001_general_small_case_a62,case_a627525fa9,general_small,1,"Question: Could you explain how the Medical Staff department implemented a secure HIPAA-compliant knowledge graph to aggregate medical research, best practices, and internal case studies, and what cha",4,corpus_efd7418d8083,0.5021,,33042a3e-5e8e-4375-b964-0fe2252e504c,legal
0001,0001_general_small_case_a62,case_a627525fa9,general_small,1,"Question: Could you explain how the Medical Staff department implemented a secure HIPAA-compliant knowledge graph to aggregate medical research, best practices, and internal case studies, and what cha",5,corpus_9b268183c0cd,0.502,,33042a3e-5e8e-4375-b964-0fe2252e504c,legal
0001,0001_general_small_case_a62,case_a627525fa9,general_small,2,Question: Could you provide a brief explanation of the challenges faced during the implementation of a secure HIPAA-compliant knowledge graph in the Medical Staff department?,1,corpus_25d9678ca161,0.5293,,e23add42-dc9f-4b46-aa21-ac722ae16c36,retail
0001,0001_general_small_case_a62,case_a627525fa9,general_small,2,Question: Could you provide a brief explanation of the challenges faced during the implementation of a secure HIPAA-compliant knowledge graph in the Medical Staff department?,2,corpus_9d5e2ec4aecd,0.5293,,e23add42-dc9f-4b46-aa21-ac722ae16c36,retail
0001,0001_general_small_case_a62,case_a627525fa9,general_small,2,Question: Could you provide a brief explanation of the challenges faced during the implementation of a secure HIPAA-compliant knowledge graph in the Medical Staff department?,3,corpus_a3b9f7d6021d,0.5225,,e23add42-dc9f-4b46-aa21-ac722ae16c36,retail
0001,0001_general_small_case_a62,case_a627525fa9,general_small,2,Question: Could you provide a brief explanation of the challenges faced during the implementation of a secure HIPAA-compliant knowledge graph in the Medical Staff department?,4,corpus_fe3584178481,0.4975,,33042a3e-5e8e-4375-b964-0fe2252e504c,legal
0001,0001_general_small_case_a62,case_a627525fa9,general_small,2,Question: Could you provide a brief explanation of the challenges faced during the implementation of a secure HIPAA-compliant knowledge graph in the Medical Staff department?,5,corpus_4244f436fae8,0.4943,,e23add42-dc9f-4b46-aa21-ac722ae16c36,retail
0001,0001_general_small_case_a62,case_a627525fa9,general_small,3,"Interviewer: Could you provide more information on the challenges faced during the implementation of a secure HIPAA-compliant knowledge graph in the Medical Staff department, as mentioned in the previ",1,corpus_25d9678ca161,0.6434,,e23add42-dc9f-4b46-aa21-ac722ae16c36,retail
0001,0001_general_small_case_a62,case_a627525fa9,general_small,3,"Interviewer: Could you provide more information on the challenges faced during the implementation of a secure HIPAA-compliant knowledge graph in the Medical Staff department, as mentioned in the previ",2,corpus_a3b9f7d6021d,0.5493,,e23add42-dc9f-4b46-aa21-ac722ae16c36,retail
0001,0001_general_small_case_a62,case_a627525fa9,general_small,3,"Interviewer: Could you provide more information on the challenges faced during the implementation of a secure HIPAA-compliant knowledge graph in the Medical Staff department, as mentioned in the previ",3,corpus_4244f436fae8,0.5157,,e23add42-dc9f-4b46-aa21-ac722ae16c36,retail
0001,0001_general_small_case_a62,case_a627525fa9,general_small,3,"Interviewer: Could you provide more information on the challenges faced during the implementation of a secure HIPAA-compliant knowledge graph in the Medical Staff department, as mentioned in the previ",4,corpus_f29a271153e9,0.5129,,33042a3e-5e8e-4375-b964-0fe2252e504c,legal
0001,0001_general_small_case_a62,case_a627525fa9,general_small,3,"Interviewer: Could you provide more information on the challenges faced during the implementation of a secure HIPAA-compliant knowledge graph in the Medical Staff department, as mentioned in the previ",5,corpus_989cdbc88c17,0.4977,,e23add42-dc9f-4b46-aa21-ac722ae16c36,retail
0001,0001_general_small_case_a62,case_a627525fa9,general_small,4,Could you tell me more about root cause?,1,corpus_9d2db1b0788c,0.4414,,33042a3e-5e8e-4375-b964-0fe2252e504c,legal
0001,0001_general_small_case_a62,case_a627525fa9,general_small,4,Could you tell me more about root cause?,2,corpus_96f9ac4f9031,0.4376,,33042a3e-5e8e-4375-b964-0fe2252e504c,legal
0001,0001_general_small_case_a62,case_a627525fa9,general_small,4,Could you tell me more about root cause?,3,corpus_d03a736a7273,0.4308,,33042a3e-5e8e-4375-b964-0fe2252e504c,legal
0001,0001_general_small_case_a62,case_a627525fa9,general_small,4,Could you tell me more about root cause?,4,corpus_4dcf69bf62d5,0.4252,,33042a3e-5e8e-4375-b964-0fe2252e504c,legal
0001,0001_general_small_case_a62,case_a627525fa9,general_small,4,Could you tell me more about root cause?,5,corpus_db9362e0b6cb,0.424,,33042a3e-5e8e-4375-b964-0fe2252e504c,legal
0001,0001_general_small_case_a62,case_a627525fa9,general_small,5,"Question: Could you provide a brief explanation of the chaffeens faced during the implementation of a secure HIPAA-compliant knowledge graph in the Medical Staff department, as mentioned in the previo",1,corpus_25d9678ca161,0.5477,,e23add42-dc9f-4b46-aa21-ac722ae16c36,retail
0001,0001_general_small_case_a62,case_a627525fa9,general_small,5,"Question: Could you provide a brief explanation of the chaffeens faced during the implementation of a secure HIPAA-compliant knowledge graph in the Medical Staff department, as mentioned in the previo",2,corpus_4244f436fae8,0.5444,,e23add42-dc9f-4b46-aa21-ac722ae16c36,retail
0001,0001_general_small_case_a62,case_a627525fa9,general_small,5,"Question: Could you provide a brief explanation of the chaffeens faced during the implementation of a secure HIPAA-compliant knowledge graph in the Medical Staff department, as mentioned in the previo",3,corpus_a3b9f7d6021d,0.5363,,e23add42-dc9f-4b46-aa21-ac722ae16c36,retail
0001,0001_general_small_case_a62,case_a627525fa9,general_small,5,"Question: Could you provide a brief explanation of the chaffeens faced during the implementation of a secure HIPAA-compliant knowledge graph in the Medical Staff department, as mentioned in the previo",4,corpus_4d1e0dc0de5a,0.5122,,33042a3e-5e8e-4375-b964-0fe2252e504c,legal
0001,0001_general_small_case_a62,case_a627525fa9,general_small,5,"Question: Could you provide a brief explanation of the chaffeens faced during the implementation of a secure HIPAA-compliant knowledge graph in the Medical Staff department, as mentioned in the previo",5,corpus_2baf82713a47,0.5094,,33042a3e-5e8e-4375-b964-0fe2252e504c,legal
0001,0001_general_small_case_a62,case_a627525fa9,general_small,6,"QUESTION: Could you provide a brief explanation of the chaffeens faced during the implementation of a secure HIPAA-compliant knowledge graph in the Medical Staff department, as mentioned in the previo",1,corpus_25d9678ca161,0.5477,,e23add42-dc9f-4b46-aa21-ac722ae16c36,retail
0001,0001_general_small_case_a62,case_a627525fa9,general_small,6,"QUESTION: Could you provide a brief explanation of the chaffeens faced during the implementation of a secure HIPAA-compliant knowledge graph in the Medical Staff department, as mentioned in the previo",2,corpus_4244f436fae8,0.5444,,e23add42-dc9f-4b46-aa21-ac722ae16c36,retail
0001,0001_general_small_case_a62,case_a627525fa9,general_small,6,"QUESTION: Could you provide a brief explanation of the chaffeens faced during the implementation of a secure HIPAA-compliant knowledge graph in the Medical Staff department, as mentioned in the previo",3,corpus_a3b9f7d6021d,0.5363,,e23add42-dc9f-4b46-aa21-ac722ae16c36,retail
0001,0001_general_small_case_a62,case_a627525fa9,general_small,6,"QUESTION: Could you provide a brief explanation of the chaffeens faced during the implementation of a secure HIPAA-compliant knowledge graph in the Medical Staff department, as mentioned in the previo",4,corpus_4d1e0dc0de5a,0.5122,,33042a3e-5e8e-4375-b964-0fe2252e504c,legal
0001,0001_general_small_case_a62,case_a627525fa9,general_small,6,"QUESTION: Could you provide a brief explanation of the chaffeens faced during the implementation of a secure HIPAA-compliant knowledge graph in the Medical Staff department, as mentioned in the previo",5,corpus_2baf82713a47,0.5094,,33042a3e-5e8e-4375-b964-0fe2252e504c,legal
0001,0001_general_small_case_a62,case_a627525fa9,general_small,7,"Question: Could you provide a brief explanation of the root cause of the chaffeens faced during the implementation of a secure HIPAA-compliant knowledge graph in the Medical Staff department, as menti",1,corpus_25d9678ca161,0.5477,,e23add42-dc9f-4b46-aa21-ac722ae16c36,retail
0001,0001_general_small_case_a62,case_a627525fa9,general_small,7,"Question: Could you provide a brief explanation of the root cause of the chaffeens faced during the implementation of a secure HIPAA-compliant knowledge graph in the Medical Staff department, as menti",2,corpus_4244f436fae8,0.5444,,e23add42-dc9f-4b46-aa21-ac722ae16c36,retail
0001,0001_general_small_case_a62,case_a627525fa9,general_small,7,"Question: Could you provide a brief explanation of the root cause of the chaffeens faced during the implementation of a secure HIPAA-compliant knowledge graph in the Medical Staff department, as menti",3,corpus_a3b9f7d6021d,0.5363,,e23add42-dc9f-4b46-aa21-ac722ae16c36,retail
0001,0001_general_small_case_a62,case_a627525fa9,general_small,7,"Question: Could you provide a brief explanation of the root cause of the chaffeens faced during the implementation of a secure HIPAA-compliant knowledge graph in the Medical Staff department, as menti",4,corpus_4d1e0dc0de5a,0.5122,,33042a3e-5e8e-4375-b964-0fe2252e504c,legal
0001,0001_general_small_case_a62,case_a627525fa9,general_small,7,"Question: Could you provide a brief explanation of the root cause of the chaffeens faced during the implementation of a secure HIPAA-compliant knowledge graph in the Medical Staff department, as menti",5,corpus_2baf82713a47,0.5094,,33042a3e-5e8e-4375-b964-0fe2252e504c,legal
0001,0001_general_small_case_a62,case_a627525fa9,general_small,8,"Question: Could you provide a brief explanation of the lessons learned from the implementation of a secure HIPAA-compliant knowledge graph in the Medical Staff department, as mentioned in the previous",1,corpus_4244f436fae8,0.5697,,e23add42-dc9f-4b46-aa21-ac722ae16c36,retail
0001,0001_general_small_case_a62,case_a627525fa9,general_small,8,"Question: Could you provide a brief explanation of the lessons learned from the implementation of a secure HIPAA-compliant knowledge graph in the Medical Staff department, as mentioned in the previous",2,corpus_25d9678ca161,0.5495,,e23add42-dc9f-4b46-aa21-ac722ae16c36,retail
0001,0001_general_small_case_a62,case_a627525fa9,general_small,8,"Question: Could you provide a brief explanation of the lessons learned from the implementation of a secure HIPAA-compliant knowledge graph in the Medical Staff department, as mentioned in the previous",3,corpus_a3b9f7d6021d,0.5288,,e23add42-dc9f-4b46-aa21-ac722ae16c36,retail
0001,0001_general_small_case_a62,case_a627525fa9,general_small,8,"Question: Could you provide a brief explanation of the lessons learned from the implementation of a secure HIPAA-compliant knowledge graph in the Medical Staff department, as mentioned in the previous",4,corpus_fdc18a2962cd,0.5275,,e23add42-dc9f-4b46-aa21-ac722ae16c36,retail
0001,0001_general_small_case_a62,case_a627525fa9,general_small,8,"Question: Could you provide a brief explanation of the lessons learned from the implementation of a secure HIPAA-compliant knowledge graph in the Medical Staff department, as mentioned in the previous",5,corpus_9d5e2ec4aecd,0.5169,,e23add42-dc9f-4b46-aa21-ac722ae16c36,retail
0001,0001_general_small_case_a62,case_a627525fa9,general_small,9,"Question: Based on the previous conversation, could you provide a brief explanation of the lessons learned from the implementation of a secure HIPAA-compliant knowledge graph in the Medical Staff depa",1,corpus_25d9678ca161,0.5261,,e23add42-dc9f-4b46-aa21-ac722ae16c36,retail
0001,0001_general_small_case_a62,case_a627525fa9,general_small,9,"Question: Based on the previous conversation, could you provide a brief explanation of the lessons learned from the implementation of a secure HIPAA-compliant knowledge graph in the Medical Staff depa",2,corpus_4244f436fae8,0.5213,,e23add42-dc9f-4b46-aa21-ac722ae16c36,retail
0001,0001_general_small_case_a62,case_a627525fa9,general_small,9,"Question: Based on the previous conversation, could you provide a brief explanation of the lessons learned from the implementation of a secure HIPAA-compliant knowledge graph in the Medical Staff depa",3,corpus_a3b9f7d6021d,0.5148,,e23add42-dc9f-4b46-aa21-ac722ae16c36,retail
0001,0001_general_small_case_a62,case_a627525fa9,general_small,9,"Question: Based on the previous conversation, could you provide a brief explanation of the lessons learned from the implementation of a secure HIPAA-compliant knowledge graph in the Medical Staff depa",4,corpus_fdc18a2962cd,0.4941,,e23add42-dc9f-4b46-aa21-ac722ae16c36,retail
0001,0001_general_small_case_a62,case_a627525fa9,general_small,9,"Question: Based on the previous conversation, could you provide a brief explanation of the lessons learned from the implementation of a secure HIPAA-compliant knowledge graph in the Medical Staff depa",5,corpus_cb258f900fcd,0.4812,,af4b9da3-16de-4510-a1cb-2a32e101c884,healthcare
0001,0001_general_small_case_a62,case_a627525fa9,general_small,10,"Question: Based on the previous conversation, could you provide a brief explanation of the lessons learned from the implementation of a secure HIPAA-compliant knowledge graph in the Medical Staff depa",1,corpus_25d9678ca161,0.5261,,e23add42-dc9f-4b46-aa21-ac722ae16c36,retail
0001,0001_general_small_case_a62,case_a627525fa9,general_small,10,"Question: Based on the previous conversation, could you provide a brief explanation of the lessons learned from the implementation of a secure HIPAA-compliant knowledge graph in the Medical Staff depa",2,corpus_4244f436fae8,0.5213,,e23add42-dc9f-4b46-aa21-ac722ae16c36,retail
0001,0001_general_small_case_a62,case_a627525fa9,general_small,10,"Question: Based on the previous conversation, could you provide a brief explanation of the lessons learned from the implementation of a secure HIPAA-compliant knowledge graph in the Medical Staff depa",3,corpus_a3b9f7d6021d,0.5148,,e23add42-dc9f-4b46-aa21-ac722ae16c36,retail
0001,0001_general_small_case_a62,case_a627525fa9,general_small,10,"Question: Based on the previous conversation, could you provide a brief explanation of the lessons learned from the implementation of a secure HIPAA-compliant knowledge graph in the Medical Staff depa",4,corpus_fdc18a2962cd,0.4941,,e23add42-dc9f-4b46-aa21-ac722ae16c36,retail
0001,0001_general_small_case_a62,case_a627525fa9,general_small,10,"Question: Based on the previous conversation, could you provide a brief explanation of the lessons learned from the implementation of a secure HIPAA-compliant knowledge graph in the Medical Staff depa",5,corpus_cb258f900fcd,0.4812,,af4b9da3-16de-4510-a1cb-2a32e101c884,healthcare
0001,0001_general_small_case_a62,case_a627525fa9,general_small,11,Could you tell me more about domain area?,1,corpus_9d2db1b0788c,0.4414,,33042a3e-5e8e-4375-b964-0fe2252e504c,legal
0001,0001_general_small_case_a62,case_a627525fa9,general_small,11,Could you tell me more about domain area?,2,corpus_96f9ac4f9031,0.4376,,33042a3e-5e8e-4375-b964-0fe2252e504c,legal
0001,0001_general_small_case_a62,case_a627525fa9,general_small,11,Could you tell me more about domain area?,3,corpus_d03a736a7273,0.4308,,33042a3e-5e8e-4375-b964-0fe2252e504c,legal
0001,0001_general_small_case_a62,case_a627525fa9,general_small,11,Could you tell me more about domain area?,4,corpus_4dcf69bf62d5,0.4252,,33042a3e-5e8e-4375-b964-0fe2252e504c,legal
0001,0001_general_small_case_a62,case_a627525fa9,general_small,11,Could you tell me more about domain area?,5,corpus_db9362e0b6cb,0.424,,33042a3e-5e8e-4375-b964-0fe2252e504c,legal
0001,0001_general_small_case_a62,case_a627525fa9,general_small,12,"Question: Based on the previous conversation, could you provide a brief explanation of the lessons learned from the implementation of a secure HIPAA-compliant knowledge graph in the Medical Staff depa",1,corpus_25d9678ca161,0.5261,,e23add42-dc9f-4b46-aa21-ac722ae16c36,retail
0001,0001_general_small_case_a62,case_a627525fa9,general_small,12,"Question: Based on the previous conversation, could you provide a brief explanation of the lessons learned from the implementation of a secure HIPAA-compliant knowledge graph in the Medical Staff depa",2,corpus_4244f436fae8,0.5213,,e23add42-dc9f-4b46-aa21-ac722ae16c36,retail
0001,0001_general_small_case_a62,case_a627525fa9,general_small,12,"Question: Based on the previous conversation, could you provide a brief explanation of the lessons learned from the implementation of a secure HIPAA-compliant knowledge graph in the Medical Staff depa",3,corpus_a3b9f7d6021d,0.5148,,e23add42-dc9f-4b46-aa21-ac722ae16c36,retail
0001,0001_general_small_case_a62,case_a627525fa9,general_small,12,"Question: Based on the previous conversation, could you provide a brief explanation of the lessons learned from the implementation of a secure HIPAA-compliant knowledge graph in the Medical Staff depa",4,corpus_fdc18a2962cd,0.4941,,e23add42-dc9f-4b46-aa21-ac722ae16c36,retail
0001,0001_general_small_case_a62,case_a627525fa9,general_small,12,"Question: Based on the previous conversation, could you provide a brief explanation of the lessons learned from the implementation of a secure HIPAA-compliant knowledge graph in the Medical Staff depa",5,corpus_cb258f900fcd,0.4812,,af4b9da3-16de-4510-a1cb-2a32e101c884,healthcare
0001,0001_general_small_case_a62,case_a627525fa9,general_small,13,"Question: Based on the previous conversation, could you provide a brief explanation of the lessons learned from the implementation of a secure HIPAA-compliant knowledge graph in the Medical Staff depa",1,corpus_25d9678ca161,0.5261,,e23add42-dc9f-4b46-aa21-ac722ae16c36,retail
0001,0001_general_small_case_a62,case_a627525fa9,general_small,13,"Question: Based on the previous conversation, could you provide a brief explanation of the lessons learned from the implementation of a secure HIPAA-compliant knowledge graph in the Medical Staff depa",2,corpus_4244f436fae8,0.5213,,e23add42-dc9f-4b46-aa21-ac722ae16c36,retail
0001,0001_general_small_case_a62,case_a627525fa9,general_small,13,"Question: Based on the previous conversation, could you provide a brief explanation of the lessons learned from the implementation of a secure HIPAA-compliant knowledge graph in the Medical Staff depa",3,corpus_a3b9f7d6021d,0.5148,,e23add42-dc9f-4b46-aa21-ac722ae16c36,retail
0001,0001_general_small_case_a62,case_a627525fa9,general_small,13,"Question: Based on the previous conversation, could you provide a brief explanation of the lessons learned from the implementation of a secure HIPAA-compliant knowledge graph in the Medical Staff depa",4,corpus_fdc18a2962cd,0.4941,,e23add42-dc9f-4b46-aa21-ac722ae16c36,retail
0001,0001_general_small_case_a62,case_a627525fa9,general_small,13,"Question: Based on the previous conversation, could you provide a brief explanation of the lessons learned from the implementation of a secure HIPAA-compliant knowledge graph in the Medical Staff depa",5,corpus_cb258f900fcd,0.4812,,af4b9da3-16de-4510-a1cb-2a32e101c884,healthcare
0001,0001_general_small_case_a62,case_a627525fa9,general_small,14,Could you tell me more about domain area?,1,corpus_25d9678ca161,0.5261,,e23add42-dc9f-4b46-aa21-ac722ae16c36,retail
0001,0001_general_small_case_a62,case_a627525fa9,general_small,14,Could you tell me more about domain area?,2,corpus_4244f436fae8,0.5213,,e23add42-dc9f-4b46-aa21-ac722ae16c36,retail
0001,0001_general_small_case_a62,case_a627525fa9,general_small,14,Could you tell me more about domain area?,3,corpus_a3b9f7d6021d,0.5148,,e23add42-dc9f-4b46-aa21-ac722ae16c36,retail
0001,0001_general_small_case_a62,case_a627525fa9,general_small,14,Could you tell me more about domain area?,4,corpus_fdc18a2962cd,0.4941,,e23add42-dc9f-4b46-aa21-ac722ae16c36,retail
0001,0001_general_small_case_a62,case_a627525fa9,general_small,14,Could you tell me more about domain area?,5,corpus_cb258f900fcd,0.4812,,af4b9da3-16de-4510-a1cb-2a32e101c884,healthcare
0001,0001_general_small_case_729,case_72932afe74,general_small,1,"Question: Could you describe a significant project, technical change, or operational chaullenge your team has faced recently, and what prompted it?",1,corpus_275389ac844a,0.5904,,33042a3e-5e8e-4375-b964-0fe2252e504c,legal
0001,0001_general_small_case_729,case_72932afe74,general_small,1,"Question: Could you describe a significant project, technical change, or operational chaullenge your team has faced recently, and what prompted it?",2,corpus_d80f614a69a6,0.5794,,33042a3e-5e8e-4375-b964-0fe2252e504c,legal
0001,0001_general_small_case_729,case_72932afe74,general_small,1,"Question: Could you describe a significant project, technical change, or operational chaullenge your team has faced recently, and what prompted it?",3,corpus_90ca70ad5555,0.5711,,33042a3e-5e8e-4375-b964-0fe2252e504c,legal
0001,0001_general_small_case_729,case_72932afe74,general_small,1,"Question: Could you describe a significant project, technical change, or operational chaullenge your team has faced recently, and what prompted it?",4,corpus_147ac5f00d32,0.5694,,33042a3e-5e8e-4375-b964-0fe2252e504c,legal
0001,0001_general_small_case_729,case_72932afe74,general_small,1,"Question: Could you describe a significant project, technical change, or operational chaullenge your team has faced recently, and what prompted it?",5,corpus_e6d0bcbf3b07,0.5652,,af4b9da3-16de-4510-a1cb-2a32e101c884,healthcare
0001,0001_general_small_case_729,case_72932afe74,general_small,2,"Question: Could you describe a significant project, technical change, or operational chaullenge your team has faced recently, and what prompted it?",1,corpus_275389ac844a,0.5904,,33042a3e-5e8e-4375-b964-0fe2252e504c,legal
0001,0001_general_small_case_729,case_72932afe74,general_small,2,"Question: Could you describe a significant project, technical change, or operational chaullenge your team has faced recently, and what prompted it?",2,corpus_d80f614a69a6,0.5794,,33042a3e-5e8e-4375-b964-0fe2252e504c,legal
0001,0001_general_small_case_729,case_72932afe74,general_small,2,"Question: Could you describe a significant project, technical change, or operational chaullenge your team has faced recently, and what prompted it?",3,corpus_90ca70ad5555,0.5711,,33042a3e-5e8e-4375-b964-0fe2252e504c,legal
0001,0001_general_small_case_729,case_72932afe74,general_small,2,"Question: Could you describe a significant project, technical change, or operational chaullenge your team has faced recently, and what prompted it?",4,corpus_147ac5f00d32,0.5694,,33042a3e-5e8e-4375-b964-0fe2252e504c,legal
0001,0001_general_small_case_729,case_72932afe74,general_small,2,"Question: Could you describe a significant project, technical change, or operational chaullenge your team has faced recently, and what prompted it?",5,corpus_e6d0bcbf3b07,0.5652,,af4b9da3-16de-4510-a1cb-2a32e101c884,healthcare
0001,0001_general_small_case_729,case_72932afe74,general_small,3,Could you tell me more about domain area?,1,corpus_90ca70ad5555,0.5461,,33042a3e-5e8e-4375-b964-0fe2252e504c,legal
0001,0001_general_small_case_729,case_72932afe74,general_small,3,Could you tell me more about domain area?,2,corpus_9d5e2ec4aecd,0.5407,,e23add42-dc9f-4b46-aa21-ac722ae16c36,retail
0001,0001_general_small_case_729,case_72932afe74,general_small,3,Could you tell me more about domain area?,3,corpus_9bf0a0dbce6d,0.5322,,33042a3e-5e8e-4375-b964-0fe2252e504c,legal
0001,0001_general_small_case_729,case_72932afe74,general_small,3,Could you tell me more about domain area?,4,corpus_7f283b2eb59f,0.5189,,33042a3e-5e8e-4375-b964-0fe2252e504c,legal
0001,0001_general_small_case_729,case_72932afe74,general_small,3,Could you tell me more about domain area?,5,corpus_4b47604ce9b7,0.518,,33042a3e-5e8e-4375-b964-0fe2252e504c,legal
0001,0001_general_small_case_729,case_72932afe74,general_small,4,Could you tell me more about people involved?,1,corpus_90ca70ad5555,0.5461,,33042a3e-5e8e-4375-b964-0fe2252e504c,legal
0001,0001_general_small_case_729,case_72932afe74,general_small,4,Could you tell me more about people involved?,2,corpus_9d5e2ec4aecd,0.5407,,e23add42-dc9f-4b46-aa21-ac722ae16c36,retail
0001,0001_general_small_case_729,case_72932afe74,general_small,4,Could you tell me more about people involved?,3,corpus_9bf0a0dbce6d,0.5322,,33042a3e-5e8e-4375-b964-0fe2252e504c,legal
0001,0001_general_small_case_729,case_72932afe74,general_small,4,Could you tell me more about people involved?,4,corpus_7f283b2eb59f,0.5189,,33042a3e-5e8e-4375-b964-0fe2252e504c,legal
0001,0001_general_small_case_729,case_72932afe74,general_small,4,Could you tell me more about people involved?,5,corpus_4b47604ce9b7,0.518,,33042a3e-5e8e-4375-b964-0fe2252e504c,legal
0001,0001_general_small_case_729,case_72932afe74,general_small,5,Question: What prompted the team to conduct a root-cause analysis and what were the outcomes?,1,corpus_4b47604ce9b7,0.5816,,33042a3e-5e8e-4375-b964-0fe2252e504c,legal
0001,0001_general_small_case_729,case_72932afe74,general_small,5,Question: What prompted the team to conduct a root-cause analysis and what were the outcomes?,2,corpus_d0300aec13ed,0.5758,,33042a3e-5e8e-4375-b964-0fe2252e504c,legal
0001,0001_general_small_case_729,case_72932afe74,general_small,5,Question: What prompted the team to conduct a root-cause analysis and what were the outcomes?,3,corpus_f2a638834dda,0.5701,,33042a3e-5e8e-4375-b964-0fe2252e504c,legal
0001,0001_general_small_case_729,case_72932afe74,general_small,5,Question: What prompted the team to conduct a root-cause analysis and what were the outcomes?,4,corpus_5a5c3f1d0c71,0.5605,,af4b9da3-16de-4510-a1cb-2a32e101c884,healthcare
0001,0001_general_small_case_729,case_72932afe74,general_small,5,Question: What prompted the team to conduct a root-cause analysis and what were the outcomes?,5,corpus_7fa3bd5aef67,0.56,,33042a3e-5e8e-4375-b964-0fe2252e504c,legal
0001,0001_general_small_case_729,case_72932afe74,general_small,6,"QUESTION: Could you describe a significant project, technical change, or operational chaullenge your team has faced recently, and what prompted it?",1,corpus_275389ac844a,0.5904,,33042a3e-5e8e-4375-b964-0fe2252e504c,legal
0001,0001_general_small_case_729,case_72932afe74,general_small,6,"QUESTION: Could you describe a significant project, technical change, or operational chaullenge your team has faced recently, and what prompted it?",2,corpus_d80f614a69a6,0.5794,,33042a3e-5e8e-4375-b964-0fe2252e504c,legal
0001,0001_general_small_case_729,case_72932afe74,general_small,6,"QUESTION: Could you describe a significant project, technical change, or operational chaullenge your team has faced recently, and what prompted it?",3,corpus_90ca70ad5555,0.5711,,33042a3e-5e8e-4375-b964-0fe2252e504c,legal
0001,0001_general_small_case_729,case_72932afe74,general_small,6,"QUESTION: Could you describe a significant project, technical change, or operational chaullenge your team has faced recently, and what prompted it?",4,corpus_147ac5f00d32,0.5694,,33042a3e-5e8e-4375-b964-0fe2252e504c,legal
0001,0001_general_small_case_729,case_72932afe74,general_small,6,"QUESTION: Could you describe a significant project, technical change, or operational chaullenge your team has faced recently, and what prompted it?",5,corpus_e6d0bcbf3b07,0.5652,,af4b9da3-16de-4510-a1cb-2a32e101c884,healthcare
0001,0001_general_small_case_729,case_72932afe74,general_small,7,"QUESTION: Could you describe a significant project, technical change, or operational chaullenge your team has faced recently, and what prompted it?",1,corpus_275389ac844a,0.5904,,33042a3e-5e8e-4375-b964-0fe2252e504c,legal
0001,0001_general_small_case_729,case_72932afe74,general_small,7,"QUESTION: Could you describe a significant project, technical change, or operational chaullenge your team has faced recently, and what prompted it?",2,corpus_d80f614a69a6,0.5794,,33042a3e-5e8e-4375-b964-0fe2252e504c,legal
0001,0001_general_small_case_729,case_72932afe74,general_small,7,"QUESTION: Could you describe a significant project, technical change, or operational chaullenge your team has faced recently, and what prompted it?",3,corpus_90ca70ad5555,0.5711,,33042a3e-5e8e-4375-b964-0fe2252e504c,legal
0001,0001_general_small_case_729,case_72932afe74,general_small,7,"QUESTION: Could you describe a significant project, technical change, or operational chaullenge your team has faced recently, and what prompted it?",4,corpus_147ac5f00d32,0.5694,,33042a3e-5e8e-4375-b964-0fe2252e504c,legal
0001,0001_general_small_case_729,case_72932afe74,general_small,7,"QUESTION: Could you describe a significant project, technical change, or operational chaullenge your team has faced recently, and what prompted it?",5,corpus_e6d0bcbf3b07,0.5652,,af4b9da3-16de-4510-a1cb-2a32e101c884,healthcare
0001,0001_general_small_case_729,case_72932afe74,general_small,8,Could you tell me more about primary challenge?,1,corpus_4b47604ce9b7,0.5841,,33042a3e-5e8e-4375-b964-0fe2252e504c,legal
0001,0001_general_small_case_729,case_72932afe74,general_small,8,Could you tell me more about primary challenge?,2,corpus_f2a638834dda,0.5758,,33042a3e-5e8e-4375-b964-0fe2252e504c,legal
0001,0001_general_small_case_729,case_72932afe74,general_small,8,Could you tell me more about primary challenge?,3,corpus_d0300aec13ed,0.5622,,33042a3e-5e8e-4375-b964-0fe2252e504c,legal
0001,0001_general_small_case_729,case_72932afe74,general_small,8,Could you tell me more about primary challenge?,4,corpus_5a5c3f1d0c71,0.5544,,af4b9da3-16de-4510-a1cb-2a32e101c884,healthcare
0001,0001_general_small_case_729,case_72932afe74,general_small,8,Could you tell me more about primary challenge?,5,corpus_598fb7d8bb20,0.551,,33042a3e-5e8e-4375-b964-0fe2252e504c,legal
0001,0001_general_small_case_729,case_72932afe74,general_small,9,Question: Could you tell me more about the root-cause analysiS that was conducted as part of the root-cause analysis process?,1,corpus_275389ac844a,0.5715,,33042a3e-5e8e-4375-b964-0fe2252e504c,legal
0001,0001_general_small_case_729,case_72932afe74,general_small,9,Question: Could you tell me more about the root-cause analysiS that was conducted as part of the root-cause analysis process?,2,corpus_ba21f14c583e,0.5601,,33042a3e-5e8e-4375-b964-0fe2252e504c,legal
0001,0001_general_small_case_729,case_72932afe74,general_small,9,Question: Could you tell me more about the root-cause analysiS that was conducted as part of the root-cause analysis process?,3,corpus_568f3c566eac,0.5561,,33042a3e-5e8e-4375-b964-0fe2252e504c,legal
0001,0001_general_small_case_729,case_72932afe74,general_small,9,Question: Could you tell me more about the root-cause analysiS that was conducted as part of the root-cause analysis process?,4,corpus_4709625e9a6d,0.5529,,33042a3e-5e8e-4375-b964-0fe2252e504c,legal
0001,0001_general_small_case_729,case_72932afe74,general_small,9,Question: Could you tell me more about the root-cause analysiS that was conducted as part of the root-cause analysis process?,5,corpus_1e31124f7ccd,0.5522,,33042a3e-5e8e-4375-b964-0fe2252e504c,legal
0001,0001_general_small_case_729,case_72932afe74,general_small,10,Question: Could you tell me more about the process for documenting and sharing taci knowledge as part of the root-cause analysiS process?,1,corpus_b63b93d7463a,0.5799,,33042a3e-5e8e-4375-b964-0fe2252e504c,legal
0001,0001_general_small_case_729,case_72932afe74,general_small,10,Question: Could you tell me more about the process for documenting and sharing taci knowledge as part of the root-cause analysiS process?,2,corpus_9bf0a0dbce6d,0.5603,,33042a3e-5e8e-4375-b964-0fe2252e504c,legal
0001,0001_general_small_case_729,case_72932afe74,general_small,10,Question: Could you tell me more about the process for documenting and sharing taci knowledge as part of the root-cause analysiS process?,3,corpus_b28a48c34168,0.5534,,33042a3e-5e8e-4375-b964-0fe2252e504c,legal
0001,0001_general_small_case_729,case_72932afe74,general_small,10,Question: Could you tell me more about the process for documenting and sharing taci knowledge as part of the root-cause analysiS process?,4,corpus_90ca70ad5555,0.5509,,33042a3e-5e8e-4375-b964-0fe2252e504c,legal
0001,0001_general_small_case_729,case_72932afe74,general_small,10,Question: Could you tell me more about the process for documenting and sharing taci knowledge as part of the root-cause analysiS process?,5,corpus_d80f614a69a6,0.5497,,33042a3e-5e8e-4375-b964-0fe2252e504c,legal
0001,0001_general_small_case_729,case_72932afe74,general_small,11,"Question: Could you describe a specific project, technical change, or operational chaullenge that your team has faced recently, and what prompted it?",1,corpus_e6d0bcbf3b07,0.5463,,af4b9da3-16de-4510-a1cb-2a32e101c884,healthcare
0001,0001_general_small_case_729,case_72932afe74,general_small,11,"Question: Could you describe a specific project, technical change, or operational chaullenge that your team has faced recently, and what prompted it?",2,corpus_275389ac844a,0.5252,,33042a3e-5e8e-4375-b964-0fe2252e504c,legal
0001,0001_general_small_case_729,case_72932afe74,general_small,11,"Question: Could you describe a specific project, technical change, or operational chaullenge that your team has faced recently, and what prompted it?",3,corpus_70bfa6961025,0.5239,,af4b9da3-16de-4510-a1cb-2a32e101c884,healthcare
0001,0001_general_small_case_729,case_72932afe74,general_small,11,"Question: Could you describe a specific project, technical change, or operational chaullenge that your team has faced recently, and what prompted it?",4,corpus_0a08a1b174c6,0.5231,,33042a3e-5e8e-4375-b964-0fe2252e504c,legal
0001,0001_general_small_case_729,case_72932afe74,general_small,11,"Question: Could you describe a specific project, technical change, or operational chaullenge that your team has faced recently, and what prompted it?",5,corpus_d80f614a69a6,0.5223,,33042a3e-5e8e-4375-b964-0fe2252e504c,legal
0001,0001_general_small_case_729,case_72932afe74,general_small,12,Question: Could you provide more information on the process for documenting and sharing taci knowledge as part of the root-cause analysiS process?,1,corpus_4709625e9a6d,0.5794,,33042a3e-5e8e-4375-b964-0fe2252e504c,legal
0001,0001_general_small_case_729,case_72932afe74,general_small,12,Question: Could you provide more information on the process for documenting and sharing taci knowledge as part of the root-cause analysiS process?,2,corpus_93b6b75d8e81,0.576,,33042a3e-5e8e-4375-b964-0fe2252e504c,legal
0001,0001_general_small_case_729,case_72932afe74,general_small,12,Question: Could you provide more information on the process for documenting and sharing taci knowledge as part of the root-cause analysiS process?,3,corpus_d29ad5e339af,0.5679,,33042a3e-5e8e-4375-b964-0fe2252e504c,legal
0001,0001_general_small_case_729,case_72932afe74,general_small,12,Question: Could you provide more information on the process for documenting and sharing taci knowledge as part of the root-cause analysiS process?,4,corpus_8c5ce31c651e,0.566,,33042a3e-5e8e-4375-b964-0fe2252e504c,legal
0001,0001_general_small_case_729,case_72932afe74,general_small,12,Question: Could you provide more information on the process for documenting and sharing taci knowledge as part of the root-cause analysiS process?,5,corpus_4c1078ca06ee,0.5659,,33042a3e-5e8e-4375-b964-0fe2252e504c,legal
0001,0001_general_small_case_729,case_72932afe74,general_small,13,"Question: Could you provide more information on the process for documenting and sharing taci knowledge as part of the root-cause analysiS process, specifically regarding the types of documentation tha",1,corpus_4709625e9a6d,0.6695,,33042a3e-5e8e-4375-b964-0fe2252e504c,legal
0001,0001_general_small_case_729,case_72932afe74,general_small,13,"Question: Could you provide more information on the process for documenting and sharing taci knowledge as part of the root-cause analysiS process, specifically regarding the types of documentation tha",2,corpus_d29ad5e339af,0.6473,,33042a3e-5e8e-4375-b964-0fe2252e504c,legal
0001,0001_general_small_case_729,case_72932afe74,general_small,13,"Question: Could you provide more information on the process for documenting and sharing taci knowledge as part of the root-cause analysiS process, specifically regarding the types of documentation tha",3,corpus_0479200714ef,0.6071,,33042a3e-5e8e-4375-b964-0fe2252e504c,legal
0001,0001_general_small_case_729,case_72932afe74,general_small,13,"Question: Could you provide more information on the process for documenting and sharing taci knowledge as part of the root-cause analysiS process, specifically regarding the types of documentation tha",4,corpus_82ed26b67697,0.6049,,af4b9da3-16de-4510-a1cb-2a32e101c884,healthcare
0001,0001_general_small_case_729,case_72932afe74,general_small,13,"Question: Could you provide more information on the process for documenting and sharing taci knowledge as part of the root-cause analysiS process, specifically regarding the types of documentation tha",5,corpus_ba21f14c583e,0.602,,33042a3e-5e8e-4375-b964-0fe2252e504c,legal
0001,0001_general_small_case_729,case_72932afe74,general_small,14,"QUESTION: Could you describe a specific project or technical change that your team has faced in the past year, and how it impacted the knowledge sharing process?",1,corpus_4709625e9a6d,0.6695,,33042a3e-5e8e-4375-b964-0fe2252e504c,legal
0001,0001_general_small_case_729,case_72932afe74,general_small,14,"QUESTION: Could you describe a specific project or technical change that your team has faced in the past year, and how it impacted the knowledge sharing process?",2,corpus_d29ad5e339af,0.6473,,33042a3e-5e8e-4375-b964-0fe2252e504c,legal
0001,0001_general_small_case_729,case_72932afe74,general_small,14,"QUESTION: Could you describe a specific project or technical change that your team has faced in the past year, and how it impacted the knowledge sharing process?",3,corpus_0479200714ef,0.6071,,33042a3e-5e8e-4375-b964-0fe2252e504c,legal
0001,0001_general_small_case_729,case_72932afe74,general_small,14,"QUESTION: Could you describe a specific project or technical change that your team has faced in the past year, and how it impacted the knowledge sharing process?",4,corpus_82ed26b67697,0.6049,,af4b9da3-16de-4510-a1cb-2a32e101c884,healthcare
0001,0001_general_small_case_729,case_72932afe74,general_small,14,"QUESTION: Could you describe a specific project or technical change that your team has faced in the past year, and how it impacted the knowledge sharing process?",5,corpus_ba21f14c583e,0.602,,33042a3e-5e8e-4375-b964-0fe2252e504c,legal
0001,0001_general_small_case_8b2,case_8b29225c97,general_small,1,Question: Could you explain how the integration of AIpowered seaRChe solved the challenges faced by the incoming scientists and how it improved knowledge documentation and sharing?,1,corpus_972dc4d8c499,0.6893,,33042a3e-5e8e-4375-b964-0fe2252e504c,legal
0001,0001_general_small_case_8b2,case_8b29225c97,general_small,1,Question: Could you explain how the integration of AIpowered seaRChe solved the challenges faced by the incoming scientists and how it improved knowledge documentation and sharing?,2,corpus_906224994f0a,0.6712,,33042a3e-5e8e-4375-b964-0fe2252e504c,legal
0001,0001_general_small_case_8b2,case_8b29225c97,general_small,1,Question: Could you explain how the integration of AIpowered seaRChe solved the challenges faced by the incoming scientists and how it improved knowledge documentation and sharing?,3,corpus_147ac5f00d32,0.6559,,33042a3e-5e8e-4375-b964-0fe2252e504c,legal
0001,0001_general_small_case_8b2,case_8b29225c97,general_small,1,Question: Could you explain how the integration of AIpowered seaRChe solved the challenges faced by the incoming scientists and how it improved knowledge documentation and sharing?,4,corpus_96f9ac4f9031,0.6471,,33042a3e-5e8e-4375-b964-0fe2252e504c,legal
0001,0001_general_small_case_8b2,case_8b29225c97,general_small,1,Question: Could you explain how the integration of AIpowered seaRChe solved the challenges faced by the incoming scientists and how it improved knowledge documentation and sharing?,5,corpus_eb07283f38c2,0.6402,,33042a3e-5e8e-4375-b964-0fe2252e504c,legal
0001,0001_general_small_case_8b2,case_8b29225c97,general_small,2,"Question: Could you provide a detailed description of the technical change or operation that your team faced recently, and how you addressed the challenges it presented?",1,corpus_61d61e5d0fac,0.5609,,33042a3e-5e8e-4375-b964-0fe2252e504c,legal
0001,0001_general_small_case_8b2,case_8b29225c97,general_small,2,"Question: Could you provide a detailed description of the technical change or operation that your team faced recently, and how you addressed the challenges it presented?",2,corpus_0479200714ef,0.5469,,33042a3e-5e8e-4375-b964-0fe2252e504c,legal
0001,0001_general_small_case_8b2,case_8b29225c97,general_small,2,"Question: Could you provide a detailed description of the technical change or operation that your team faced recently, and how you addressed the challenges it presented?",3,corpus_ba21f14c583e,0.5399,,33042a3e-5e8e-4375-b964-0fe2252e504c,legal
0001,0001_general_small_case_8b2,case_8b29225c97,general_small,2,"Question: Could you provide a detailed description of the technical change or operation that your team faced recently, and how you addressed the challenges it presented?",4,corpus_cef46e7d54bf,0.5319,,33042a3e-5e8e-4375-b964-0fe2252e504c,legal
0001,0001_general_small_case_8b2,case_8b29225c97,general_small,2,"Question: Could you provide a detailed description of the technical change or operation that your team faced recently, and how you addressed the challenges it presented?",5,corpus_568f3c566eac,0.5291,,33042a3e-5e8e-4375-b964-0fe2252e504c,legal
0001,0001_general_small_case_8b2,case_8b29225c97,general_small,3,"Question: Could you provide a detailed explanation of the specific technical change or operation that your team faced recently, and how you addressed the chalezne it presented?",1,corpus_eb07283f38c2,0.6233,,33042a3e-5e8e-4375-b964-0fe2252e504c,legal
0001,0001_general_small_case_8b2,case_8b29225c97,general_small,3,"Question: Could you provide a detailed explanation of the specific technical change or operation that your team faced recently, and how you addressed the chalezne it presented?",2,corpus_4709625e9a6d,0.6048,,33042a3e-5e8e-4375-b964-0fe2252e504c,legal
0001,0001_general_small_case_8b2,case_8b29225c97,general_small,3,"Question: Could you provide a detailed explanation of the specific technical change or operation that your team faced recently, and how you addressed the chalezne it presented?",3,corpus_ba21f14c583e,0.6037,,33042a3e-5e8e-4375-b964-0fe2252e504c,legal
0001,0001_general_small_case_8b2,case_8b29225c97,general_small,3,"Question: Could you provide a detailed explanation of the specific technical change or operation that your team faced recently, and how you addressed the chalezne it presented?",4,corpus_5a5c3f1d0c71,0.599,,af4b9da3-16de-4510-a1cb-2a32e101c884,healthcare
0001,0001_general_small_case_8b2,case_8b29225c97,general_small,3,"Question: Could you provide a detailed explanation of the specific technical change or operation that your team faced recently, and how you addressed the chalezne it presented?",5,corpus_4b47604ce9b7,0.5987,,33042a3e-5e8e-4375-b964-0fe2252e504c,legal
0001,0001_general_small_case_8b2,case_8b29225c97,general_small,4,Could you tell me more about primary challenge?,1,corpus_76e7114db21a,0.5433,,33042a3e-5e8e-4375-b964-0fe2252e504c,legal
0001,0001_general_small_case_8b2,case_8b29225c97,general_small,4,Could you tell me more about primary challenge?,2,corpus_296f0c49df07,0.5415,,33042a3e-5e8e-4375-b964-0fe2252e504c,legal
0001,0001_general_small_case_8b2,case_8b29225c97,general_small,4,Could you tell me more about primary challenge?,3,corpus_7d50834d4b2a,0.5339,,af4b9da3-16de-4510-a1cb-2a32e101c884,healthcare
0001,0001_general_small_case_8b2,case_8b29225c97,general_small,4,Could you tell me more about primary challenge?,4,corpus_e6d0bcbf3b07,0.5228,,af4b9da3-16de-4510-a1cb-2a32e101c884,healthcare
0001,0001_general_small_case_8b2,case_8b29225c97,general_small,4,Could you tell me more about primary challenge?,5,corpus_5b168d44f690,0.5199,,33042a3e-5e8e-4375-b964-0fe2252e504c,legal
0001,0001_general_small_case_8b2,case_8b29225c97,general_small,5,"Question: Could you provide a detailed explanation of the specific technical change or operation that your team faced recently, and how you addressed the chalezne it presented?",1,corpus_eb07283f38c2,0.6233,,33042a3e-5e8e-4375-b964-0fe2252e504c,legal
0001,0001_general_small_case_8b2,case_8b29225c97,general_small,5,"Question: Could you provide a detailed explanation of the specific technical change or operation that your team faced recently, and how you addressed the chalezne it presented?",2,corpus_4709625e9a6d,0.6048,,33042a3e-5e8e-4375-b964-0fe2252e504c,legal
0001,0001_general_small_case_8b2,case_8b29225c97,general_small,5,"Question: Could you provide a detailed explanation of the specific technical change or operation that your team faced recently, and how you addressed the chalezne it presented?",3,corpus_ba21f14c583e,0.6037,,33042a3e-5e8e-4375-b964-0fe2252e504c,legal
0001,0001_general_small_case_8b2,case_8b29225c97,general_small,5,"Question: Could you provide a detailed explanation of the specific technical change or operation that your team faced recently, and how you addressed the chalezne it presented?",4,corpus_5a5c3f1d0c71,0.599,,af4b9da3-16de-4510-a1cb-2a32e101c884,healthcare
0001,0001_general_small_case_8b2,case_8b29225c97,general_small,5,"Question: Could you provide a detailed explanation of the specific technical change or operation that your team faced recently, and how you addressed the chalezne it presented?",5,corpus_4b47604ce9b7,0.5987,,33042a3e-5e8e-4375-b964-0fe2252e504c,legal
0001,0001_general_small_case_8b2,case_8b29225c97,general_small,6,Could you tell me more about primary challenge?,1,corpus_76e7114db21a,0.5433,,33042a3e-5e8e-4375-b964-0fe2252e504c,legal
0001,0001_general_small_case_8b2,case_8b29225c97,general_small,6,Could you tell me more about primary challenge?,2,corpus_296f0c49df07,0.5415,,33042a3e-5e8e-4375-b964-0fe2252e504c,legal
0001,0001_general_small_case_8b2,case_8b29225c97,general_small,6,Could you tell me more about primary challenge?,3,corpus_7d50834d4b2a,0.5339,,af4b9da3-16de-4510-a1cb-2a32e101c884,healthcare
0001,0001_general_small_case_8b2,case_8b29225c97,general_small,6,Could you tell me more about primary challenge?,4,corpus_e6d0bcbf3b07,0.5228,,af4b9da3-16de-4510-a1cb-2a32e101c884,healthcare
0001,0001_general_small_case_8b2,case_8b29225c97,general_small,6,Could you tell me more about primary challenge?,5,corpus_5b168d44f690,0.5199,,33042a3e-5e8e-4375-b964-0fe2252e504c,legal
0001,0001_general_small_case_8b2,case_8b29225c97,general_small,7,"Question: Could you provide a detailed explanation of the specific technical change or operation that your team faced recently, and how you addressed the chalezne it presented?",1,corpus_eb07283f38c2,0.6233,,33042a3e-5e8e-4375-b964-0fe2252e504c,legal
0001,0001_general_small_case_8b2,case_8b29225c97,general_small,7,"Question: Could you provide a detailed explanation of the specific technical change or operation that your team faced recently, and how you addressed the chalezne it presented?",2,corpus_4709625e9a6d,0.6048,,33042a3e-5e8e-4375-b964-0fe2252e504c,legal
0001,0001_general_small_case_8b2,case_8b29225c97,general_small,7,"Question: Could you provide a detailed explanation of the specific technical change or operation that your team faced recently, and how you addressed the chalezne it presented?",3,corpus_ba21f14c583e,0.6037,,33042a3e-5e8e-4375-b964-0fe2252e504c,legal
0001,0001_general_small_case_8b2,case_8b29225c97,general_small,7,"Question: Could you provide a detailed explanation of the specific technical change or operation that your team faced recently, and how you addressed the chalezne it presented?",4,corpus_5a5c3f1d0c71,0.599,,af4b9da3-16de-4510-a1cb-2a32e101c884,healthcare
0001,0001_general_small_case_8b2,case_8b29225c97,general_small,7,"Question: Could you provide a detailed explanation of the specific technical change or operation that your team faced recently, and how you addressed the chalezne it presented?",5,corpus_4b47604ce9b7,0.5987,,33042a3e-5e8e-4375-b964-0fe2252e504c,legal
0001,0001_general_small_case_8b2,case_8b29225c97,general_small,8,Question: Could you explain how your team addressed the primary chalezne faced during the recent technical change or operation that your team faced?,1,corpus_e18a0723143e,0.5821,,33042a3e-5e8e-4375-b964-0fe2252e504c,legal
0001,0001_general_small_case_8b2,case_8b29225c97,general_small,8,Question: Could you explain how your team addressed the primary chalezne faced during the recent technical change or operation that your team faced?,2,corpus_4d1e0dc0de5a,0.5754,,33042a3e-5e8e-4375-b964-0fe2252e504c,legal
0001,0001_general_small_case_8b2,case_8b29225c97,general_small,8,Question: Could you explain how your team addressed the primary chalezne faced during the recent technical change or operation that your team faced?,3,corpus_ba21f14c583e,0.5729,,33042a3e-5e8e-4375-b964-0fe2252e504c,legal
0001,0001_general_small_case_8b2,case_8b29225c97,general_small,8,Question: Could you explain how your team addressed the primary chalezne faced during the recent technical change or operation that your team faced?,4,corpus_f2a638834dda,0.5703,,33042a3e-5e8e-4375-b964-0fe2252e504c,legal
0001,0001_general_small_case_8b2,case_8b29225c97,general_small,8,Question: Could you explain how your team addressed the primary chalezne faced during the recent technical change or operation that your team faced?,5,corpus_8fa3f94489d5,0.5657,,33042a3e-5e8e-4375-b964-0fe2252e504c,legal
0001,0001_general_small_case_8b2,case_8b29225c97,general_small,9,"Question: Could you provide a detailed explanation of the specific technical change or operation that your team faced recently, and how you addressed the chalezne it presented?",1,corpus_eb07283f38c2,0.6233,,33042a3e-5e8e-4375-b964-0fe2252e504c,legal
0001,0001_general_small_case_8b2,case_8b29225c97,general_small,9,"Question: Could you provide a detailed explanation of the specific technical change or operation that your team faced recently, and how you addressed the chalezne it presented?",2,corpus_4709625e9a6d,0.6048,,33042a3e-5e8e-4375-b964-0fe2252e504c,legal
0001,0001_general_small_case_8b2,case_8b29225c97,general_small,9,"Question: Could you provide a detailed explanation of the specific technical change or operation that your team faced recently, and how you addressed the chalezne it presented?",3,corpus_ba21f14c583e,0.6037,,33042a3e-5e8e-4375-b964-0fe2252e504c,legal
0001,0001_general_small_case_8b2,case_8b29225c97,general_small,9,"Question: Could you provide a detailed explanation of the specific technical change or operation that your team faced recently, and how you addressed the chalezne it presented?",4,corpus_5a5c3f1d0c71,0.599,,af4b9da3-16de-4510-a1cb-2a32e101c884,healthcare
0001,0001_general_small_case_8b2,case_8b29225c97,general_small,9,"Question: Could you provide a detailed explanation of the specific technical change or operation that your team faced recently, and how you addressed the chalezne it presented?",5,corpus_4b47604ce9b7,0.5987,,33042a3e-5e8e-4375-b964-0fe2252e504c,legal
0001,0001_general_small_case_8b2,case_8b29225c97,general_small,10,"Question: Could you provide a detailed explanation of the specific technical change or operation that your team faced recently, and how you addressed the chalezne it presented?",1,corpus_eb07283f38c2,0.6233,,33042a3e-5e8e-4375-b964-0fe2252e504c,legal
0001,0001_general_small_case_8b2,case_8b29225c97,general_small,10,"Question: Could you provide a detailed explanation of the specific technical change or operation that your team faced recently, and how you addressed the chalezne it presented?",2,corpus_4709625e9a6d,0.6048,,33042a3e-5e8e-4375-b964-0fe2252e504c,legal
0001,0001_general_small_case_8b2,case_8b29225c97,general_small,10,"Question: Could you provide a detailed explanation of the specific technical change or operation that your team faced recently, and how you addressed the chalezne it presented?",3,corpus_ba21f14c583e,0.6037,,33042a3e-5e8e-4375-b964-0fe2252e504c,legal
0001,0001_general_small_case_8b2,case_8b29225c97,general_small,10,"Question: Could you provide a detailed explanation of the specific technical change or operation that your team faced recently, and how you addressed the chalezne it presented?",4,corpus_5a5c3f1d0c71,0.599,,af4b9da3-16de-4510-a1cb-2a32e101c884,healthcare
0001,0001_general_small_case_8b2,case_8b29225c97,general_small,10,"Question: Could you provide a detailed explanation of the specific technical change or operation that your team faced recently, and how you addressed the chalezne it presented?",5,corpus_4b47604ce9b7,0.5987,,33042a3e-5e8e-4375-b964-0fe2252e504c,legal
0001,0001_general_small_case_8b2,case_8b29225c97,general_small,11,Could you tell me more about primary challenge?,1,corpus_76e7114db21a,0.5433,,33042a3e-5e8e-4375-b964-0fe2252e504c,legal
0001,0001_general_small_case_8b2,case_8b29225c97,general_small,11,Could you tell me more about primary challenge?,2,corpus_296f0c49df07,0.5415,,33042a3e-5e8e-4375-b964-0fe2252e504c,legal
0001,0001_general_small_case_8b2,case_8b29225c97,general_small,11,Could you tell me more about primary challenge?,3,corpus_7d50834d4b2a,0.5339,,af4b9da3-16de-4510-a1cb-2a32e101c884,healthcare
0001,0001_general_small_case_8b2,case_8b29225c97,general_small,11,Could you tell me more about primary challenge?,4,corpus_e6d0bcbf3b07,0.5228,,af4b9da3-16de-4510-a1cb-2a32e101c884,healthcare
0001,0001_general_small_case_8b2,case_8b29225c97,general_small,11,Could you tell me more about primary challenge?,5,corpus_5b168d44f690,0.5199,,33042a3e-5e8e-4375-b964-0fe2252e504c,legal
0001,0001_general_small_case_8b2,case_8b29225c97,general_small,12,"Question: Could you provide a detailed explanation of the specific technical change or operation that your team faced recently, and how you addressed the chalezne it presented?",1,corpus_eb07283f38c2,0.6233,,33042a3e-5e8e-4375-b964-0fe2252e504c,legal
0001,0001_general_small_case_8b2,case_8b29225c97,general_small,12,"Question: Could you provide a detailed explanation of the specific technical change or operation that your team faced recently, and how you addressed the chalezne it presented?",2,corpus_4709625e9a6d,0.6048,,33042a3e-5e8e-4375-b964-0fe2252e504c,legal
0001,0001_general_small_case_8b2,case_8b29225c97,general_small,12,"Question: Could you provide a detailed explanation of the specific technical change or operation that your team faced recently, and how you addressed the chalezne it presented?",3,corpus_ba21f14c583e,0.6037,,33042a3e-5e8e-4375-b964-0fe2252e504c,legal
0001,0001_general_small_case_8b2,case_8b29225c97,general_small,12,"Question: Could you provide a detailed explanation of the specific technical change or operation that your team faced recently, and how you addressed the chalezne it presented?",4,corpus_5a5c3f1d0c71,0.599,,af4b9da3-16de-4510-a1cb-2a32e101c884,healthcare
0001,0001_general_small_case_8b2,case_8b29225c97,general_small,12,"Question: Could you provide a detailed explanation of the specific technical change or operation that your team faced recently, and how you addressed the chalezne it presented?",5,corpus_4b47604ce9b7,0.5987,,33042a3e-5e8e-4375-b964-0fe2252e504c,legal
0001,0001_general_small_case_8b2,case_8b29225c97,general_small,13,"Question: Could you provide a detailed explanation of the specific technical change or operation that your team faced recently, and how you addressed the chalezne it presented?",1,corpus_eb07283f38c2,0.6233,,33042a3e-5e8e-4375-b964-0fe2252e504c,legal
0001,0001_general_small_case_8b2,case_8b29225c97,general_small,13,"Question: Could you provide a detailed explanation of the specific technical change or operation that your team faced recently, and how you addressed the chalezne it presented?",2,corpus_4709625e9a6d,0.6048,,33042a3e-5e8e-4375-b964-0fe2252e504c,legal
0001,0001_general_small_case_8b2,case_8b29225c97,general_small,13,"Question: Could you provide a detailed explanation of the specific technical change or operation that your team faced recently, and how you addressed the chalezne it presented?",3,corpus_ba21f14c583e,0.6037,,33042a3e-5e8e-4375-b964-0fe2252e504c,legal
0001,0001_general_small_case_8b2,case_8b29225c97,general_small,13,"Question: Could you provide a detailed explanation of the specific technical change or operation that your team faced recently, and how you addressed the chalezne it presented?",4,corpus_5a5c3f1d0c71,0.599,,af4b9da3-16de-4510-a1cb-2a32e101c884,healthcare
0001,0001_general_small_case_8b2,case_8b29225c97,general_small,13,"Question: Could you provide a detailed explanation of the specific technical change or operation that your team faced recently, and how you addressed the chalezne it presented?",5,corpus_4b47604ce9b7,0.5987,,33042a3e-5e8e-4375-b964-0fe2252e504c,legal
0001,0001_general_small_case_8b2,case_8b29225c97,general_small,14,QUESTION: Can you summarize the specific technical change or operation that your team faced recently and how you addressed it in detail?,1,corpus_eb07283f38c2,0.6233,,33042a3e-5e8e-4375-b964-0fe2252e504c,legal
0001,0001_general_small_case_8b2,case_8b29225c97,general_small,14,QUESTION: Can you summarize the specific technical change or operation that your team faced recently and how you addressed it in detail?,2,corpus_4709625e9a6d,0.6048,,33042a3e-5e8e-4375-b964-0fe2252e504c,legal
0001,0001_general_small_case_8b2,case_8b29225c97,general_small,14,QUESTION: Can you summarize the specific technical change or operation that your team faced recently and how you addressed it in detail?,3,corpus_ba21f14c583e,0.6037,,33042a3e-5e8e-4375-b964-0fe2252e504c,legal
0001,0001_general_small_case_8b2,case_8b29225c97,general_small,14,QUESTION: Can you summarize the specific technical change or operation that your team faced recently and how you addressed it in detail?,4,corpus_5a5c3f1d0c71,0.599,,af4b9da3-16de-4510-a1cb-2a32e101c884,healthcare
0001,0001_general_small_case_8b2,case_8b29225c97,general_small,14,QUESTION: Can you summarize the specific technical change or operation that your team faced recently and how you addressed it in detail?,5,corpus_4b47604ce9b7,0.5987,,33042a3e-5e8e-4375-b964-0fe2252e504c,legal
0001,0001_general_small_case_729,case_72932afe74,general_small,1,Question: Could you describe the key decisions and challenges faced in implementing a new software development project at your organization?,1,corpus_82ed26b67697,0.6332,,af4b9da3-16de-4510-a1cb-2a32e101c884,healthcare
0001,0001_general_small_case_729,case_72932afe74,general_small,1,Question: Could you describe the key decisions and challenges faced in implementing a new software development project at your organization?,2,corpus_5a5c3f1d0c71,0.6192,,af4b9da3-16de-4510-a1cb-2a32e101c884,healthcare
0001,0001_general_small_case_729,case_72932afe74,general_small,1,Question: Could you describe the key decisions and challenges faced in implementing a new software development project at your organization?,3,corpus_b2b9f5e071e0,0.6036,,33042a3e-5e8e-4375-b964-0fe2252e504c,legal
0001,0001_general_small_case_729,case_72932afe74,general_small,1,Question: Could you describe the key decisions and challenges faced in implementing a new software development project at your organization?,4,corpus_10489208225e,0.5986,,33042a3e-5e8e-4375-b964-0fe2252e504c,legal
0001,0001_general_small_case_729,case_72932afe74,general_small,1,Question: Could you describe the key decisions and challenges faced in implementing a new software development project at your organization?,5,corpus_8c5ce31c651e,0.5824,,33042a3e-5e8e-4375-b964-0fe2252e504c,legal
0001,0001_general_small_case_729,case_72932afe74,general_small,2,Question: Could you describe the key decision and chaullenges faced in implementing a new software development project at your organization?,1,corpus_f9690c2e2b61,0.5476,,33042a3e-5e8e-4375-b964-0fe2252e504c,legal
0001,0001_general_small_case_729,case_72932afe74,general_small,2,Question: Could you describe the key decision and chaullenges faced in implementing a new software development project at your organization?,2,corpus_db9362e0b6cb,0.5453,,33042a3e-5e8e-4375-b964-0fe2252e504c,legal
0001,0001_general_small_case_729,case_72932afe74,general_small,2,Question: Could you describe the key decision and chaullenges faced in implementing a new software development project at your organization?,3,corpus_41cc7e36a36a,0.5292,,33042a3e-5e8e-4375-b964-0fe2252e504c,legal
0001,0001_general_small_case_729,case_72932afe74,general_small,2,Question: Could you describe the key decision and chaullenges faced in implementing a new software development project at your organization?,4,corpus_b63b93d7463a,0.5208,,33042a3e-5e8e-4375-b964-0fe2252e504c,legal
0001,0001_general_small_case_729,case_72932afe74,general_small,2,Question: Could you describe the key decision and chaullenges faced in implementing a new software development project at your organization?,5,corpus_3cff9ce2ea6e,0.5129,,33042a3e-5e8e-4375-b964-0fe2252e504c,legal
0001,0001_general_small_case_729,case_72932afe74,general_small,3,"What was the specific gap that the participant identified, and how did it impact the project's completion timeline?",1,corpus_b36b5568aa4c,0.5695,,33042a3e-5e8e-4375-b964-0fe2252e504c,legal
0001,0001_general_small_case_729,case_72932afe74,general_small,3,"What was the specific gap that the participant identified, and how did it impact the project's completion timeline?",2,corpus_4574abe420cf,0.547,,33042a3e-5e8e-4375-b964-0fe2252e504c,legal
0001,0001_general_small_case_729,case_72932afe74,general_small,3,"What was the specific gap that the participant identified, and how did it impact the project's completion timeline?",3,corpus_57e39f5af793,0.5323,,33042a3e-5e8e-4375-b964-0fe2252e504c,legal
0001,0001_general_small_case_729,case_72932afe74,general_small,3,"What was the specific gap that the participant identified, and how did it impact the project's completion timeline?",4,corpus_1d607fc437ea,0.5315,,af4b9da3-16de-4510-a1cb-2a32e101c884,healthcare
0001,0001_general_small_case_729,case_72932afe74,general_small,3,"What was the specific gap that the participant identified, and how did it impact the project's completion timeline?",5,corpus_bac618d107f0,0.5306,,33042a3e-5e8e-4375-b964-0fe2252e504c,legal
0001,0001_general_small_case_729,case_72932afe74,general_small,4,"Question: Could you describe the key decision and chaullenges faced in implementing a new software development project at your organization, and how they impacted the project's completion timeline?",1,corpus_82ed26b67697,0.6861,,af4b9da3-16de-4510-a1cb-2a32e101c884,healthcare
0001,0001_general_small_case_729,case_72932afe74,general_small,4,"Question: Could you describe the key decision and chaullenges faced in implementing a new software development project at your organization, and how they impacted the project's completion timeline?",2,corpus_5a5c3f1d0c71,0.6461,,af4b9da3-16de-4510-a1cb-2a32e101c884,healthcare
0001,0001_general_small_case_729,case_72932afe74,general_small,4,"Question: Could you describe the key decision and chaullenges faced in implementing a new software development project at your organization, and how they impacted the project's completion timeline?",3,corpus_10489208225e,0.6337,,33042a3e-5e8e-4375-b964-0fe2252e504c,legal
0001,0001_general_small_case_729,case_72932afe74,general_small,4,"Question: Could you describe the key decision and chaullenges faced in implementing a new software development project at your organization, and how they impacted the project's completion timeline?",4,corpus_147ac5f00d32,0.6214,,33042a3e-5e8e-4375-b964-0fe2252e504c,legal
0001,0001_general_small_case_729,case_72932afe74,general_small,4,"Question: Could you describe the key decision and chaullenges faced in implementing a new software development project at your organization, and how they impacted the project's completion timeline?",5,corpus_d0300aec13ed,0.6182,,33042a3e-5e8e-4375-b964-0fe2252e504c,legal
0001,0001_general_small_case_729,case_72932afe74,general_small,5,Could you tell me more about domain area?,1,corpus_90ca70ad5555,0.5461,,33042a3e-5e8e-4375-b964-0fe2252e504c,legal
0001,0001_general_small_case_729,case_72932afe74,general_small,5,Could you tell me more about domain area?,2,corpus_9d5e2ec4aecd,0.5407,,e23add42-dc9f-4b46-aa21-ac722ae16c36,retail
0001,0001_general_small_case_729,case_72932afe74,general_small,5,Could you tell me more about domain area?,3,corpus_9bf0a0dbce6d,0.5322,,33042a3e-5e8e-4375-b964-0fe2252e504c,legal
0001,0001_general_small_case_729,case_72932afe74,general_small,5,Could you tell me more about domain area?,4,corpus_7f283b2eb59f,0.5189,,33042a3e-5e8e-4375-b964-0fe2252e504c,legal
0001,0001_general_small_case_729,case_72932afe74,general_small,5,Could you tell me more about domain area?,5,corpus_4b47604ce9b7,0.518,,33042a3e-5e8e-4375-b964-0fe2252e504c,legal
0001,0001_general_small_case_729,case_72932afe74,general_small,6,"QUESTION: Could you describe the specific gap that the participant identified, and how it impacted the project's completion timeline?",1,corpus_d13abd43c4d2,0.5952,,33042a3e-5e8e-4375-b964-0fe2252e504c,legal
0001,0001_general_small_case_729,case_72932afe74,general_small,6,"QUESTION: Could you describe the specific gap that the participant identified, and how it impacted the project's completion timeline?",2,corpus_08621c923ac5,0.5798,,33042a3e-5e8e-4375-b964-0fe2252e504c,legal
0001,0001_general_small_case_729,case_72932afe74,general_small,6,"QUESTION: Could you describe the specific gap that the participant identified, and how it impacted the project's completion timeline?",3,corpus_ef1f68ecd93f,0.5587,,33042a3e-5e8e-4375-b964-0fe2252e504c,legal
0001,0001_general_small_case_729,case_72932afe74,general_small,6,"QUESTION: Could you describe the specific gap that the participant identified, and how it impacted the project's completion timeline?",4,corpus_ba21f14c583e,0.5508,,33042a3e-5e8e-4375-b964-0fe2252e504c,legal
0001,0001_general_small_case_729,case_72932afe74,general_small,6,"QUESTION: Could you describe the specific gap that the participant identified, and how it impacted the project's completion timeline?",5,corpus_6c7017077971,0.5467,,33042a3e-5e8e-4375-b964-0fe2252e504c,legal
0001,0001_general_small_case_729,case_72932afe74,general_small,7,Could you tell me more about domain area?,1,corpus_90ca70ad5555,0.5461,,33042a3e-5e8e-4375-b964-0fe2252e504c,legal
0001,0001_general_small_case_729,case_72932afe74,general_small,7,Could you tell me more about domain area?,2,corpus_9d5e2ec4aecd,0.5407,,e23add42-dc9f-4b46-aa21-ac722ae16c36,retail
0001,0001_general_small_case_729,case_72932afe74,general_small,7,Could you tell me more about domain area?,3,corpus_9bf0a0dbce6d,0.5322,,33042a3e-5e8e-4375-b964-0fe2252e504c,legal
0001,0001_general_small_case_729,case_72932afe74,general_small,7,Could you tell me more about domain area?,4,corpus_7f283b2eb59f,0.5189,,33042a3e-5e8e-4375-b964-0fe2252e504c,legal
0001,0001_general_small_case_729,case_72932afe74,general_small,7,Could you tell me more about domain area?,5,corpus_4b47604ce9b7,0.518,,33042a3e-5e8e-4375-b964-0fe2252e504c,legal
0001,0001_general_small_case_729,case_72932afe74,general_small,8,"Question: Could you explain the specific gap that the participant identified, and how it impacted the project's completion timeline?",1,corpus_d13abd43c4d2,0.5952,,33042a3e-5e8e-4375-b964-0fe2252e504c,legal
0001,0001_general_small_case_729,case_72932afe74,general_small,8,"Question: Could you explain the specific gap that the participant identified, and how it impacted the project's completion timeline?",2,corpus_08621c923ac5,0.5798,,33042a3e-5e8e-4375-b964-0fe2252e504c,legal
0001,0001_general_small_case_729,case_72932afe74,general_small,8,"Question: Could you explain the specific gap that the participant identified, and how it impacted the project's completion timeline?",3,corpus_ef1f68ecd93f,0.5587,,33042a3e-5e8e-4375-b964-0fe2252e504c,legal
0001,0001_general_small_case_729,case_72932afe74,general_small,8,"Question: Could you explain the specific gap that the participant identified, and how it impacted the project's completion timeline?",4,corpus_ba21f14c583e,0.5508,,33042a3e-5e8e-4375-b964-0fe2252e504c,legal
0001,0001_general_small_case_729,case_72932afe74,general_small,8,"Question: Could you explain the specific gap that the participant identified, and how it impacted the project's completion timeline?",5,corpus_6c7017077971,0.5467,,33042a3e-5e8e-4375-b964-0fe2252e504c,legal
0001,0001_general_small_case_729,case_72932afe74,general_small,9,"QUESTION: Could you explain how the lack of effective knowledge transfer practices impacted the project's completion timeline and the impact on employee onboarding, as described in the previous answer",1,corpus_7dd4c34c90bc,0.6088,,33042a3e-5e8e-4375-b964-0fe2252e504c,legal
0001,0001_general_small_case_729,case_72932afe74,general_small,9,"QUESTION: Could you explain how the lack of effective knowledge transfer practices impacted the project's completion timeline and the impact on employee onboarding, as described in the previous answer",2,corpus_ba21f14c583e,0.5816,,33042a3e-5e8e-4375-b964-0fe2252e504c,legal
0001,0001_general_small_case_729,case_72932afe74,general_small,9,"QUESTION: Could you explain how the lack of effective knowledge transfer practices impacted the project's completion timeline and the impact on employee onboarding, as described in the previous answer",3,corpus_7a70a0136feb,0.5669,,33042a3e-5e8e-4375-b964-0fe2252e504c,legal
0001,0001_general_small_case_729,case_72932afe74,general_small,9,"QUESTION: Could you explain how the lack of effective knowledge transfer practices impacted the project's completion timeline and the impact on employee onboarding, as described in the previous answer",4,corpus_6c7017077971,0.5633,,33042a3e-5e8e-4375-b964-0fe2252e504c,legal
0001,0001_general_small_case_729,case_72932afe74,general_small,9,"QUESTION: Could you explain how the lack of effective knowledge transfer practices impacted the project's completion timeline and the impact on employee onboarding, as described in the previous answer",5,corpus_9d2db1b0788c,0.5591,,33042a3e-5e8e-4375-b964-0fe2252e504c,legal
0001,0001_general_small_case_729,case_72932afe74,general_small,10,"Question: Could you explain the specific gap that the participant identified, and how it impacted the project's completion timeline?",1,corpus_d13abd43c4d2,0.5952,,33042a3e-5e8e-4375-b964-0fe2252e504c,legal
0001,0001_general_small_case_729,case_72932afe74,general_small,10,"Question: Could you explain the specific gap that the participant identified, and how it impacted the project's completion timeline?",2,corpus_08621c923ac5,0.5798,,33042a3e-5e8e-4375-b964-0fe2252e504c,legal
0001,0001_general_small_case_729,case_72932afe74,general_small,10,"Question: Could you explain the specific gap that the participant identified, and how it impacted the project's completion timeline?",3,corpus_ef1f68ecd93f,0.5587,,33042a3e-5e8e-4375-b964-0fe2252e504c,legal
0001,0001_general_small_case_729,case_72932afe74,general_small,10,"Question: Could you explain the specific gap that the participant identified, and how it impacted the project's completion timeline?",4,corpus_ba21f14c583e,0.5508,,33042a3e-5e8e-4375-b964-0fe2252e504c,legal
0001,0001_general_small_case_729,case_72932afe74,general_small,10,"Question: Could you explain the specific gap that the participant identified, and how it impacted the project's completion timeline?",5,corpus_6c7017077971,0.5467,,33042a3e-5e8e-4375-b964-0fe2252e504c,legal
0001,0001_general_small_case_729,case_72932afe74,general_small,11,QUESTION: Could you provide additional information on the specific gap that the participant identified and how it impacted the project's completion timeline?,1,corpus_efd7418d8083,0.646,,33042a3e-5e8e-4375-b964-0fe2252e504c,legal
0001,0001_general_small_case_729,case_72932afe74,general_small,11,QUESTION: Could you provide additional information on the specific gap that the participant identified and how it impacted the project's completion timeline?,2,corpus_44a45d7d2d99,0.6012,,af4b9da3-16de-4510-a1cb-2a32e101c884,healthcare
0001,0001_general_small_case_729,case_72932afe74,general_small,11,QUESTION: Could you provide additional information on the specific gap that the participant identified and how it impacted the project's completion timeline?,3,corpus_9ee7167294e2,0.5934,,af4b9da3-16de-4510-a1cb-2a32e101c884,healthcare
0001,0001_general_small_case_729,case_72932afe74,general_small,11,QUESTION: Could you provide additional information on the specific gap that the participant identified and how it impacted the project's completion timeline?,4,corpus_b99060211cc8,0.5611,,33042a3e-5e8e-4375-b964-0fe2252e504c,legal
0001,0001_general_small_case_729,case_72932afe74,general_small,11,QUESTION: Could you provide additional information on the specific gap that the participant identified and how it impacted the project's completion timeline?,5,corpus_611c7d18c7d3,0.5588,,33042a3e-5e8e-4375-b964-0fe2252e504c,legal
0001,0001_general_small_case_729,case_72932afe74,general_small,12,Question: Could you provide more details on the specific gap that the participant identified and how it impacted the project's completion timeline?,1,corpus_4b47604ce9b7,0.5861,,33042a3e-5e8e-4375-b964-0fe2252e504c,legal
0001,0001_general_small_case_729,case_72932afe74,general_small,12,Question: Could you provide more details on the specific gap that the participant identified and how it impacted the project's completion timeline?,2,corpus_7dd4c34c90bc,0.5629,,33042a3e-5e8e-4375-b964-0fe2252e504c,legal
0001,0001_general_small_case_729,case_72932afe74,general_small,12,Question: Could you provide more details on the specific gap that the participant identified and how it impacted the project's completion timeline?,3,corpus_4709625e9a6d,0.557,,33042a3e-5e8e-4375-b964-0fe2252e504c,legal
0001,0001_general_small_case_729,case_72932afe74,general_small,12,Question: Could you provide more details on the specific gap that the participant identified and how it impacted the project's completion timeline?,4,corpus_598fb7d8bb20,0.5511,,33042a3e-5e8e-4375-b964-0fe2252e504c,legal
0001,0001_general_small_case_729,case_72932afe74,general_small,12,Question: Could you provide more details on the specific gap that the participant identified and how it impacted the project's completion timeline?,5,corpus_7f283b2eb59f,0.5446,,33042a3e-5e8e-4375-b964-0fe2252e504c,legal
0001,0001_general_small_case_729,case_72932afe74,general_small,13,Question: Could you provide more information on the specific gap that the participant identified and how it impacted the project's completion timeline?,1,corpus_efd7418d8083,0.646,,33042a3e-5e8e-4375-b964-0fe2252e504c,legal
0001,0001_general_small_case_729,case_72932afe74,general_small,13,Question: Could you provide more information on the specific gap that the participant identified and how it impacted the project's completion timeline?,2,corpus_44a45d7d2d99,0.6012,,af4b9da3-16de-4510-a1cb-2a32e101c884,healthcare
0001,0001_general_small_case_729,case_72932afe74,general_small,13,Question: Could you provide more information on the specific gap that the participant identified and how it impacted the project's completion timeline?,3,corpus_9ee7167294e2,0.5934,,af4b9da3-16de-4510-a1cb-2a32e101c884,healthcare
0001,0001_general_small_case_729,case_72932afe74,general_small,13,Question: Could you provide more information on the specific gap that the participant identified and how it impacted the project's completion timeline?,4,corpus_b99060211cc8,0.5611,,33042a3e-5e8e-4375-b964-0fe2252e504c,legal
0001,0001_general_small_case_729,case_72932afe74,general_small,13,Question: Could you provide more information on the specific gap that the participant identified and how it impacted the project's completion timeline?,5,corpus_611c7d18c7d3,0.5588,,33042a3e-5e8e-4375-b964-0fe2252e504c,legal
0001,0001_general_small_case_729,case_72932afe74,general_small,14,"QUESTION: Based on your knowledge of the prior knowledge state, what is the most probable cause for the participant's stated knowledge gap, and how does it impact the project's completion timeline?",1,corpus_efd7418d8083,0.646,,33042a3e-5e8e-4375-b964-0fe2252e504c,legal
0001,0001_general_small_case_729,case_72932afe74,general_small,14,"QUESTION: Based on your knowledge of the prior knowledge state, what is the most probable cause for the participant's stated knowledge gap, and how does it impact the project's completion timeline?",2,corpus_44a45d7d2d99,0.6012,,af4b9da3-16de-4510-a1cb-2a32e101c884,healthcare
0001,0001_general_small_case_729,case_72932afe74,general_small,14,"QUESTION: Based on your knowledge of the prior knowledge state, what is the most probable cause for the participant's stated knowledge gap, and how does it impact the project's completion timeline?",3,corpus_9ee7167294e2,0.5934,,af4b9da3-16de-4510-a1cb-2a32e101c884,healthcare
0001,0001_general_small_case_729,case_72932afe74,general_small,14,"QUESTION: Based on your knowledge of the prior knowledge state, what is the most probable cause for the participant's stated knowledge gap, and how does it impact the project's completion timeline?",4,corpus_b99060211cc8,0.5611,,33042a3e-5e8e-4375-b964-0fe2252e504c,legal
0001,0001_general_small_case_729,case_72932afe74,general_small,14,"QUESTION: Based on your knowledge of the prior knowledge state, what is the most probable cause for the participant's stated knowledge gap, and how does it impact the project's completion timeline?",5,corpus_611c7d18c7d3,0.5588,,33042a3e-5e8e-4375-b964-0fe2252e504c,legal
0001,0001_general_small_case_8b2,case_8b29225c97,general_small,1,"Question: What were the root causes of the delay, increased costs, and difficulties in responding to disruption that your team faced recently, and how did the project leadership address these issues?",1,corpus_e18a0723143e,0.5279,,33042a3e-5e8e-4375-b964-0fe2252e504c,legal
0001,0001_general_small_case_8b2,case_8b29225c97,general_small,1,"Question: What were the root causes of the delay, increased costs, and difficulties in responding to disruption that your team faced recently, and how did the project leadership address these issues?",2,corpus_61fcd259ec15,0.5265,,33042a3e-5e8e-4375-b964-0fe2252e504c,legal
0001,0001_general_small_case_8b2,case_8b29225c97,general_small,1,"Question: What were the root causes of the delay, increased costs, and difficulties in responding to disruption that your team faced recently, and how did the project leadership address these issues?",3,corpus_e97e4473aecb,0.5253,,33042a3e-5e8e-4375-b964-0fe2252e504c,legal
0001,0001_general_small_case_8b2,case_8b29225c97,general_small,1,"Question: What were the root causes of the delay, increased costs, and difficulties in responding to disruption that your team faced recently, and how did the project leadership address these issues?",4,corpus_bfb5893d8e2e,0.5235,,33042a3e-5e8e-4375-b964-0fe2252e504c,legal
0001,0001_general_small_case_8b2,case_8b29225c97,general_small,1,"Question: What were the root causes of the delay, increased costs, and difficulties in responding to disruption that your team faced recently, and how did the project leadership address these issues?",5,corpus_9e63a2fc48a5,0.5216,,33042a3e-5e8e-4375-b964-0fe2252e504c,legal
0001,0001_general_small_case_8b2,case_8b29225c97,general_small,2,"Question: What were the root causes of the delay, increased costs, and difficulties in responding to disruption that your team faced recently, and how did the project leadership address these issues?",1,corpus_e18a0723143e,0.5279,,33042a3e-5e8e-4375-b964-0fe2252e504c,legal
0001,0001_general_small_case_8b2,case_8b29225c97,general_small,2,"Question: What were the root causes of the delay, increased costs, and difficulties in responding to disruption that your team faced recently, and how did the project leadership address these issues?",2,corpus_61fcd259ec15,0.5265,,33042a3e-5e8e-4375-b964-0fe2252e504c,legal
0001,0001_general_small_case_8b2,case_8b29225c97,general_small,2,"Question: What were the root causes of the delay, increased costs, and difficulties in responding to disruption that your team faced recently, and how did the project leadership address these issues?",3,corpus_e97e4473aecb,0.5253,,33042a3e-5e8e-4375-b964-0fe2252e504c,legal
0001,0001_general_small_case_8b2,case_8b29225c97,general_small,2,"Question: What were the root causes of the delay, increased costs, and difficulties in responding to disruption that your team faced recently, and how did the project leadership address these issues?",4,corpus_bfb5893d8e2e,0.5235,,33042a3e-5e8e-4375-b964-0fe2252e504c,legal
0001,0001_general_small_case_8b2,case_8b29225c97,general_small,2,"Question: What were the root causes of the delay, increased costs, and difficulties in responding to disruption that your team faced recently, and how did the project leadership address these issues?",5,corpus_9e63a2fc48a5,0.5216,,33042a3e-5e8e-4375-b964-0fe2252e504c,legal
0001,0001_general_small_case_8b2,case_8b29225c97,general_small,3,"QUESTION: What was the root cause of the delays, increased costs, and difficulties in responding to disruption that your team faced recently, and how did the project leadership address these issues?",1,corpus_e18a0723143e,0.5279,,33042a3e-5e8e-4375-b964-0fe2252e504c,legal
0001,0001_general_small_case_8b2,case_8b29225c97,general_small,3,"QUESTION: What was the root cause of the delays, increased costs, and difficulties in responding to disruption that your team faced recently, and how did the project leadership address these issues?",2,corpus_61fcd259ec15,0.5265,,33042a3e-5e8e-4375-b964-0fe2252e504c,legal
0001,0001_general_small_case_8b2,case_8b29225c97,general_small,3,"QUESTION: What was the root cause of the delays, increased costs, and difficulties in responding to disruption that your team faced recently, and how did the project leadership address these issues?",3,corpus_e97e4473aecb,0.5253,,33042a3e-5e8e-4375-b964-0fe2252e504c,legal
0001,0001_general_small_case_8b2,case_8b29225c97,general_small,3,"QUESTION: What was the root cause of the delays, increased costs, and difficulties in responding to disruption that your team faced recently, and how did the project leadership address these issues?",4,corpus_bfb5893d8e2e,0.5235,,33042a3e-5e8e-4375-b964-0fe2252e504c,legal
0001,0001_general_small_case_8b2,case_8b29225c97,general_small,3,"QUESTION: What was the root cause of the delays, increased costs, and difficulties in responding to disruption that your team faced recently, and how did the project leadership address these issues?",5,corpus_9e63a2fc48a5,0.5216,,33042a3e-5e8e-4375-b964-0fe2252e504c,legal
0001,0001_general_small_case_8b2,case_8b29225c97,general_small,4,"QUESTION: What were the root causes of the delay, increased costs, and difficulties in responding to disruption that your team faced recently, and how did the project leadership address these issues?",1,corpus_e18a0723143e,0.5279,,33042a3e-5e8e-4375-b964-0fe2252e504c,legal
0001,0001_general_small_case_8b2,case_8b29225c97,general_small,4,"QUESTION: What were the root causes of the delay, increased costs, and difficulties in responding to disruption that your team faced recently, and how did the project leadership address these issues?",2,corpus_61fcd259ec15,0.5265,,33042a3e-5e8e-4375-b964-0fe2252e504c,legal
0001,0001_general_small_case_8b2,case_8b29225c97,general_small,4,"QUESTION: What were the root causes of the delay, increased costs, and difficulties in responding to disruption that your team faced recently, and how did the project leadership address these issues?",3,corpus_e97e4473aecb,0.5253,,33042a3e-5e8e-4375-b964-0fe2252e504c,legal
0001,0001_general_small_case_8b2,case_8b29225c97,general_small,4,"QUESTION: What were the root causes of the delay, increased costs, and difficulties in responding to disruption that your team faced recently, and how did the project leadership address these issues?",4,corpus_bfb5893d8e2e,0.5235,,33042a3e-5e8e-4375-b964-0fe2252e504c,legal
0001,0001_general_small_case_8b2,case_8b29225c97,general_small,4,"QUESTION: What were the root causes of the delay, increased costs, and difficulties in responding to disruption that your team faced recently, and how did the project leadership address these issues?",5,corpus_9e63a2fc48a5,0.5216,,33042a3e-5e8e-4375-b964-0fe2252e504c,legal
0001,0001_general_small_case_8b2,case_8b29225c97,general_small,5,Could you tell me more about domain area?,1,corpus_aac24ae0a7b4,0.5717,,33042a3e-5e8e-4375-b964-0fe2252e504c,legal
0001,0001_general_small_case_8b2,case_8b29225c97,general_small,5,Could you tell me more about domain area?,2,corpus_3e160cb0a1d2,0.5649,,33042a3e-5e8e-4375-b964-0fe2252e504c,legal
0001,0001_general_small_case_8b2,case_8b29225c97,general_small,5,Could you tell me more about domain area?,3,corpus_e634e990f73f,0.5647,,33042a3e-5e8e-4375-b964-0fe2252e504c,legal
0001,0001_general_small_case_8b2,case_8b29225c97,general_small,5,Could you tell me more about domain area?,4,corpus_d29ad5e339af,0.5512,,33042a3e-5e8e-4375-b964-0fe2252e504c,legal
0001,0001_general_small_case_8b2,case_8b29225c97,general_small,5,Could you tell me more about domain area?,5,corpus_611c7d18c7d3,0.5509,,33042a3e-5e8e-4375-b964-0fe2252e504c,legal
0001,0001_general_small_case_8b2,case_8b29225c97,general_small,6,"Question: Could you provide more information on the lessons learned from the recent delays, increased costs, and difficulties in responding to disruption that your team faced?",1,corpus_7fa3bd5aef67,0.5248,,33042a3e-5e8e-4375-b964-0fe2252e504c,legal
0001,0001_general_small_case_8b2,case_8b29225c97,general_small,6,"Question: Could you provide more information on the lessons learned from the recent delays, increased costs, and difficulties in responding to disruption that your team faced?",2,corpus_1caf7bb3735f,0.5134,,33042a3e-5e8e-4375-b964-0fe2252e504c,legal
0001,0001_general_small_case_8b2,case_8b29225c97,general_small,6,"Question: Could you provide more information on the lessons learned from the recent delays, increased costs, and difficulties in responding to disruption that your team faced?",3,corpus_adcd63ee81c3,0.5042,,33042a3e-5e8e-4375-b964-0fe2252e504c,legal
0001,0001_general_small_case_8b2,case_8b29225c97,general_small,6,"Question: Could you provide more information on the lessons learned from the recent delays, increased costs, and difficulties in responding to disruption that your team faced?",4,corpus_4709625e9a6d,0.5036,,33042a3e-5e8e-4375-b964-0fe2252e504c,legal
0001,0001_general_small_case_8b2,case_8b29225c97,general_small,6,"Question: Could you provide more information on the lessons learned from the recent delays, increased costs, and difficulties in responding to disruption that your team faced?",5,corpus_d80f614a69a6,0.5023,,33042a3e-5e8e-4375-b964-0fe2252e504c,legal
0001,0001_general_small_case_8b2,case_8b29225c97,general_small,7,"QUESTION: Could you provide more information on the specific challenges faced by your team during the recent delays, increased costs, and difficulties in responding to disruption?",1,corpus_5b168d44f690,0.5154,,33042a3e-5e8e-4375-b964-0fe2252e504c,legal
0001,0001_general_small_case_8b2,case_8b29225c97,general_small,7,"QUESTION: Could you provide more information on the specific challenges faced by your team during the recent delays, increased costs, and difficulties in responding to disruption?",2,corpus_0479200714ef,0.5139,,33042a3e-5e8e-4375-b964-0fe2252e504c,legal
0001,0001_general_small_case_8b2,case_8b29225c97,general_small,7,"QUESTION: Could you provide more information on the specific challenges faced by your team during the recent delays, increased costs, and difficulties in responding to disruption?",3,corpus_282d90937e3a,0.5121,,33042a3e-5e8e-4375-b964-0fe2252e504c,legal
0001,0001_general_small_case_8b2,case_8b29225c97,general_small,7,"QUESTION: Could you provide more information on the specific challenges faced by your team during the recent delays, increased costs, and difficulties in responding to disruption?",4,corpus_d29ad5e339af,0.5103,,33042a3e-5e8e-4375-b964-0fe2252e504c,legal
0001,0001_general_small_case_8b2,case_8b29225c97,general_small,7,"QUESTION: Could you provide more information on the specific challenges faced by your team during the recent delays, increased costs, and difficulties in responding to disruption?",5,corpus_b36b5568aa4c,0.5032,,33042a3e-5e8e-4375-b964-0fe2252e504c,legal
0001,0001_general_small_case_8b2,case_8b29225c97,general_small,8,"QUESTION: Could you provide more information on the specific chaullenges faced by your team during the recent delay, increased costs, and difficulties in responding to disruption, and how they were ad",1,corpus_1caf7bb3735f,0.5489,,33042a3e-5e8e-4375-b964-0fe2252e504c,legal
0001,0001_general_small_case_8b2,case_8b29225c97,general_small,8,"QUESTION: Could you provide more information on the specific chaullenges faced by your team during the recent delay, increased costs, and difficulties in responding to disruption, and how they were ad",2,corpus_b72c9c48ed78,0.5486,,33042a3e-5e8e-4375-b964-0fe2252e504c,legal
0001,0001_general_small_case_8b2,case_8b29225c97,general_small,8,"QUESTION: Could you provide more information on the specific chaullenges faced by your team during the recent delay, increased costs, and difficulties in responding to disruption, and how they were ad",3,corpus_e97e4473aecb,0.5443,,33042a3e-5e8e-4375-b964-0fe2252e504c,legal
0001,0001_general_small_case_8b2,case_8b29225c97,general_small,8,"QUESTION: Could you provide more information on the specific chaullenges faced by your team during the recent delay, increased costs, and difficulties in responding to disruption, and how they were ad",4,corpus_8b53266ffc7f,0.544,,33042a3e-5e8e-4375-b964-0fe2252e504c,legal
0001,0001_general_small_case_8b2,case_8b29225c97,general_small,8,"QUESTION: Could you provide more information on the specific chaullenges faced by your team during the recent delay, increased costs, and difficulties in responding to disruption, and how they were ad",5,corpus_b99060211cc8,0.5434,,33042a3e-5e8e-4375-b964-0fe2252e504c,legal
0001,0001_general_small_case_8b2,case_8b29225c97,general_small,9,"Question: Could you provide more information on the specific lessons learned from the recent delay, increased costs, and difficulties in responding to disruption that your team faced?",1,corpus_7fa3bd5aef67,0.5248,,33042a3e-5e8e-4375-b964-0fe2252e504c,legal
0001,0001_general_small_case_8b2,case_8b29225c97,general_small,9,"Question: Could you provide more information on the specific lessons learned from the recent delay, increased costs, and difficulties in responding to disruption that your team faced?",2,corpus_1caf7bb3735f,0.5134,,33042a3e-5e8e-4375-b964-0fe2252e504c,legal
0001,0001_general_small_case_8b2,case_8b29225c97,general_small,9,"Question: Could you provide more information on the specific lessons learned from the recent delay, increased costs, and difficulties in responding to disruption that your team faced?",3,corpus_adcd63ee81c3,0.5042,,33042a3e-5e8e-4375-b964-0fe2252e504c,legal
0001,0001_general_small_case_8b2,case_8b29225c97,general_small,9,"Question: Could you provide more information on the specific lessons learned from the recent delay, increased costs, and difficulties in responding to disruption that your team faced?",4,corpus_4709625e9a6d,0.5036,,33042a3e-5e8e-4375-b964-0fe2252e504c,legal
0001,0001_general_small_case_8b2,case_8b29225c97,general_small,9,"Question: Could you provide more information on the specific lessons learned from the recent delay, increased costs, and difficulties in responding to disruption that your team faced?",5,corpus_d80f614a69a6,0.5023,,33042a3e-5e8e-4375-b964-0fe2252e504c,legal
0001,0001_general_small_case_8b2,case_8b29225c97,general_small,10,"QUESTION: Could you provide more information on the specific lessons learned from the recent delay, increased costs, and difficulties in responding to disruption that your team faced?",1,corpus_7fa3bd5aef67,0.5248,,33042a3e-5e8e-4375-b964-0fe2252e504c,legal
0001,0001_general_small_case_8b2,case_8b29225c97,general_small,10,"QUESTION: Could you provide more information on the specific lessons learned from the recent delay, increased costs, and difficulties in responding to disruption that your team faced?",2,corpus_1caf7bb3735f,0.5134,,33042a3e-5e8e-4375-b964-0fe2252e504c,legal
0001,0001_general_small_case_8b2,case_8b29225c97,general_small,10,"QUESTION: Could you provide more information on the specific lessons learned from the recent delay, increased costs, and difficulties in responding to disruption that your team faced?",3,corpus_adcd63ee81c3,0.5042,,33042a3e-5e8e-4375-b964-0fe2252e504c,legal
0001,0001_general_small_case_8b2,case_8b29225c97,general_small,10,"QUESTION: Could you provide more information on the specific lessons learned from the recent delay, increased costs, and difficulties in responding to disruption that your team faced?",4,corpus_4709625e9a6d,0.5036,,33042a3e-5e8e-4375-b964-0fe2252e504c,legal
0001,0001_general_small_case_8b2,case_8b29225c97,general_small,10,"QUESTION: Could you provide more information on the specific lessons learned from the recent delay, increased costs, and difficulties in responding to disruption that your team faced?",5,corpus_d80f614a69a6,0.5023,,33042a3e-5e8e-4375-b964-0fe2252e504c,legal
0001,0001_general_small_case_8b2,case_8b29225c97,general_small,11,"Question: Could you provide more information on the specific lessons learned from the recent delay, increased costs, and difficulties in responding to disruption that your team faced?",1,corpus_7fa3bd5aef67,0.5248,,33042a3e-5e8e-4375-b964-0fe2252e504c,legal
0001,0001_general_small_case_8b2,case_8b29225c97,general_small,11,"Question: Could you provide more information on the specific lessons learned from the recent delay, increased costs, and difficulties in responding to disruption that your team faced?",2,corpus_1caf7bb3735f,0.5134,,33042a3e-5e8e-4375-b964-0fe2252e504c,legal
0001,0001_general_small_case_8b2,case_8b29225c97,general_small,11,"Question: Could you provide more information on the specific lessons learned from the recent delay, increased costs, and difficulties in responding to disruption that your team faced?",3,corpus_adcd63ee81c3,0.5042,,33042a3e-5e8e-4375-b964-0fe2252e504c,legal
0001,0001_general_small_case_8b2,case_8b29225c97,general_small,11,"Question: Could you provide more information on the specific lessons learned from the recent delay, increased costs, and difficulties in responding to disruption that your team faced?",4,corpus_4709625e9a6d,0.5036,,33042a3e-5e8e-4375-b964-0fe2252e504c,legal
0001,0001_general_small_case_8b2,case_8b29225c97,general_small,11,"Question: Could you provide more information on the specific lessons learned from the recent delay, increased costs, and difficulties in responding to disruption that your team faced?",5,corpus_d80f614a69a6,0.5023,,33042a3e-5e8e-4375-b964-0fe2252e504c,legal
0001,0001_general_small_case_8b2,case_8b29225c97,general_small,12,"Question: Could you provide more information on the specific lessons learned from the recent delay, increased costs, and difficulties in responding to disruption that your team faced?",1,corpus_7fa3bd5aef67,0.5248,,33042a3e-5e8e-4375-b964-0fe2252e504c,legal
0001,0001_general_small_case_8b2,case_8b29225c97,general_small,12,"Question: Could you provide more information on the specific lessons learned from the recent delay, increased costs, and difficulties in responding to disruption that your team faced?",2,corpus_1caf7bb3735f,0.5134,,33042a3e-5e8e-4375-b964-0fe2252e504c,legal
0001,0001_general_small_case_8b2,case_8b29225c97,general_small,12,"Question: Could you provide more information on the specific lessons learned from the recent delay, increased costs, and difficulties in responding to disruption that your team faced?",3,corpus_adcd63ee81c3,0.5042,,33042a3e-5e8e-4375-b964-0fe2252e504c,legal
0001,0001_general_small_case_8b2,case_8b29225c97,general_small,12,"Question: Could you provide more information on the specific lessons learned from the recent delay, increased costs, and difficulties in responding to disruption that your team faced?",4,corpus_4709625e9a6d,0.5036,,33042a3e-5e8e-4375-b964-0fe2252e504c,legal
0001,0001_general_small_case_8b2,case_8b29225c97,general_small,12,"Question: Could you provide more information on the specific lessons learned from the recent delay, increased costs, and difficulties in responding to disruption that your team faced?",5,corpus_d80f614a69a6,0.5023,,33042a3e-5e8e-4375-b964-0fe2252e504c,legal
0001,0001_general_small_case_8b2,case_8b29225c97,general_small,13,"Question: Could you provide more information on the specific lessons learned from the recent delay, increased costs, and difficulties in responding to disruption that your team faced?",1,corpus_7fa3bd5aef67,0.5248,,33042a3e-5e8e-4375-b964-0fe2252e504c,legal
0001,0001_general_small_case_8b2,case_8b29225c97,general_small,13,"Question: Could you provide more information on the specific lessons learned from the recent delay, increased costs, and difficulties in responding to disruption that your team faced?",2,corpus_1caf7bb3735f,0.5134,,33042a3e-5e8e-4375-b964-0fe2252e504c,legal
0001,0001_general_small_case_8b2,case_8b29225c97,general_small,13,"Question: Could you provide more information on the specific lessons learned from the recent delay, increased costs, and difficulties in responding to disruption that your team faced?",3,corpus_adcd63ee81c3,0.5042,,33042a3e-5e8e-4375-b964-0fe2252e504c,legal
0001,0001_general_small_case_8b2,case_8b29225c97,general_small,13,"Question: Could you provide more information on the specific lessons learned from the recent delay, increased costs, and difficulties in responding to disruption that your team faced?",4,corpus_4709625e9a6d,0.5036,,33042a3e-5e8e-4375-b964-0fe2252e504c,legal
0001,0001_general_small_case_8b2,case_8b29225c97,general_small,13,"Question: Could you provide more information on the specific lessons learned from the recent delay, increased costs, and difficulties in responding to disruption that your team faced?",5,corpus_d80f614a69a6,0.5023,,33042a3e-5e8e-4375-b964-0fe2252e504c,legal
0001,0001_general_small_case_8b2,case_8b29225c97,general_small,14,"QUESTION: Could you please provide more information on the specific lessons learned from the recent delay, increased costs, and difficulties in responding to disruption that your team faced?",1,corpus_7fa3bd5aef67,0.5248,,33042a3e-5e8e-4375-b964-0fe2252e504c,legal
0001,0001_general_small_case_8b2,case_8b29225c97,general_small,14,"QUESTION: Could you please provide more information on the specific lessons learned from the recent delay, increased costs, and difficulties in responding to disruption that your team faced?",2,corpus_1caf7bb3735f,0.5134,,33042a3e-5e8e-4375-b964-0fe2252e504c,legal
0001,0001_general_small_case_8b2,case_8b29225c97,general_small,14,"QUESTION: Could you please provide more information on the specific lessons learned from the recent delay, increased costs, and difficulties in responding to disruption that your team faced?",3,corpus_adcd63ee81c3,0.5042,,33042a3e-5e8e-4375-b964-0fe2252e504c,legal
0001,0001_general_small_case_8b2,case_8b29225c97,general_small,14,"QUESTION: Could you please provide more information on the specific lessons learned from the recent delay, increased costs, and difficulties in responding to disruption that your team faced?",4,corpus_4709625e9a6d,0.5036,,33042a3e-5e8e-4375-b964-0fe2252e504c,legal
0001,0001_general_small_case_8b2,case_8b29225c97,general_small,14,"QUESTION: Could you please provide more information on the specific lessons learned from the recent delay, increased costs, and difficulties in responding to disruption that your team faced?",5,corpus_d80f614a69a6,0.5023,,33042a3e-5e8e-4375-b964-0fe2252e504c,legal
0001,0001_general_main_case_8b2,case_8b29225c97,general_main,1,"What was the primary challenge you faced in implementing these document management systems and email, and how did it impact your team's operations?",1,corpus_0479200714ef,0.4862,,33042a3e-5e8e-4375-b964-0fe2252e504c,legal
0001,0001_general_main_case_8b2,case_8b29225c97,general_main,1,"What was the primary challenge you faced in implementing these document management systems and email, and how did it impact your team's operations?",2,corpus_96f9ac4f9031,0.4843,,33042a3e-5e8e-4375-b964-0fe2252e504c,legal
0001,0001_general_main_case_8b2,case_8b29225c97,general_main,1,"What was the primary challenge you faced in implementing these document management systems and email, and how did it impact your team's operations?",3,corpus_39bd8962e3d1,0.4831,,33042a3e-5e8e-4375-b964-0fe2252e504c,legal
0001,0001_general_main_case_8b2,case_8b29225c97,general_main,1,"What was the primary challenge you faced in implementing these document management systems and email, and how did it impact your team's operations?",4,corpus_4574abe420cf,0.4829,,33042a3e-5e8e-4375-b964-0fe2252e504c,legal
0001,0001_general_main_case_8b2,case_8b29225c97,general_main,1,"What was the primary challenge you faced in implementing these document management systems and email, and how did it impact your team's operations?",5,corpus_4c1078ca06ee,0.4801,,33042a3e-5e8e-4375-b964-0fe2252e504c,legal
0001,0001_general_main_case_8b2,case_8b29225c97,general_main,2,"Could you describe how the outdated document management systems and email impacted the team's operations, specifically in terms of version control and information consistency?",1,corpus_209eb8a4f449,0.5931,,33042a3e-5e8e-4375-b964-0fe2252e504c,legal
0001,0001_general_main_case_8b2,case_8b29225c97,general_main,2,"Could you describe how the outdated document management systems and email impacted the team's operations, specifically in terms of version control and information consistency?",2,corpus_dce2f36ab233,0.5818,,33042a3e-5e8e-4375-b964-0fe2252e504c,legal
0001,0001_general_main_case_8b2,case_8b29225c97,general_main,2,"Could you describe how the outdated document management systems and email impacted the team's operations, specifically in terms of version control and information consistency?",3,corpus_97e15e4674e1,0.5747,,33042a3e-5e8e-4375-b964-0fe2252e504c,legal
0001,0001_general_main_case_8b2,case_8b29225c97,general_main,2,"Could you describe how the outdated document management systems and email impacted the team's operations, specifically in terms of version control and information consistency?",4,corpus_e4dc30162f1d,0.5728,,33042a3e-5e8e-4375-b964-0fe2252e504c,legal
0001,0001_general_main_case_8b2,case_8b29225c97,general_main,2,"Could you describe how the outdated document management systems and email impacted the team's operations, specifically in terms of version control and information consistency?",5,corpus_a9676a50ef99,0.5727,,33042a3e-5e8e-4375-b964-0fe2252e504c,legal
0001,0001_general_main_case_8b2,case_8b29225c97,general_main,3,Could you tell me more about primary challenge?,1,corpus_76e7114db21a,0.5433,,33042a3e-5e8e-4375-b964-0fe2252e504c,legal
0001,0001_general_main_case_8b2,case_8b29225c97,general_main,3,Could you tell me more about primary challenge?,2,corpus_296f0c49df07,0.5415,,33042a3e-5e8e-4375-b964-0fe2252e504c,legal
0001,0001_general_main_case_8b2,case_8b29225c97,general_main,3,Could you tell me more about primary challenge?,3,corpus_7d50834d4b2a,0.5339,,af4b9da3-16de-4510-a1cb-2a32e101c884,healthcare
0001,0001_general_main_case_8b2,case_8b29225c97,general_main,3,Could you tell me more about primary challenge?,4,corpus_e6d0bcbf3b07,0.5228,,af4b9da3-16de-4510-a1cb-2a32e101c884,healthcare
0001,0001_general_main_case_8b2,case_8b29225c97,general_main,3,Could you tell me more about primary challenge?,5,corpus_5b168d44f690,0.5199,,33042a3e-5e8e-4375-b964-0fe2252e504c,legal
0001,0001_general_main_case_8b2,case_8b29225c97,general_main,4,"What specific aspects of the outdated document management systems and email systems caused the team to face difficulties in capturing and codifying tacit knowledge, and how did this impact the efficie",1,corpus_39bd8962e3d1,0.6475,,33042a3e-5e8e-4375-b964-0fe2252e504c,legal
0001,0001_general_main_case_8b2,case_8b29225c97,general_main,4,"What specific aspects of the outdated document management systems and email systems caused the team to face difficulties in capturing and codifying tacit knowledge, and how did this impact the efficie",2,corpus_209eb8a4f449,0.6402,,33042a3e-5e8e-4375-b964-0fe2252e504c,legal
0001,0001_general_main_case_8b2,case_8b29225c97,general_main,4,"What specific aspects of the outdated document management systems and email systems caused the team to face difficulties in capturing and codifying tacit knowledge, and how did this impact the efficie",3,corpus_75fb571454aa,0.6283,,33042a3e-5e8e-4375-b964-0fe2252e504c,legal
0001,0001_general_main_case_8b2,case_8b29225c97,general_main,4,"What specific aspects of the outdated document management systems and email systems caused the team to face difficulties in capturing and codifying tacit knowledge, and how did this impact the efficie",4,corpus_e4dc30162f1d,0.6157,,33042a3e-5e8e-4375-b964-0fe2252e504c,legal
0001,0001_general_main_case_8b2,case_8b29225c97,general_main,4,"What specific aspects of the outdated document management systems and email systems caused the team to face difficulties in capturing and codifying tacit knowledge, and how did this impact the efficie",5,corpus_9b268183c0cd,0.6098,,33042a3e-5e8e-4375-b964-0fe2252e504c,legal
0001,0001_general_main_case_8b2,case_8b29225c97,general_main,5,"Could you elaborate on the specific challenges faced by the team in implementing the outdated document management systems and email, and how did these challenges impact the efficiency of the team?",1,corpus_39bd8962e3d1,0.636,,33042a3e-5e8e-4375-b964-0fe2252e504c,legal
0001,0001_general_main_case_8b2,case_8b29225c97,general_main,5,"Could you elaborate on the specific challenges faced by the team in implementing the outdated document management systems and email, and how did these challenges impact the efficiency of the team?",2,corpus_209eb8a4f449,0.604,,33042a3e-5e8e-4375-b964-0fe2252e504c,legal
0001,0001_general_main_case_8b2,case_8b29225c97,general_main,5,"Could you elaborate on the specific challenges faced by the team in implementing the outdated document management systems and email, and how did these challenges impact the efficiency of the team?",3,corpus_0479200714ef,0.5813,,33042a3e-5e8e-4375-b964-0fe2252e504c,legal
0001,0001_general_main_case_8b2,case_8b29225c97,general_main,5,"Could you elaborate on the specific challenges faced by the team in implementing the outdated document management systems and email, and how did these challenges impact the efficiency of the team?",4,corpus_75fb571454aa,0.5806,,33042a3e-5e8e-4375-b964-0fe2252e504c,legal
0001,0001_general_main_case_8b2,case_8b29225c97,general_main,5,"Could you elaborate on the specific challenges faced by the team in implementing the outdated document management systems and email, and how did these challenges impact the efficiency of the team?",5,corpus_562990475cf8,0.5728,,33042a3e-5e8e-4375-b964-0fe2252e504c,legal
0001,0001_general_main_case_8b2,case_8b29225c97,general_main,6,"Could you provide more details on how the outdated document management systems and email caused difficulties in capturing and codifying tacit knowledge, and how this impacted the efficiency of the tea",1,corpus_39bd8962e3d1,0.7044,,33042a3e-5e8e-4375-b964-0fe2252e504c,legal
0001,0001_general_main_case_8b2,case_8b29225c97,general_main,6,"Could you provide more details on how the outdated document management systems and email caused difficulties in capturing and codifying tacit knowledge, and how this impacted the efficiency of the tea",2,corpus_0e194da4092c,0.6548,,33042a3e-5e8e-4375-b964-0fe2252e504c,legal
0001,0001_general_main_case_8b2,case_8b29225c97,general_main,6,"Could you provide more details on how the outdated document management systems and email caused difficulties in capturing and codifying tacit knowledge, and how this impacted the efficiency of the tea",3,corpus_209eb8a4f449,0.6414,,33042a3e-5e8e-4375-b964-0fe2252e504c,legal
0001,0001_general_main_case_8b2,case_8b29225c97,general_main,6,"Could you provide more details on how the outdated document management systems and email caused difficulties in capturing and codifying tacit knowledge, and how this impacted the efficiency of the tea",4,corpus_0479200714ef,0.6274,,33042a3e-5e8e-4375-b964-0fe2252e504c,legal
0001,0001_general_main_case_8b2,case_8b29225c97,general_main,6,"Could you provide more details on how the outdated document management systems and email caused difficulties in capturing and codifying tacit knowledge, and how this impacted the efficiency of the tea",5,corpus_562990475cf8,0.6244,,33042a3e-5e8e-4375-b964-0fe2252e504c,legal
0001,0001_general_main_case_8b2,case_8b29225c97,general_main,7,"How did the outdated document management systems and email systems specifically affect the team's ability to capture and codify tacit knowledge, and what were the direct impacts on the team's efficien",1,corpus_39bd8962e3d1,0.6502,,33042a3e-5e8e-4375-b964-0fe2252e504c,legal
0001,0001_general_main_case_8b2,case_8b29225c97,general_main,7,"How did the outdated document management systems and email systems specifically affect the team's ability to capture and codify tacit knowledge, and what were the direct impacts on the team's efficien",2,corpus_9b268183c0cd,0.6155,,33042a3e-5e8e-4375-b964-0fe2252e504c,legal
0001,0001_general_main_case_8b2,case_8b29225c97,general_main,7,"How did the outdated document management systems and email systems specifically affect the team's ability to capture and codify tacit knowledge, and what were the direct impacts on the team's efficien",3,corpus_75fb571454aa,0.6154,,33042a3e-5e8e-4375-b964-0fe2252e504c,legal
0001,0001_general_main_case_8b2,case_8b29225c97,general_main,7,"How did the outdated document management systems and email systems specifically affect the team's ability to capture and codify tacit knowledge, and what were the direct impacts on the team's efficien",4,corpus_568f3c566eac,0.6125,,33042a3e-5e8e-4375-b964-0fe2252e504c,legal
0001,0001_general_main_case_8b2,case_8b29225c97,general_main,7,"How did the outdated document management systems and email systems specifically affect the team's ability to capture and codify tacit knowledge, and what were the direct impacts on the team's efficien",5,corpus_76e7114db21a,0.6104,,33042a3e-5e8e-4375-b964-0fe2252e504c,legal
0001,0001_general_main_case_8b2,case_8b29225c97,general_main,8,Could you describe the specific document management systems and email practices that were used and how they influenced the team's ability to capture and codify tacit knowledge?,1,corpus_4c1078ca06ee,0.5513,,33042a3e-5e8e-4375-b964-0fe2252e504c,legal
0001,0001_general_main_case_8b2,case_8b29225c97,general_main,8,Could you describe the specific document management systems and email practices that were used and how they influenced the team's ability to capture and codify tacit knowledge?,2,corpus_0479200714ef,0.5321,,33042a3e-5e8e-4375-b964-0fe2252e504c,legal
0001,0001_general_main_case_8b2,case_8b29225c97,general_main,8,Could you describe the specific document management systems and email practices that were used and how they influenced the team's ability to capture and codify tacit knowledge?,3,corpus_9cfdf1737cea,0.5269,,33042a3e-5e8e-4375-b964-0fe2252e504c,legal
0001,0001_general_main_case_8b2,case_8b29225c97,general_main,8,Could you describe the specific document management systems and email practices that were used and how they influenced the team's ability to capture and codify tacit knowledge?,4,corpus_8c5ce31c651e,0.5234,,33042a3e-5e8e-4375-b964-0fe2252e504c,legal
0001,0001_general_main_case_8b2,case_8b29225c97,general_main,8,Could you describe the specific document management systems and email practices that were used and how they influenced the team's ability to capture and codify tacit knowledge?,5,corpus_ba21f14c583e,0.5205,,33042a3e-5e8e-4375-b964-0fe2252e504c,legal
0001,0001_general_main_case_8b2,case_8b29225c97,general_main,9,"How did the specific document management systems and email practices used by the team, such as outdated systems and email chains, affect their ability to capture and codify tacit knowledge, and what w",1,corpus_39bd8962e3d1,0.6538,,33042a3e-5e8e-4375-b964-0fe2252e504c,legal
0001,0001_general_main_case_8b2,case_8b29225c97,general_main,9,"How did the specific document management systems and email practices used by the team, such as outdated systems and email chains, affect their ability to capture and codify tacit knowledge, and what w",2,corpus_209eb8a4f449,0.6379,,33042a3e-5e8e-4375-b964-0fe2252e504c,legal
0001,0001_general_main_case_8b2,case_8b29225c97,general_main,9,"How did the specific document management systems and email practices used by the team, such as outdated systems and email chains, affect their ability to capture and codify tacit knowledge, and what w",3,corpus_75fb571454aa,0.6076,,33042a3e-5e8e-4375-b964-0fe2252e504c,legal
0001,0001_general_main_case_8b2,case_8b29225c97,general_main,9,"How did the specific document management systems and email practices used by the team, such as outdated systems and email chains, affect their ability to capture and codify tacit knowledge, and what w",4,corpus_0479200714ef,0.6036,,33042a3e-5e8e-4375-b964-0fe2252e504c,legal
0001,0001_general_main_case_8b2,case_8b29225c97,general_main,9,"How did the specific document management systems and email practices used by the team, such as outdated systems and email chains, affect their ability to capture and codify tacit knowledge, and what w",5,corpus_9b268183c0cd,0.5927,,33042a3e-5e8e-4375-b964-0fe2252e504c,legal
0001,0001_general_main_case_8b2,case_8b29225c97,general_main,10,"Could you describe in more detail the specific document management systems and email practices that were used, and how these practices influenced the team's ability to capture and codify tacit knowled",1,corpus_4c1078ca06ee,0.5513,,33042a3e-5e8e-4375-b964-0fe2252e504c,legal
0001,0001_general_main_case_8b2,case_8b29225c97,general_main,10,"Could you describe in more detail the specific document management systems and email practices that were used, and how these practices influenced the team's ability to capture and codify tacit knowled",2,corpus_0479200714ef,0.5321,,33042a3e-5e8e-4375-b964-0fe2252e504c,legal
0001,0001_general_main_case_8b2,case_8b29225c97,general_main,10,"Could you describe in more detail the specific document management systems and email practices that were used, and how these practices influenced the team's ability to capture and codify tacit knowled",3,corpus_9cfdf1737cea,0.5269,,33042a3e-5e8e-4375-b964-0fe2252e504c,legal
0001,0001_general_main_case_8b2,case_8b29225c97,general_main,10,"Could you describe in more detail the specific document management systems and email practices that were used, and how these practices influenced the team's ability to capture and codify tacit knowled",4,corpus_8c5ce31c651e,0.5234,,33042a3e-5e8e-4375-b964-0fe2252e504c,legal
0001,0001_general_main_case_8b2,case_8b29225c97,general_main,10,"Could you describe in more detail the specific document management systems and email practices that were used, and how these practices influenced the team's ability to capture and codify tacit knowled",5,corpus_ba21f14c583e,0.5205,,33042a3e-5e8e-4375-b964-0fe2252e504c,legal
0001,0001_general_main_case_8b2,case_8b29225c97,general_main,11,"Could you describe the specific document management systems and email practices used by the team, such as outdated systems and email chains, and how these practices impacted their ability to capture a",1,corpus_39bd8962e3d1,0.6538,,33042a3e-5e8e-4375-b964-0fe2252e504c,legal
0001,0001_general_main_case_8b2,case_8b29225c97,general_main,11,"Could you describe the specific document management systems and email practices used by the team, such as outdated systems and email chains, and how these practices impacted their ability to capture a",2,corpus_209eb8a4f449,0.6379,,33042a3e-5e8e-4375-b964-0fe2252e504c,legal
0001,0001_general_main_case_8b2,case_8b29225c97,general_main,11,"Could you describe the specific document management systems and email practices used by the team, such as outdated systems and email chains, and how these practices impacted their ability to capture a",3,corpus_75fb571454aa,0.6076,,33042a3e-5e8e-4375-b964-0fe2252e504c,legal
0001,0001_general_main_case_8b2,case_8b29225c97,general_main,11,"Could you describe the specific document management systems and email practices used by the team, such as outdated systems and email chains, and how these practices impacted their ability to capture a",4,corpus_0479200714ef,0.6036,,33042a3e-5e8e-4375-b964-0fe2252e504c,legal
0001,0001_general_main_case_8b2,case_8b29225c97,general_main,11,"Could you describe the specific document management systems and email practices used by the team, such as outdated systems and email chains, and how these practices impacted their ability to capture a",5,corpus_9b268183c0cd,0.5927,,33042a3e-5e8e-4375-b964-0fe2252e504c,legal
0001,0001_general_main_case_8b2,case_8b29225c97,general_main,12,"Could you elaborate on the specific outdated document management systems and email practices that the team relied on, and how these systems and practices led to inefficiencies in capturing and codifyi",1,corpus_39bd8962e3d1,0.6502,,33042a3e-5e8e-4375-b964-0fe2252e504c,legal
0001,0001_general_main_case_8b2,case_8b29225c97,general_main,12,"Could you elaborate on the specific outdated document management systems and email practices that the team relied on, and how these systems and practices led to inefficiencies in capturing and codifyi",2,corpus_9b268183c0cd,0.6155,,33042a3e-5e8e-4375-b964-0fe2252e504c,legal
0001,0001_general_main_case_8b2,case_8b29225c97,general_main,12,"Could you elaborate on the specific outdated document management systems and email practices that the team relied on, and how these systems and practices led to inefficiencies in capturing and codifyi",3,corpus_75fb571454aa,0.6154,,33042a3e-5e8e-4375-b964-0fe2252e504c,legal
0001,0001_general_main_case_8b2,case_8b29225c97,general_main,12,"Could you elaborate on the specific outdated document management systems and email practices that the team relied on, and how these systems and practices led to inefficiencies in capturing and codifyi",4,corpus_568f3c566eac,0.6125,,33042a3e-5e8e-4375-b964-0fe2252e504c,legal
0001,0001_general_main_case_8b2,case_8b29225c97,general_main,12,"Could you elaborate on the specific outdated document management systems and email practices that the team relied on, and how these systems and practices led to inefficiencies in capturing and codifyi",5,corpus_76e7114db21a,0.6104,,33042a3e-5e8e-4375-b964-0fe2252e504c,legal
0001,0001_general_main_case_8b2,case_8b29225c97,general_main,13,"Could you provide more details on the specific outdated document management systems and email practices that the team relied on, and how these systems and practices led to inefficiencies in capturing ",1,corpus_39bd8962e3d1,0.6471,,33042a3e-5e8e-4375-b964-0fe2252e504c,legal
0001,0001_general_main_case_8b2,case_8b29225c97,general_main,13,"Could you provide more details on the specific outdated document management systems and email practices that the team relied on, and how these systems and practices led to inefficiencies in capturing ",2,corpus_d29ad5e339af,0.6314,,33042a3e-5e8e-4375-b964-0fe2252e504c,legal
0001,0001_general_main_case_8b2,case_8b29225c97,general_main,13,"Could you provide more details on the specific outdated document management systems and email practices that the team relied on, and how these systems and practices led to inefficiencies in capturing ",3,corpus_0479200714ef,0.6261,,33042a3e-5e8e-4375-b964-0fe2252e504c,legal
0001,0001_general_main_case_8b2,case_8b29225c97,general_main,13,"Could you provide more details on the specific outdated document management systems and email practices that the team relied on, and how these systems and practices led to inefficiencies in capturing ",4,corpus_209eb8a4f449,0.6101,,33042a3e-5e8e-4375-b964-0fe2252e504c,legal
0001,0001_general_main_case_8b2,case_8b29225c97,general_main,13,"Could you provide more details on the specific outdated document management systems and email practices that the team relied on, and how these systems and practices led to inefficiencies in capturing ",5,corpus_562990475cf8,0.6086,,33042a3e-5e8e-4375-b964-0fe2252e504c,legal
0001,0001_general_main_case_8b2,case_8b29225c97,general_main,14,"Could you provide specific examples of the outdated document management systems and email practices that the team utilized, and how these systems and practices specifically led to inefficiencies in ca",1,corpus_39bd8962e3d1,0.6471,,33042a3e-5e8e-4375-b964-0fe2252e504c,legal
0001,0001_general_main_case_8b2,case_8b29225c97,general_main,14,"Could you provide specific examples of the outdated document management systems and email practices that the team utilized, and how these systems and practices specifically led to inefficiencies in ca",2,corpus_d29ad5e339af,0.6314,,33042a3e-5e8e-4375-b964-0fe2252e504c,legal
0001,0001_general_main_case_8b2,case_8b29225c97,general_main,14,"Could you provide specific examples of the outdated document management systems and email practices that the team utilized, and how these systems and practices specifically led to inefficiencies in ca",3,corpus_0479200714ef,0.6261,,33042a3e-5e8e-4375-b964-0fe2252e504c,legal
0001,0001_general_main_case_8b2,case_8b29225c97,general_main,14,"Could you provide specific examples of the outdated document management systems and email practices that the team utilized, and how these systems and practices specifically led to inefficiencies in ca",4,corpus_209eb8a4f449,0.6101,,33042a3e-5e8e-4375-b964-0fe2252e504c,legal
0001,0001_general_main_case_8b2,case_8b29225c97,general_main,14,"Could you provide specific examples of the outdated document management systems and email practices that the team utilized, and how these systems and practices specifically led to inefficiencies in ca",5,corpus_562990475cf8,0.6086,,33042a3e-5e8e-4375-b964-0fe2252e504c,legal
0001,0001_general_main_case_729,case_72932afe74,general_main,1,Can you provide more details on the specific systems that were involved in ensuring data consistency and accuracy across multiple systems?,1,corpus_6ba9cedfd395,0.5797,,33042a3e-5e8e-4375-b964-0fe2252e504c,legal
0001,0001_general_main_case_729,case_72932afe74,general_main,1,Can you provide more details on the specific systems that were involved in ensuring data consistency and accuracy across multiple systems?,2,corpus_8b53266ffc7f,0.5324,,33042a3e-5e8e-4375-b964-0fe2252e504c,legal
0001,0001_general_main_case_729,case_72932afe74,general_main,1,Can you provide more details on the specific systems that were involved in ensuring data consistency and accuracy across multiple systems?,3,corpus_4b6e595cf188,0.5312,,33042a3e-5e8e-4375-b964-0fe2252e504c,legal
0001,0001_general_main_case_729,case_72932afe74,general_main,1,Can you provide more details on the specific systems that were involved in ensuring data consistency and accuracy across multiple systems?,4,corpus_282d90937e3a,0.528,,33042a3e-5e8e-4375-b964-0fe2252e504c,legal
0001,0001_general_main_case_729,case_72932afe74,general_main,1,Can you provide more details on the specific systems that were involved in ensuring data consistency and accuracy across multiple systems?,5,corpus_7d50834d4b2a,0.5176,,af4b9da3-16de-4510-a1cb-2a32e101c884,healthcare
0001,0001_general_main_case_729,case_72932afe74,general_main,2,"Could you describe the specific systems that were involved in the data migration process, and how they were used to ensure data consistency and accuracy?",1,corpus_e425b5501758,0.5379,,33042a3e-5e8e-4375-b964-0fe2252e504c,legal
0001,0001_general_main_case_729,case_72932afe74,general_main,2,"Could you describe the specific systems that were involved in the data migration process, and how they were used to ensure data consistency and accuracy?",2,corpus_3714af7fed84,0.5328,,af4b9da3-16de-4510-a1cb-2a32e101c884,healthcare
0001,0001_general_main_case_729,case_72932afe74,general_main,2,"Could you describe the specific systems that were involved in the data migration process, and how they were used to ensure data consistency and accuracy?",3,corpus_a9676a50ef99,0.514,,33042a3e-5e8e-4375-b964-0fe2252e504c,legal
0001,0001_general_main_case_729,case_72932afe74,general_main,2,"Could you describe the specific systems that were involved in the data migration process, and how they were used to ensure data consistency and accuracy?",4,corpus_dce2f36ab233,0.5121,,33042a3e-5e8e-4375-b964-0fe2252e504c,legal
0001,0001_general_main_case_729,case_72932afe74,general_main,2,"Could you describe the specific systems that were involved in the data migration process, and how they were used to ensure data consistency and accuracy?",5,corpus_296f0c49df07,0.5063,,33042a3e-5e8e-4375-b964-0fe2252e504c,legal
0001,0001_general_main_case_729,case_72932afe74,general_main,3,"Could you elaborate on how the systems you mentioned were integrated with other systems to ensure data consistency and accuracy, and what specific tools or methodologies were used?",1,corpus_4709625e9a6d,0.5739,,33042a3e-5e8e-4375-b964-0fe2252e504c,legal
0001,0001_general_main_case_729,case_72932afe74,general_main,3,"Could you elaborate on how the systems you mentioned were integrated with other systems to ensure data consistency and accuracy, and what specific tools or methodologies were used?",2,corpus_7fa3bd5aef67,0.5426,,33042a3e-5e8e-4375-b964-0fe2252e504c,legal
0001,0001_general_main_case_729,case_72932afe74,general_main,3,"Could you elaborate on how the systems you mentioned were integrated with other systems to ensure data consistency and accuracy, and what specific tools or methodologies were used?",3,corpus_0479200714ef,0.5371,,33042a3e-5e8e-4375-b964-0fe2252e504c,legal
0001,0001_general_main_case_729,case_72932afe74,general_main,3,"Could you elaborate on how the systems you mentioned were integrated with other systems to ensure data consistency and accuracy, and what specific tools or methodologies were used?",4,corpus_eb07283f38c2,0.5358,,33042a3e-5e8e-4375-b964-0fe2252e504c,legal
0001,0001_general_main_case_729,case_72932afe74,general_main,3,"Could you elaborate on how the systems you mentioned were integrated with other systems to ensure data consistency and accuracy, and what specific tools or methodologies were used?",5,corpus_06d2f890debb,0.5358,,af4b9da3-16de-4510-a1cb-2a32e101c884,healthcare
0001,0001_general_main_case_729,case_72932afe74,general_main,4,"What specific policies and procedures were in place to ensure the data privacy and compliance with strict regulations, and how were they enforced?",1,corpus_e425b5501758,0.537,,33042a3e-5e8e-4375-b964-0fe2252e504c,legal
0001,0001_general_main_case_729,case_72932afe74,general_main,4,"What specific policies and procedures were in place to ensure the data privacy and compliance with strict regulations, and how were they enforced?",2,corpus_3714af7fed84,0.527,,af4b9da3-16de-4510-a1cb-2a32e101c884,healthcare
0001,0001_general_main_case_729,case_72932afe74,general_main,4,"What specific policies and procedures were in place to ensure the data privacy and compliance with strict regulations, and how were they enforced?",3,corpus_a9676a50ef99,0.5138,,33042a3e-5e8e-4375-b964-0fe2252e504c,legal
0001,0001_general_main_case_729,case_72932afe74,general_main,4,"What specific policies and procedures were in place to ensure the data privacy and compliance with strict regulations, and how were they enforced?",4,corpus_e4dc30162f1d,0.5047,,33042a3e-5e8e-4375-b964-0fe2252e504c,legal
0001,0001_general_main_case_729,case_72932afe74,general_main,4,"What specific policies and procedures were in place to ensure the data privacy and compliance with strict regulations, and how were they enforced?",5,corpus_dce2f36ab233,0.5039,,33042a3e-5e8e-4375-b964-0fe2252e504c,legal
0001,0001_general_main_case_729,case_72932afe74,general_main,5,"What specific policies and procedures were in place to ensure the data privacy and compliance with strict regulations, and how were they enforced?",1,corpus_e425b5501758,0.537,,33042a3e-5e8e-4375-b964-0fe2252e504c,legal
0001,0001_general_main_case_729,case_72932afe74,general_main,5,"What specific policies and procedures were in place to ensure the data privacy and compliance with strict regulations, and how were they enforced?",2,corpus_3714af7fed84,0.527,,af4b9da3-16de-4510-a1cb-2a32e101c884,healthcare
0001,0001_general_main_case_729,case_72932afe74,general_main,5,"What specific policies and procedures were in place to ensure the data privacy and compliance with strict regulations, and how were they enforced?",3,corpus_a9676a50ef99,0.5138,,33042a3e-5e8e-4375-b964-0fe2252e504c,legal
0001,0001_general_main_case_729,case_72932afe74,general_main,5,"What specific policies and procedures were in place to ensure the data privacy and compliance with strict regulations, and how were they enforced?",4,corpus_e4dc30162f1d,0.5047,,33042a3e-5e8e-4375-b964-0fe2252e504c,legal
0001,0001_general_main_case_729,case_72932afe74,general_main,5,"What specific policies and procedures were in place to ensure the data privacy and compliance with strict regulations, and how were they enforced?",5,corpus_dce2f36ab233,0.5039,,33042a3e-5e8e-4375-b964-0fe2252e504c,legal
0001,0001_general_main_case_729,case_72932afe74,general_main,6,Could you provide more details on the specific systems that were involved in the primary challenge of ensuring data privacy and compliance with strict regulations?,1,corpus_e425b5501758,0.537,,33042a3e-5e8e-4375-b964-0fe2252e504c,legal
0001,0001_general_main_case_729,case_72932afe74,general_main,6,Could you provide more details on the specific systems that were involved in the primary challenge of ensuring data privacy and compliance with strict regulations?,2,corpus_3714af7fed84,0.527,,af4b9da3-16de-4510-a1cb-2a32e101c884,healthcare
0001,0001_general_main_case_729,case_72932afe74,general_main,6,Could you provide more details on the specific systems that were involved in the primary challenge of ensuring data privacy and compliance with strict regulations?,3,corpus_a9676a50ef99,0.5138,,33042a3e-5e8e-4375-b964-0fe2252e504c,legal
0001,0001_general_main_case_729,case_72932afe74,general_main,6,Could you provide more details on the specific systems that were involved in the primary challenge of ensuring data privacy and compliance with strict regulations?,4,corpus_e4dc30162f1d,0.5047,,33042a3e-5e8e-4375-b964-0fe2252e504c,legal
0001,0001_general_main_case_729,case_72932afe74,general_main,6,Could you provide more details on the specific systems that were involved in the primary challenge of ensuring data privacy and compliance with strict regulations?,5,corpus_dce2f36ab233,0.5039,,33042a3e-5e8e-4375-b964-0fe2252e504c,legal
0001,0001_general_main_case_729,case_72932afe74,general_main,7,"What specific tools or methodologies were used to ensure the data privacy and compliance with strict regulations, and how were they enforced?",1,corpus_e425b5501758,0.537,,33042a3e-5e8e-4375-b964-0fe2252e504c,legal
0001,0001_general_main_case_729,case_72932afe74,general_main,7,"What specific tools or methodologies were used to ensure the data privacy and compliance with strict regulations, and how were they enforced?",2,corpus_3714af7fed84,0.527,,af4b9da3-16de-4510-a1cb-2a32e101c884,healthcare
0001,0001_general_main_case_729,case_72932afe74,general_main,7,"What specific tools or methodologies were used to ensure the data privacy and compliance with strict regulations, and how were they enforced?",3,corpus_a9676a50ef99,0.5138,,33042a3e-5e8e-4375-b964-0fe2252e504c,legal
0001,0001_general_main_case_729,case_72932afe74,general_main,7,"What specific tools or methodologies were used to ensure the data privacy and compliance with strict regulations, and how were they enforced?",4,corpus_e4dc30162f1d,0.5047,,33042a3e-5e8e-4375-b964-0fe2252e504c,legal
0001,0001_general_main_case_729,case_72932afe74,general_main,7,"What specific tools or methodologies were used to ensure the data privacy and compliance with strict regulations, and how were they enforced?",5,corpus_dce2f36ab233,0.5039,,33042a3e-5e8e-4375-b964-0fe2252e504c,legal
0001,0001_general_main_case_729,case_72932afe74,general_main,8,Could you provide more details on the specific systems involved in PharmaLife's primary challenge of ensuring data privacy and compliance with strict regulations?,1,corpus_e425b5501758,0.537,,33042a3e-5e8e-4375-b964-0fe2252e504c,legal
0001,0001_general_main_case_729,case_72932afe74,general_main,8,Could you provide more details on the specific systems involved in PharmaLife's primary challenge of ensuring data privacy and compliance with strict regulations?,2,corpus_3714af7fed84,0.527,,af4b9da3-16de-4510-a1cb-2a32e101c884,healthcare
0001,0001_general_main_case_729,case_72932afe74,general_main,8,Could you provide more details on the specific systems involved in PharmaLife's primary challenge of ensuring data privacy and compliance with strict regulations?,3,corpus_a9676a50ef99,0.5138,,33042a3e-5e8e-4375-b964-0fe2252e504c,legal
0001,0001_general_main_case_729,case_72932afe74,general_main,8,Could you provide more details on the specific systems involved in PharmaLife's primary challenge of ensuring data privacy and compliance with strict regulations?,4,corpus_e4dc30162f1d,0.5047,,33042a3e-5e8e-4375-b964-0fe2252e504c,legal
0001,0001_general_main_case_729,case_72932afe74,general_main,8,Could you provide more details on the specific systems involved in PharmaLife's primary challenge of ensuring data privacy and compliance with strict regulations?,5,corpus_dce2f36ab233,0.5039,,33042a3e-5e8e-4375-b964-0fe2252e504c,legal
0001,0001_general_main_case_729,case_72932afe74,general_main,9,What specific systems were involved in PharmaLife's primary challenge of ensuring data privacy and compliance with strict regulations?,1,corpus_e425b5501758,0.537,,33042a3e-5e8e-4375-b964-0fe2252e504c,legal
0001,0001_general_main_case_729,case_72932afe74,general_main,9,What specific systems were involved in PharmaLife's primary challenge of ensuring data privacy and compliance with strict regulations?,2,corpus_3714af7fed84,0.527,,af4b9da3-16de-4510-a1cb-2a32e101c884,healthcare
0001,0001_general_main_case_729,case_72932afe74,general_main,9,What specific systems were involved in PharmaLife's primary challenge of ensuring data privacy and compliance with strict regulations?,3,corpus_a9676a50ef99,0.5138,,33042a3e-5e8e-4375-b964-0fe2252e504c,legal
0001,0001_general_main_case_729,case_72932afe74,general_main,9,What specific systems were involved in PharmaLife's primary challenge of ensuring data privacy and compliance with strict regulations?,4,corpus_e4dc30162f1d,0.5047,,33042a3e-5e8e-4375-b964-0fe2252e504c,legal
0001,0001_general_main_case_729,case_72932afe74,general_main,9,What specific systems were involved in PharmaLife's primary challenge of ensuring data privacy and compliance with strict regulations?,5,corpus_dce2f36ab233,0.5039,,33042a3e-5e8e-4375-b964-0fe2252e504c,legal
0001,0001_general_main_case_729,case_72932afe74,general_main,10,Could you elaborate on the specific systems involved in PharmaLife's primary challenge of ensuring data privacy and compliance with strict regulations?,1,corpus_e425b5501758,0.537,,33042a3e-5e8e-4375-b964-0fe2252e504c,legal
0001,0001_general_main_case_729,case_72932afe74,general_main,10,Could you elaborate on the specific systems involved in PharmaLife's primary challenge of ensuring data privacy and compliance with strict regulations?,2,corpus_3714af7fed84,0.527,,af4b9da3-16de-4510-a1cb-2a32e101c884,healthcare
0001,0001_general_main_case_729,case_72932afe74,general_main,10,Could you elaborate on the specific systems involved in PharmaLife's primary challenge of ensuring data privacy and compliance with strict regulations?,3,corpus_a9676a50ef99,0.5138,,33042a3e-5e8e-4375-b964-0fe2252e504c,legal
0001,0001_general_main_case_729,case_72932afe74,general_main,10,Could you elaborate on the specific systems involved in PharmaLife's primary challenge of ensuring data privacy and compliance with strict regulations?,4,corpus_e4dc30162f1d,0.5047,,33042a3e-5e8e-4375-b964-0fe2252e504c,legal
0001,0001_general_main_case_729,case_72932afe74,general_main,10,Could you elaborate on the specific systems involved in PharmaLife's primary challenge of ensuring data privacy and compliance with strict regulations?,5,corpus_dce2f36ab233,0.5039,,33042a3e-5e8e-4375-b964-0fe2252e504c,legal
0001,0001_general_main_case_729,case_72932afe74,general_main,11,Could you provide more details on the specific systems involved in PharmaLife's primary challenge of ensuring data privacy and compliance with strict regulations?,1,corpus_e425b5501758,0.537,,33042a3e-5e8e-4375-b964-0fe2252e504c,legal
0001,0001_general_main_case_729,case_72932afe74,general_main,11,Could you provide more details on the specific systems involved in PharmaLife's primary challenge of ensuring data privacy and compliance with strict regulations?,2,corpus_3714af7fed84,0.527,,af4b9da3-16de-4510-a1cb-2a32e101c884,healthcare
0001,0001_general_main_case_729,case_72932afe74,general_main,11,Could you provide more details on the specific systems involved in PharmaLife's primary challenge of ensuring data privacy and compliance with strict regulations?,3,corpus_a9676a50ef99,0.5138,,33042a3e-5e8e-4375-b964-0fe2252e504c,legal
0001,0001_general_main_case_729,case_72932afe74,general_main,11,Could you provide more details on the specific systems involved in PharmaLife's primary challenge of ensuring data privacy and compliance with strict regulations?,4,corpus_e4dc30162f1d,0.5047,,33042a3e-5e8e-4375-b964-0fe2252e504c,legal
0001,0001_general_main_case_729,case_72932afe74,general_main,11,Could you provide more details on the specific systems involved in PharmaLife's primary challenge of ensuring data privacy and compliance with strict regulations?,5,corpus_dce2f36ab233,0.5039,,33042a3e-5e8e-4375-b964-0fe2252e504c,legal
0001,0001_general_main_case_729,case_72932afe74,general_main,12,Could you explain how PharmaLife maintained data integrity and ensured compliance with strict regulatory requirements across the involved systems?,1,corpus_e425b5501758,0.5511,,33042a3e-5e8e-4375-b964-0fe2252e504c,legal
0001,0001_general_main_case_729,case_72932afe74,general_main,12,Could you explain how PharmaLife maintained data integrity and ensured compliance with strict regulatory requirements across the involved systems?,2,corpus_3714af7fed84,0.5497,,af4b9da3-16de-4510-a1cb-2a32e101c884,healthcare
0001,0001_general_main_case_729,case_72932afe74,general_main,12,Could you explain how PharmaLife maintained data integrity and ensured compliance with strict regulatory requirements across the involved systems?,3,corpus_a9676a50ef99,0.5214,,33042a3e-5e8e-4375-b964-0fe2252e504c,legal
0001,0001_general_main_case_729,case_72932afe74,general_main,12,Could you explain how PharmaLife maintained data integrity and ensured compliance with strict regulatory requirements across the involved systems?,4,corpus_296f0c49df07,0.5188,,33042a3e-5e8e-4375-b964-0fe2252e504c,legal
0001,0001_general_main_case_729,case_72932afe74,general_main,12,Could you explain how PharmaLife maintained data integrity and ensured compliance with strict regulatory requirements across the involved systems?,5,corpus_dce2f36ab233,0.5128,,33042a3e-5e8e-4375-b964-0fe2252e504c,legal
0001,0001_general_main_case_729,case_72932afe74,general_main,13,Could you elaborate on the specific systems involved in PharmaLife's primary challenge of ensuring data privacy and compliance with strict regulations?,1,corpus_e425b5501758,0.537,,33042a3e-5e8e-4375-b964-0fe2252e504c,legal
0001,0001_general_main_case_729,case_72932afe74,general_main,13,Could you elaborate on the specific systems involved in PharmaLife's primary challenge of ensuring data privacy and compliance with strict regulations?,2,corpus_3714af7fed84,0.527,,af4b9da3-16de-4510-a1cb-2a32e101c884,healthcare
0001,0001_general_main_case_729,case_72932afe74,general_main,13,Could you elaborate on the specific systems involved in PharmaLife's primary challenge of ensuring data privacy and compliance with strict regulations?,3,corpus_a9676a50ef99,0.5138,,33042a3e-5e8e-4375-b964-0fe2252e504c,legal
0001,0001_general_main_case_729,case_72932afe74,general_main,13,Could you elaborate on the specific systems involved in PharmaLife's primary challenge of ensuring data privacy and compliance with strict regulations?,4,corpus_e4dc30162f1d,0.5047,,33042a3e-5e8e-4375-b964-0fe2252e504c,legal
0001,0001_general_main_case_729,case_72932afe74,general_main,13,Could you elaborate on the specific systems involved in PharmaLife's primary challenge of ensuring data privacy and compliance with strict regulations?,5,corpus_dce2f36ab233,0.5039,,33042a3e-5e8e-4375-b964-0fe2252e504c,legal
0001,0001_general_main_case_729,case_72932afe74,general_main,14,What specific systems did PharmaLife use to ensure data privacy and compliance with strict regulatory requirements across the involved systems?,1,corpus_e425b5501758,0.537,,33042a3e-5e8e-4375-b964-0fe2252e504c,legal
0001,0001_general_main_case_729,case_72932afe74,general_main,14,What specific systems did PharmaLife use to ensure data privacy and compliance with strict regulatory requirements across the involved systems?,2,corpus_3714af7fed84,0.527,,af4b9da3-16de-4510-a1cb-2a32e101c884,healthcare
0001,0001_general_main_case_729,case_72932afe74,general_main,14,What specific systems did PharmaLife use to ensure data privacy and compliance with strict regulatory requirements across the involved systems?,3,corpus_a9676a50ef99,0.5138,,33042a3e-5e8e-4375-b964-0fe2252e504c,legal
0001,0001_general_main_case_729,case_72932afe74,general_main,14,What specific systems did PharmaLife use to ensure data privacy and compliance with strict regulatory requirements across the involved systems?,4,corpus_e4dc30162f1d,0.5047,,33042a3e-5e8e-4375-b964-0fe2252e504c,legal
0001,0001_general_main_case_729,case_72932afe74,general_main,14,What specific systems did PharmaLife use to ensure data privacy and compliance with strict regulatory requirements across the involved systems?,5,corpus_dce2f36ab233,0.5039,,33042a3e-5e8e-4375-b964-0fe2252e504c,legal
0001,0001_general_main_case_8b2,case_8b29225c97,general_main,1,"What specific areas within the domain area did the need for improved efficiency and transparency manifest in, and how did these changes impact the overall process or project?",1,corpus_4709625e9a6d,0.5709,,33042a3e-5e8e-4375-b964-0fe2252e504c,legal
0001,0001_general_main_case_8b2,case_8b29225c97,general_main,1,"What specific areas within the domain area did the need for improved efficiency and transparency manifest in, and how did these changes impact the overall process or project?",2,corpus_f2a638834dda,0.5704,,33042a3e-5e8e-4375-b964-0fe2252e504c,legal
0001,0001_general_main_case_8b2,case_8b29225c97,general_main,1,"What specific areas within the domain area did the need for improved efficiency and transparency manifest in, and how did these changes impact the overall process or project?",3,corpus_147ac5f00d32,0.5592,,33042a3e-5e8e-4375-b964-0fe2252e504c,legal
0001,0001_general_main_case_8b2,case_8b29225c97,general_main,1,"What specific areas within the domain area did the need for improved efficiency and transparency manifest in, and how did these changes impact the overall process or project?",4,corpus_3e694f444105,0.548,,33042a3e-5e8e-4375-b964-0fe2252e504c,legal
0001,0001_general_main_case_8b2,case_8b29225c97,general_main,1,"What specific areas within the domain area did the need for improved efficiency and transparency manifest in, and how did these changes impact the overall process or project?",5,corpus_70bfa6961025,0.5431,,af4b9da3-16de-4510-a1cb-2a32e101c884,healthcare
0001,0001_general_main_case_8b2,case_8b29225c97,general_main,2,"Could you elaborate on how the need for improved efficiency and transparency impacted the supply chain operations, particularly in terms of inventory management and supplier relationships?",1,corpus_b72c9c48ed78,0.6081,,33042a3e-5e8e-4375-b964-0fe2252e504c,legal
0001,0001_general_main_case_8b2,case_8b29225c97,general_main,2,"Could you elaborate on how the need for improved efficiency and transparency impacted the supply chain operations, particularly in terms of inventory management and supplier relationships?",2,corpus_bac618d107f0,0.6029,,33042a3e-5e8e-4375-b964-0fe2252e504c,legal
0001,0001_general_main_case_8b2,case_8b29225c97,general_main,2,"Could you elaborate on how the need for improved efficiency and transparency impacted the supply chain operations, particularly in terms of inventory management and supplier relationships?",3,corpus_9e63a2fc48a5,0.5586,,33042a3e-5e8e-4375-b964-0fe2252e504c,legal
0001,0001_general_main_case_8b2,case_8b29225c97,general_main,2,"Could you elaborate on how the need for improved efficiency and transparency impacted the supply chain operations, particularly in terms of inventory management and supplier relationships?",4,corpus_e97e4473aecb,0.5573,,33042a3e-5e8e-4375-b964-0fe2252e504c,legal
0001,0001_general_main_case_8b2,case_8b29225c97,general_main,2,"Could you elaborate on how the need for improved efficiency and transparency impacted the supply chain operations, particularly in terms of inventory management and supplier relationships?",5,corpus_d83c5deaf629,0.5531,,af4b9da3-16de-4510-a1cb-2a32e101c884,healthcare
0001,0001_general_main_case_8b2,case_8b29225c97,general_main,3,Could you tell me more about primary challenge?,1,corpus_76e7114db21a,0.5433,,33042a3e-5e8e-4375-b964-0fe2252e504c,legal
0001,0001_general_main_case_8b2,case_8b29225c97,general_main,3,Could you tell me more about primary challenge?,2,corpus_296f0c49df07,0.5415,,33042a3e-5e8e-4375-b964-0fe2252e504c,legal
0001,0001_general_main_case_8b2,case_8b29225c97,general_main,3,Could you tell me more about primary challenge?,3,corpus_7d50834d4b2a,0.5339,,af4b9da3-16de-4510-a1cb-2a32e101c884,healthcare
0001,0001_general_main_case_8b2,case_8b29225c97,general_main,3,Could you tell me more about primary challenge?,4,corpus_e6d0bcbf3b07,0.5228,,af4b9da3-16de-4510-a1cb-2a32e101c884,healthcare
0001,0001_general_main_case_8b2,case_8b29225c97,general_main,3,Could you tell me more about primary challenge?,5,corpus_5b168d44f690,0.5199,,33042a3e-5e8e-4375-b964-0fe2252e504c,legal
0001,0001_general_main_case_8b2,case_8b29225c97,general_main,4,"How did the need for improved efficiency and transparency manifest specifically within the domain area, and what were the direct impacts on the project or process?",1,corpus_4709625e9a6d,0.5485,,33042a3e-5e8e-4375-b964-0fe2252e504c,legal
0001,0001_general_main_case_8b2,case_8b29225c97,general_main,4,"How did the need for improved efficiency and transparency manifest specifically within the domain area, and what were the direct impacts on the project or process?",2,corpus_3e694f444105,0.5426,,33042a3e-5e8e-4375-b964-0fe2252e504c,legal
0001,0001_general_main_case_8b2,case_8b29225c97,general_main,4,"How did the need for improved efficiency and transparency manifest specifically within the domain area, and what were the direct impacts on the project or process?",3,corpus_4d1e0dc0de5a,0.5345,,33042a3e-5e8e-4375-b964-0fe2252e504c,legal
0001,0001_general_main_case_8b2,case_8b29225c97,general_main,4,"How did the need for improved efficiency and transparency manifest specifically within the domain area, and what were the direct impacts on the project or process?",4,corpus_275389ac844a,0.5264,,33042a3e-5e8e-4375-b964-0fe2252e504c,legal
0001,0001_general_main_case_8b2,case_8b29225c97,general_main,4,"How did the need for improved efficiency and transparency manifest specifically within the domain area, and what were the direct impacts on the project or process?",5,corpus_8fa3f94489d5,0.526,,33042a3e-5e8e-4375-b964-0fe2252e504c,legal
0001,0001_general_main_case_8b2,case_8b29225c97,general_main,5,"How did the need for improved efficiency and transparency specifically manifest within the Procurement department, and what were the direct impacts on inventory management and supplier relationship ma",1,corpus_61fcd259ec15,0.5731,,33042a3e-5e8e-4375-b964-0fe2252e504c,legal
0001,0001_general_main_case_8b2,case_8b29225c97,general_main,5,"How did the need for improved efficiency and transparency specifically manifest within the Procurement department, and what were the direct impacts on inventory management and supplier relationship ma",2,corpus_3e694f444105,0.558,,33042a3e-5e8e-4375-b964-0fe2252e504c,legal
0001,0001_general_main_case_8b2,case_8b29225c97,general_main,5,"How did the need for improved efficiency and transparency specifically manifest within the Procurement department, and what were the direct impacts on inventory management and supplier relationship ma",3,corpus_e18a0723143e,0.5534,,33042a3e-5e8e-4375-b964-0fe2252e504c,legal
0001,0001_general_main_case_8b2,case_8b29225c97,general_main,5,"How did the need for improved efficiency and transparency specifically manifest within the Procurement department, and what were the direct impacts on inventory management and supplier relationship ma",4,corpus_bfb5893d8e2e,0.5489,,33042a3e-5e8e-4375-b964-0fe2252e504c,legal
0001,0001_general_main_case_8b2,case_8b29225c97,general_main,5,"How did the need for improved efficiency and transparency specifically manifest within the Procurement department, and what were the direct impacts on inventory management and supplier relationship ma",5,corpus_8fa3f94489d5,0.5486,,33042a3e-5e8e-4375-b964-0fe2252e504c,legal
0001,0001_general_main_case_8b2,case_8b29225c97,general_main,6,"How did the need for improved efficiency and transparency manifest specifically within the Procurement department, and what were the direct impacts on inventory management and supplier relationship ma",1,corpus_61fcd259ec15,0.5731,,33042a3e-5e8e-4375-b964-0fe2252e504c,legal
0001,0001_general_main_case_8b2,case_8b29225c97,general_main,6,"How did the need for improved efficiency and transparency manifest specifically within the Procurement department, and what were the direct impacts on inventory management and supplier relationship ma",2,corpus_3e694f444105,0.558,,33042a3e-5e8e-4375-b964-0fe2252e504c,legal
0001,0001_general_main_case_8b2,case_8b29225c97,general_main,6,"How did the need for improved efficiency and transparency manifest specifically within the Procurement department, and what were the direct impacts on inventory management and supplier relationship ma",3,corpus_e18a0723143e,0.5534,,33042a3e-5e8e-4375-b964-0fe2252e504c,legal
0001,0001_general_main_case_8b2,case_8b29225c97,general_main,6,"How did the need for improved efficiency and transparency manifest specifically within the Procurement department, and what were the direct impacts on inventory management and supplier relationship ma",4,corpus_bfb5893d8e2e,0.5489,,33042a3e-5e8e-4375-b964-0fe2252e504c,legal
0001,0001_general_main_case_8b2,case_8b29225c97,general_main,6,"How did the need for improved efficiency and transparency manifest specifically within the Procurement department, and what were the direct impacts on inventory management and supplier relationship ma",5,corpus_8fa3f94489d5,0.5486,,33042a3e-5e8e-4375-b964-0fe2252e504c,legal
0001,0001_general_main_case_8b2,case_8b29225c97,general_main,7,"How did the need for improved efficiency and transparency specifically manifest within the Procurement department, and what were the direct impacts on inventory management and supplier relationship ma",1,corpus_61fcd259ec15,0.5731,,33042a3e-5e8e-4375-b964-0fe2252e504c,legal
0001,0001_general_main_case_8b2,case_8b29225c97,general_main,7,"How did the need for improved efficiency and transparency specifically manifest within the Procurement department, and what were the direct impacts on inventory management and supplier relationship ma",2,corpus_3e694f444105,0.558,,33042a3e-5e8e-4375-b964-0fe2252e504c,legal
0001,0001_general_main_case_8b2,case_8b29225c97,general_main,7,"How did the need for improved efficiency and transparency specifically manifest within the Procurement department, and what were the direct impacts on inventory management and supplier relationship ma",3,corpus_e18a0723143e,0.5534,,33042a3e-5e8e-4375-b964-0fe2252e504c,legal
0001,0001_general_main_case_8b2,case_8b29225c97,general_main,7,"How did the need for improved efficiency and transparency specifically manifest within the Procurement department, and what were the direct impacts on inventory management and supplier relationship ma",4,corpus_bfb5893d8e2e,0.5489,,33042a3e-5e8e-4375-b964-0fe2252e504c,legal
0001,0001_general_main_case_8b2,case_8b29225c97,general_main,7,"How did the need for improved efficiency and transparency specifically manifest within the Procurement department, and what were the direct impacts on inventory management and supplier relationship ma",5,corpus_8fa3f94489d5,0.5486,,33042a3e-5e8e-4375-b964-0fe2252e504c,legal
0001,0001_general_main_case_8b2,case_8b29225c97,general_main,8,"Could you provide more details on the specific challenges faced by the Procurement department in improving efficiency and transparency, and how these challenges manifested in inventory management and ",1,corpus_70bfa6961025,0.6199,,af4b9da3-16de-4510-a1cb-2a32e101c884,healthcare
0001,0001_general_main_case_8b2,case_8b29225c97,general_main,8,"Could you provide more details on the specific challenges faced by the Procurement department in improving efficiency and transparency, and how these challenges manifested in inventory management and ",2,corpus_4d1e0dc0de5a,0.603,,33042a3e-5e8e-4375-b964-0fe2252e504c,legal
0001,0001_general_main_case_8b2,case_8b29225c97,general_main,8,"Could you provide more details on the specific challenges faced by the Procurement department in improving efficiency and transparency, and how these challenges manifested in inventory management and ",3,corpus_8fa3f94489d5,0.596,,33042a3e-5e8e-4375-b964-0fe2252e504c,legal
0001,0001_general_main_case_8b2,case_8b29225c97,general_main,8,"Could you provide more details on the specific challenges faced by the Procurement department in improving efficiency and transparency, and how these challenges manifested in inventory management and ",4,corpus_3e694f444105,0.5783,,33042a3e-5e8e-4375-b964-0fe2252e504c,legal
0001,0001_general_main_case_8b2,case_8b29225c97,general_main,8,"Could you provide more details on the specific challenges faced by the Procurement department in improving efficiency and transparency, and how these challenges manifested in inventory management and ",5,corpus_4f2bec734f45,0.5724,,33042a3e-5e8e-4375-b964-0fe2252e504c,legal
0001,0001_general_main_case_8b2,case_8b29225c97,general_main,9,How did the specific challenges faced by the Procurement department in improving efficiency and transparency manifest in inventory management and supplier relationship management?,1,corpus_4d1e0dc0de5a,0.6966,,33042a3e-5e8e-4375-b964-0fe2252e504c,legal
0001,0001_general_main_case_8b2,case_8b29225c97,general_main,9,How did the specific challenges faced by the Procurement department in improving efficiency and transparency manifest in inventory management and supplier relationship management?,2,corpus_8fa3f94489d5,0.6508,,33042a3e-5e8e-4375-b964-0fe2252e504c,legal
0001,0001_general_main_case_8b2,case_8b29225c97,general_main,9,How did the specific challenges faced by the Procurement department in improving efficiency and transparency manifest in inventory management and supplier relationship management?,3,corpus_5a5d2d35b7ee,0.5637,,33042a3e-5e8e-4375-b964-0fe2252e504c,legal
0001,0001_general_main_case_8b2,case_8b29225c97,general_main,9,How did the specific challenges faced by the Procurement department in improving efficiency and transparency manifest in inventory management and supplier relationship management?,4,corpus_70bfa6961025,0.5336,,af4b9da3-16de-4510-a1cb-2a32e101c884,healthcare
0001,0001_general_main_case_8b2,case_8b29225c97,general_main,9,How did the specific challenges faced by the Procurement department in improving efficiency and transparency manifest in inventory management and supplier relationship management?,5,corpus_f2a638834dda,0.5177,,33042a3e-5e8e-4375-b964-0fe2252e504c,legal
0001,0001_general_main_case_8b2,case_8b29225c97,general_main,10,Could you elaborate on how the challenges faced by the Procurement department in improving efficiency and transparency specifically manifested in inventory management and supplier relationship managem,1,corpus_4d1e0dc0de5a,0.6596,,33042a3e-5e8e-4375-b964-0fe2252e504c,legal
0001,0001_general_main_case_8b2,case_8b29225c97,general_main,10,Could you elaborate on how the challenges faced by the Procurement department in improving efficiency and transparency specifically manifested in inventory management and supplier relationship managem,2,corpus_8fa3f94489d5,0.648,,33042a3e-5e8e-4375-b964-0fe2252e504c,legal
0001,0001_general_main_case_8b2,case_8b29225c97,general_main,10,Could you elaborate on how the challenges faced by the Procurement department in improving efficiency and transparency specifically manifested in inventory management and supplier relationship managem,3,corpus_5a5d2d35b7ee,0.5987,,33042a3e-5e8e-4375-b964-0fe2252e504c,legal
0001,0001_general_main_case_8b2,case_8b29225c97,general_main,10,Could you elaborate on how the challenges faced by the Procurement department in improving efficiency and transparency specifically manifested in inventory management and supplier relationship managem,4,corpus_70bfa6961025,0.5544,,af4b9da3-16de-4510-a1cb-2a32e101c884,healthcare
0001,0001_general_main_case_8b2,case_8b29225c97,general_main,10,Could you elaborate on how the challenges faced by the Procurement department in improving efficiency and transparency specifically manifested in inventory management and supplier relationship managem,5,corpus_61fcd259ec15,0.5535,,33042a3e-5e8e-4375-b964-0fe2252e504c,legal
0001,0001_general_main_case_8b2,case_8b29225c97,general_main,11,Could you provide more details on the direct impacts of the specific challenges faced by the Procurement department in improving efficiency and transparency on inventory management and supplier relati,1,corpus_70bfa6961025,0.6199,,af4b9da3-16de-4510-a1cb-2a32e101c884,healthcare
0001,0001_general_main_case_8b2,case_8b29225c97,general_main,11,Could you provide more details on the direct impacts of the specific challenges faced by the Procurement department in improving efficiency and transparency on inventory management and supplier relati,2,corpus_4d1e0dc0de5a,0.603,,33042a3e-5e8e-4375-b964-0fe2252e504c,legal
0001,0001_general_main_case_8b2,case_8b29225c97,general_main,11,Could you provide more details on the direct impacts of the specific challenges faced by the Procurement department in improving efficiency and transparency on inventory management and supplier relati,3,corpus_8fa3f94489d5,0.596,,33042a3e-5e8e-4375-b964-0fe2252e504c,legal
0001,0001_general_main_case_8b2,case_8b29225c97,general_main,11,Could you provide more details on the direct impacts of the specific challenges faced by the Procurement department in improving efficiency and transparency on inventory management and supplier relati,4,corpus_3e694f444105,0.5783,,33042a3e-5e8e-4375-b964-0fe2252e504c,legal
0001,0001_general_main_case_8b2,case_8b29225c97,general_main,11,Could you provide more details on the direct impacts of the specific challenges faced by the Procurement department in improving efficiency and transparency on inventory management and supplier relati,5,corpus_4f2bec734f45,0.5724,,33042a3e-5e8e-4375-b964-0fe2252e504c,legal
0001,0001_general_main_case_8b2,case_8b29225c97,general_main,12,"Could you provide specific examples of the challenges faced by the Procurement department in improving efficiency and transparency, and how these challenges were addressed to improve inventory managem",1,corpus_70bfa6961025,0.6199,,af4b9da3-16de-4510-a1cb-2a32e101c884,healthcare
0001,0001_general_main_case_8b2,case_8b29225c97,general_main,12,"Could you provide specific examples of the challenges faced by the Procurement department in improving efficiency and transparency, and how these challenges were addressed to improve inventory managem",2,corpus_4d1e0dc0de5a,0.603,,33042a3e-5e8e-4375-b964-0fe2252e504c,legal
0001,0001_general_main_case_8b2,case_8b29225c97,general_main,12,"Could you provide specific examples of the challenges faced by the Procurement department in improving efficiency and transparency, and how these challenges were addressed to improve inventory managem",3,corpus_8fa3f94489d5,0.596,,33042a3e-5e8e-4375-b964-0fe2252e504c,legal
0001,0001_general_main_case_8b2,case_8b29225c97,general_main,12,"Could you provide specific examples of the challenges faced by the Procurement department in improving efficiency and transparency, and how these challenges were addressed to improve inventory managem",4,corpus_3e694f444105,0.5783,,33042a3e-5e8e-4375-b964-0fe2252e504c,legal
0001,0001_general_main_case_8b2,case_8b29225c97,general_main,12,"Could you provide specific examples of the challenges faced by the Procurement department in improving efficiency and transparency, and how these challenges were addressed to improve inventory managem",5,corpus_4f2bec734f45,0.5724,,33042a3e-5e8e-4375-b964-0fe2252e504c,legal
0001,0001_general_main_case_8b2,case_8b29225c97,general_main,13,Could you provide specific examples of the direct impacts of the challenges faced by the Procurement department in improving efficiency and transparency on inventory management and supplier relationsh,1,corpus_4f2bec734f45,0.5749,,33042a3e-5e8e-4375-b964-0fe2252e504c,legal
0001,0001_general_main_case_8b2,case_8b29225c97,general_main,13,Could you provide specific examples of the direct impacts of the challenges faced by the Procurement department in improving efficiency and transparency on inventory management and supplier relationsh,2,corpus_70bfa6961025,0.5632,,af4b9da3-16de-4510-a1cb-2a32e101c884,healthcare
0001,0001_general_main_case_8b2,case_8b29225c97,general_main,13,Could you provide specific examples of the direct impacts of the challenges faced by the Procurement department in improving efficiency and transparency on inventory management and supplier relationsh,3,corpus_5b168d44f690,0.5448,,33042a3e-5e8e-4375-b964-0fe2252e504c,legal
0001,0001_general_main_case_8b2,case_8b29225c97,general_main,13,Could you provide specific examples of the direct impacts of the challenges faced by the Procurement department in improving efficiency and transparency on inventory management and supplier relationsh,4,corpus_e4dc30162f1d,0.5437,,33042a3e-5e8e-4375-b964-0fe2252e504c,legal
0001,0001_general_main_case_8b2,case_8b29225c97,general_main,13,Could you provide specific examples of the direct impacts of the challenges faced by the Procurement department in improving efficiency and transparency on inventory management and supplier relationsh,5,corpus_e425b5501758,0.542,,33042a3e-5e8e-4375-b964-0fe2252e504c,legal
0001,0001_general_main_case_8b2,case_8b29225c97,general_main,14,Could you provide specific examples of how the Procurement department's challenges in improving efficiency and transparency were directly addressed to improve the accuracy of market forecasts and succ,1,corpus_4f2bec734f45,0.5749,,33042a3e-5e8e-4375-b964-0fe2252e504c,legal
0001,0001_general_main_case_8b2,case_8b29225c97,general_main,14,Could you provide specific examples of how the Procurement department's challenges in improving efficiency and transparency were directly addressed to improve the accuracy of market forecasts and succ,2,corpus_70bfa6961025,0.5632,,af4b9da3-16de-4510-a1cb-2a32e101c884,healthcare
0001,0001_general_main_case_8b2,case_8b29225c97,general_main,14,Could you provide specific examples of how the Procurement department's challenges in improving efficiency and transparency were directly addressed to improve the accuracy of market forecasts and succ,3,corpus_5b168d44f690,0.5448,,33042a3e-5e8e-4375-b964-0fe2252e504c,legal
0001,0001_general_main_case_8b2,case_8b29225c97,general_main,14,Could you provide specific examples of how the Procurement department's challenges in improving efficiency and transparency were directly addressed to improve the accuracy of market forecasts and succ,4,corpus_e4dc30162f1d,0.5437,,33042a3e-5e8e-4375-b964-0fe2252e504c,legal
0001,0001_general_main_case_8b2,case_8b29225c97,general_main,14,Could you provide specific examples of how the Procurement department's challenges in improving efficiency and transparency were directly addressed to improve the accuracy of market forecasts and succ,5,corpus_e425b5501758,0.542,,33042a3e-5e8e-4375-b964-0fe2252e504c,legal
0001,0001_general_main_case_729,case_72932afe74,general_main,1,What was the primary challenge or issue that prompted your team to undertake this project or implement these changes?,1,corpus_4b47604ce9b7,0.5841,,33042a3e-5e8e-4375-b964-0fe2252e504c,legal
0001,0001_general_main_case_729,case_72932afe74,general_main,1,What was the primary challenge or issue that prompted your team to undertake this project or implement these changes?,2,corpus_f2a638834dda,0.5758,,33042a3e-5e8e-4375-b964-0fe2252e504c,legal
0001,0001_general_main_case_729,case_72932afe74,general_main,1,What was the primary challenge or issue that prompted your team to undertake this project or implement these changes?,3,corpus_d0300aec13ed,0.5622,,33042a3e-5e8e-4375-b964-0fe2252e504c,legal
0001,0001_general_main_case_729,case_72932afe74,general_main,1,What was the primary challenge or issue that prompted your team to undertake this project or implement these changes?,4,corpus_5a5c3f1d0c71,0.5544,,af4b9da3-16de-4510-a1cb-2a32e101c884,healthcare
0001,0001_general_main_case_729,case_72932afe74,general_main,1,What was the primary challenge or issue that prompted your team to undertake this project or implement these changes?,5,corpus_598fb7d8bb20,0.551,,33042a3e-5e8e-4375-b964-0fe2252e504c,legal
0001,0001_general_main_case_729,case_72932afe74,general_main,2,Could you provide more details on how the team addressed the primary challenge of managing tacit knowledge and fostering cross-departmental collaboration?,1,corpus_4abfbd0e94db,0.6001,,af4b9da3-16de-4510-a1cb-2a32e101c884,healthcare
0001,0001_general_main_case_729,case_72932afe74,general_main,2,Could you provide more details on how the team addressed the primary challenge of managing tacit knowledge and fostering cross-departmental collaboration?,2,corpus_147ac5f00d32,0.566,,33042a3e-5e8e-4375-b964-0fe2252e504c,legal
0001,0001_general_main_case_729,case_72932afe74,general_main,2,Could you provide more details on how the team addressed the primary challenge of managing tacit knowledge and fostering cross-departmental collaboration?,3,corpus_6ba9cedfd395,0.5501,,33042a3e-5e8e-4375-b964-0fe2252e504c,legal
0001,0001_general_main_case_729,case_72932afe74,general_main,2,Could you provide more details on how the team addressed the primary challenge of managing tacit knowledge and fostering cross-departmental collaboration?,4,corpus_4757baf89dee,0.545,,33042a3e-5e8e-4375-b964-0fe2252e504c,legal
0001,0001_general_main_case_729,case_72932afe74,general_main,2,Could you provide more details on how the team addressed the primary challenge of managing tacit knowledge and fostering cross-departmental collaboration?,5,corpus_f2a638834dda,0.5432,,33042a3e-5e8e-4375-b964-0fe2252e504c,legal
0001,0001_general_main_case_729,case_72932afe74,general_main,3,"How did the team address the challenge of fostering cross-departmental collaboration within the Supply Chain department, and what were the specific strategies used to manage the tacit knowledge?",1,corpus_4abfbd0e94db,0.5703,,af4b9da3-16de-4510-a1cb-2a32e101c884,healthcare
0001,0001_general_main_case_729,case_72932afe74,general_main,3,"How did the team address the challenge of fostering cross-departmental collaboration within the Supply Chain department, and what were the specific strategies used to manage the tacit knowledge?",2,corpus_6ba9cedfd395,0.5285,,33042a3e-5e8e-4375-b964-0fe2252e504c,legal
0001,0001_general_main_case_729,case_72932afe74,general_main,3,"How did the team address the challenge of fostering cross-departmental collaboration within the Supply Chain department, and what were the specific strategies used to manage the tacit knowledge?",3,corpus_147ac5f00d32,0.5074,,33042a3e-5e8e-4375-b964-0fe2252e504c,legal
0001,0001_general_main_case_729,case_72932afe74,general_main,3,"How did the team address the challenge of fostering cross-departmental collaboration within the Supply Chain department, and what were the specific strategies used to manage the tacit knowledge?",4,corpus_e6d0bcbf3b07,0.5063,,af4b9da3-16de-4510-a1cb-2a32e101c884,healthcare
0001,0001_general_main_case_729,case_72932afe74,general_main,3,"How did the team address the challenge of fostering cross-departmental collaboration within the Supply Chain department, and what were the specific strategies used to manage the tacit knowledge?",5,corpus_f3266ad28daf,0.5057,,33042a3e-5e8e-4375-b964-0fe2252e504c,legal
0001,0001_general_main_case_729,case_72932afe74,general_main,4,Could you elaborate on the specific strategies used by Swift Logistics to manage the tacit knowledge within their Supply Chain department and foster cross-departmental collaboration?,1,corpus_4abfbd0e94db,0.5529,,af4b9da3-16de-4510-a1cb-2a32e101c884,healthcare
0001,0001_general_main_case_729,case_72932afe74,general_main,4,Could you elaborate on the specific strategies used by Swift Logistics to manage the tacit knowledge within their Supply Chain department and foster cross-departmental collaboration?,2,corpus_e6d0bcbf3b07,0.5186,,af4b9da3-16de-4510-a1cb-2a32e101c884,healthcare
0001,0001_general_main_case_729,case_72932afe74,general_main,4,Could you elaborate on the specific strategies used by Swift Logistics to manage the tacit knowledge within their Supply Chain department and foster cross-departmental collaboration?,3,corpus_6ba9cedfd395,0.5126,,33042a3e-5e8e-4375-b964-0fe2252e504c,legal
0001,0001_general_main_case_729,case_72932afe74,general_main,4,Could you elaborate on the specific strategies used by Swift Logistics to manage the tacit knowledge within their Supply Chain department and foster cross-departmental collaboration?,4,corpus_f3266ad28daf,0.494,,33042a3e-5e8e-4375-b964-0fe2252e504c,legal
0001,0001_general_main_case_729,case_72932afe74,general_main,4,Could you elaborate on the specific strategies used by Swift Logistics to manage the tacit knowledge within their Supply Chain department and foster cross-departmental collaboration?,5,corpus_ffeba521fab1,0.4867,,33042a3e-5e8e-4375-b964-0fe2252e504c,legal
0001,0001_general_main_case_729,case_72932afe74,general_main,5,What specific strategies did Swift Logistics use to manage the tacit knowledge within their Supply Chain department and foster cross-departmental collaboration?,1,corpus_4abfbd0e94db,0.5529,,af4b9da3-16de-4510-a1cb-2a32e101c884,healthcare
0001,0001_general_main_case_729,case_72932afe74,general_main,5,What specific strategies did Swift Logistics use to manage the tacit knowledge within their Supply Chain department and foster cross-departmental collaboration?,2,corpus_e6d0bcbf3b07,0.5186,,af4b9da3-16de-4510-a1cb-2a32e101c884,healthcare
0001,0001_general_main_case_729,case_72932afe74,general_main,5,What specific strategies did Swift Logistics use to manage the tacit knowledge within their Supply Chain department and foster cross-departmental collaboration?,3,corpus_6ba9cedfd395,0.5126,,33042a3e-5e8e-4375-b964-0fe2252e504c,legal
0001,0001_general_main_case_729,case_72932afe74,general_main,5,What specific strategies did Swift Logistics use to manage the tacit knowledge within their Supply Chain department and foster cross-departmental collaboration?,4,corpus_f3266ad28daf,0.494,,33042a3e-5e8e-4375-b964-0fe2252e504c,legal
0001,0001_general_main_case_729,case_72932afe74,general_main,5,What specific strategies did Swift Logistics use to manage the tacit knowledge within their Supply Chain department and foster cross-departmental collaboration?,5,corpus_ffeba521fab1,0.4867,,33042a3e-5e8e-4375-b964-0fe2252e504c,legal
0001,0001_general_main_case_729,case_72932afe74,general_main,6,"Could you provide more details on how Swift Logistics implemented a secure, HIPAA-compliant knowledge graph within their Medical Staff department to manage tacit knowledge and foster cross-departmenta",1,corpus_e6d0bcbf3b07,0.6029,,af4b9da3-16de-4510-a1cb-2a32e101c884,healthcare
0001,0001_general_main_case_729,case_72932afe74,general_main,6,"Could you provide more details on how Swift Logistics implemented a secure, HIPAA-compliant knowledge graph within their Medical Staff department to manage tacit knowledge and foster cross-departmenta",2,corpus_f3266ad28daf,0.5319,,33042a3e-5e8e-4375-b964-0fe2252e504c,legal
0001,0001_general_main_case_729,case_72932afe74,general_main,6,"Could you provide more details on how Swift Logistics implemented a secure, HIPAA-compliant knowledge graph within their Medical Staff department to manage tacit knowledge and foster cross-departmenta",3,corpus_4abfbd0e94db,0.5224,,af4b9da3-16de-4510-a1cb-2a32e101c884,healthcare
0001,0001_general_main_case_729,case_72932afe74,general_main,6,"Could you provide more details on how Swift Logistics implemented a secure, HIPAA-compliant knowledge graph within their Medical Staff department to manage tacit knowledge and foster cross-departmenta",4,corpus_7d50834d4b2a,0.5192,,af4b9da3-16de-4510-a1cb-2a32e101c884,healthcare
0001,0001_general_main_case_729,case_72932afe74,general_main,6,"Could you provide more details on how Swift Logistics implemented a secure, HIPAA-compliant knowledge graph within their Medical Staff department to manage tacit knowledge and foster cross-departmenta",5,corpus_b36b5568aa4c,0.5137,,33042a3e-5e8e-4375-b964-0fe2252e504c,legal
0001,0001_general_main_case_729,case_72932afe74,general_main,7,Could you elaborate on how Swift Logistics ensured the secure and HIPAA-compliant knowledge graph was accessible to all departments and how it facilitated the exchange of best practices and internal c,1,corpus_e6d0bcbf3b07,0.5991,,af4b9da3-16de-4510-a1cb-2a32e101c884,healthcare
0001,0001_general_main_case_729,case_72932afe74,general_main,7,Could you elaborate on how Swift Logistics ensured the secure and HIPAA-compliant knowledge graph was accessible to all departments and how it facilitated the exchange of best practices and internal c,2,corpus_f3266ad28daf,0.5214,,33042a3e-5e8e-4375-b964-0fe2252e504c,legal
0001,0001_general_main_case_729,case_72932afe74,general_main,7,Could you elaborate on how Swift Logistics ensured the secure and HIPAA-compliant knowledge graph was accessible to all departments and how it facilitated the exchange of best practices and internal c,3,corpus_76e7114db21a,0.5166,,33042a3e-5e8e-4375-b964-0fe2252e504c,legal
0001,0001_general_main_case_729,case_72932afe74,general_main,7,Could you elaborate on how Swift Logistics ensured the secure and HIPAA-compliant knowledge graph was accessible to all departments and how it facilitated the exchange of best practices and internal c,4,corpus_7fa3bd5aef67,0.5164,,33042a3e-5e8e-4375-b964-0fe2252e504c,legal
0001,0001_general_main_case_729,case_72932afe74,general_main,7,Could you elaborate on how Swift Logistics ensured the secure and HIPAA-compliant knowledge graph was accessible to all departments and how it facilitated the exchange of best practices and internal c,5,corpus_fcffcdc1e2e9,0.5163,,33042a3e-5e8e-4375-b964-0fe2252e504c,legal
0001,0001_general_main_case_729,case_72932afe74,general_main,8,How did Swift Logistics ensure the secure and HIPAA-compliant knowledge graph was accessible to all departments and how did it facilitate the exchange of best practices and internal case studies?,1,corpus_e6d0bcbf3b07,0.5991,,af4b9da3-16de-4510-a1cb-2a32e101c884,healthcare
0001,0001_general_main_case_729,case_72932afe74,general_main,8,How did Swift Logistics ensure the secure and HIPAA-compliant knowledge graph was accessible to all departments and how did it facilitate the exchange of best practices and internal case studies?,2,corpus_f3266ad28daf,0.5214,,33042a3e-5e8e-4375-b964-0fe2252e504c,legal
0001,0001_general_main_case_729,case_72932afe74,general_main,8,How did Swift Logistics ensure the secure and HIPAA-compliant knowledge graph was accessible to all departments and how did it facilitate the exchange of best practices and internal case studies?,3,corpus_76e7114db21a,0.5166,,33042a3e-5e8e-4375-b964-0fe2252e504c,legal
0001,0001_general_main_case_729,case_72932afe74,general_main,8,How did Swift Logistics ensure the secure and HIPAA-compliant knowledge graph was accessible to all departments and how did it facilitate the exchange of best practices and internal case studies?,4,corpus_7fa3bd5aef67,0.5164,,33042a3e-5e8e-4375-b964-0fe2252e504c,legal
0001,0001_general_main_case_729,case_72932afe74,general_main,8,How did Swift Logistics ensure the secure and HIPAA-compliant knowledge graph was accessible to all departments and how did it facilitate the exchange of best practices and internal case studies?,5,corpus_fcffcdc1e2e9,0.5163,,33042a3e-5e8e-4375-b964-0fe2252e504c,legal
0001,0001_general_main_case_729,case_72932afe74,general_main,9,What specific strategies did Swift Logistics use to ensure the secure and HIPAA-compliant knowledge graph was accessible to all departments and how did it facilitate the exchange of best practices and,1,corpus_e6d0bcbf3b07,0.5991,,af4b9da3-16de-4510-a1cb-2a32e101c884,healthcare
0001,0001_general_main_case_729,case_72932afe74,general_main,9,What specific strategies did Swift Logistics use to ensure the secure and HIPAA-compliant knowledge graph was accessible to all departments and how did it facilitate the exchange of best practices and,2,corpus_f3266ad28daf,0.5214,,33042a3e-5e8e-4375-b964-0fe2252e504c,legal
0001,0001_general_main_case_729,case_72932afe74,general_main,9,What specific strategies did Swift Logistics use to ensure the secure and HIPAA-compliant knowledge graph was accessible to all departments and how did it facilitate the exchange of best practices and,3,corpus_76e7114db21a,0.5166,,33042a3e-5e8e-4375-b964-0fe2252e504c,legal
0001,0001_general_main_case_729,case_72932afe74,general_main,9,What specific strategies did Swift Logistics use to ensure the secure and HIPAA-compliant knowledge graph was accessible to all departments and how did it facilitate the exchange of best practices and,4,corpus_7fa3bd5aef67,0.5164,,33042a3e-5e8e-4375-b964-0fe2252e504c,legal
0001,0001_general_main_case_729,case_72932afe74,general_main,9,What specific strategies did Swift Logistics use to ensure the secure and HIPAA-compliant knowledge graph was accessible to all departments and how did it facilitate the exchange of best practices and,5,corpus_fcffcdc1e2e9,0.5163,,33042a3e-5e8e-4375-b964-0fe2252e504c,legal
0001,0001_general_main_case_729,case_72932afe74,general_main,10,Could you provide more details on how Swift Logistics ensured the secure and HIPAA-compliant knowledge graph was accessible to all departments and how it facilitated the exchange of best practices and,1,corpus_e6d0bcbf3b07,0.5991,,af4b9da3-16de-4510-a1cb-2a32e101c884,healthcare
0001,0001_general_main_case_729,case_72932afe74,general_main,10,Could you provide more details on how Swift Logistics ensured the secure and HIPAA-compliant knowledge graph was accessible to all departments and how it facilitated the exchange of best practices and,2,corpus_f3266ad28daf,0.5214,,33042a3e-5e8e-4375-b964-0fe2252e504c,legal
0001,0001_general_main_case_729,case_72932afe74,general_main,10,Could you provide more details on how Swift Logistics ensured the secure and HIPAA-compliant knowledge graph was accessible to all departments and how it facilitated the exchange of best practices and,3,corpus_76e7114db21a,0.5166,,33042a3e-5e8e-4375-b964-0fe2252e504c,legal
0001,0001_general_main_case_729,case_72932afe74,general_main,10,Could you provide more details on how Swift Logistics ensured the secure and HIPAA-compliant knowledge graph was accessible to all departments and how it facilitated the exchange of best practices and,4,corpus_7fa3bd5aef67,0.5164,,33042a3e-5e8e-4375-b964-0fe2252e504c,legal
0001,0001_general_main_case_729,case_72932afe74,general_main,10,Could you provide more details on how Swift Logistics ensured the secure and HIPAA-compliant knowledge graph was accessible to all departments and how it facilitated the exchange of best practices and,5,corpus_fcffcdc1e2e9,0.5163,,33042a3e-5e8e-4375-b964-0fe2252e504c,legal
0001,0001_general_main_case_729,case_72932afe74,general_main,11,"How did Swift Logistics ensure the secure and HIPAA-compliant knowledge graph was accessible to all departments, and how did it facilitate the exchange of best practices and internal case studies?",1,corpus_e6d0bcbf3b07,0.5991,,af4b9da3-16de-4510-a1cb-2a32e101c884,healthcare
0001,0001_general_main_case_729,case_72932afe74,general_main,11,"How did Swift Logistics ensure the secure and HIPAA-compliant knowledge graph was accessible to all departments, and how did it facilitate the exchange of best practices and internal case studies?",2,corpus_f3266ad28daf,0.5214,,33042a3e-5e8e-4375-b964-0fe2252e504c,legal
0001,0001_general_main_case_729,case_72932afe74,general_main,11,"How did Swift Logistics ensure the secure and HIPAA-compliant knowledge graph was accessible to all departments, and how did it facilitate the exchange of best practices and internal case studies?",3,corpus_76e7114db21a,0.5166,,33042a3e-5e8e-4375-b964-0fe2252e504c,legal
0001,0001_general_main_case_729,case_72932afe74,general_main,11,"How did Swift Logistics ensure the secure and HIPAA-compliant knowledge graph was accessible to all departments, and how did it facilitate the exchange of best practices and internal case studies?",4,corpus_7fa3bd5aef67,0.5164,,33042a3e-5e8e-4375-b964-0fe2252e504c,legal
0001,0001_general_main_case_729,case_72932afe74,general_main,11,"How did Swift Logistics ensure the secure and HIPAA-compliant knowledge graph was accessible to all departments, and how did it facilitate the exchange of best practices and internal case studies?",5,corpus_fcffcdc1e2e9,0.5163,,33042a3e-5e8e-4375-b964-0fe2252e504c,legal
0001,0001_general_main_case_729,case_72932afe74,general_main,12,"Could you provide more details on the specific strategies and measures Swift Logistics used to ensure the secure and HIPAA-compliant knowledge graph was accessible to all departments, and how these st",1,corpus_e6d0bcbf3b07,0.5991,,af4b9da3-16de-4510-a1cb-2a32e101c884,healthcare
0001,0001_general_main_case_729,case_72932afe74,general_main,12,"Could you provide more details on the specific strategies and measures Swift Logistics used to ensure the secure and HIPAA-compliant knowledge graph was accessible to all departments, and how these st",2,corpus_f3266ad28daf,0.5214,,33042a3e-5e8e-4375-b964-0fe2252e504c,legal
0001,0001_general_main_case_729,case_72932afe74,general_main,12,"Could you provide more details on the specific strategies and measures Swift Logistics used to ensure the secure and HIPAA-compliant knowledge graph was accessible to all departments, and how these st",3,corpus_76e7114db21a,0.5166,,33042a3e-5e8e-4375-b964-0fe2252e504c,legal
0001,0001_general_main_case_729,case_72932afe74,general_main,12,"Could you provide more details on the specific strategies and measures Swift Logistics used to ensure the secure and HIPAA-compliant knowledge graph was accessible to all departments, and how these st",4,corpus_7fa3bd5aef67,0.5164,,33042a3e-5e8e-4375-b964-0fe2252e504c,legal
0001,0001_general_main_case_729,case_72932afe74,general_main,12,"Could you provide more details on the specific strategies and measures Swift Logistics used to ensure the secure and HIPAA-compliant knowledge graph was accessible to all departments, and how these st",5,corpus_fcffcdc1e2e9,0.5163,,33042a3e-5e8e-4375-b964-0fe2252e504c,legal
0001,0001_general_main_case_729,case_72932afe74,general_main,13,"Could you elaborate on the specific measures Swift Logistics took to ensure the secure and HIPAA-compliant knowledge graph was accessible to all departments, and how these measures facilitated the exc",1,corpus_e6d0bcbf3b07,0.5991,,af4b9da3-16de-4510-a1cb-2a32e101c884,healthcare
0001,0001_general_main_case_729,case_72932afe74,general_main,13,"Could you elaborate on the specific measures Swift Logistics took to ensure the secure and HIPAA-compliant knowledge graph was accessible to all departments, and how these measures facilitated the exc",2,corpus_f3266ad28daf,0.5214,,33042a3e-5e8e-4375-b964-0fe2252e504c,legal
0001,0001_general_main_case_729,case_72932afe74,general_main,13,"Could you elaborate on the specific measures Swift Logistics took to ensure the secure and HIPAA-compliant knowledge graph was accessible to all departments, and how these measures facilitated the exc",3,corpus_76e7114db21a,0.5166,,33042a3e-5e8e-4375-b964-0fe2252e504c,legal
0001,0001_general_main_case_729,case_72932afe74,general_main,13,"Could you elaborate on the specific measures Swift Logistics took to ensure the secure and HIPAA-compliant knowledge graph was accessible to all departments, and how these measures facilitated the exc",4,corpus_7fa3bd5aef67,0.5164,,33042a3e-5e8e-4375-b964-0fe2252e504c,legal
0001,0001_general_main_case_729,case_72932afe74,general_main,13,"Could you elaborate on the specific measures Swift Logistics took to ensure the secure and HIPAA-compliant knowledge graph was accessible to all departments, and how these measures facilitated the exc",5,corpus_fcffcdc1e2e9,0.5163,,33042a3e-5e8e-4375-b964-0fe2252e504c,legal
0001,0001_general_main_case_729,case_72932afe74,general_main,14,"Could you provide more details on the specific measures Swift Logistics took to ensure the secure and HIPAA-compliant knowledge graph was accessible to all departments, and how these measures facilita",1,corpus_e6d0bcbf3b07,0.5991,,af4b9da3-16de-4510-a1cb-2a32e101c884,healthcare
0001,0001_general_main_case_729,case_72932afe74,general_main,14,"Could you provide more details on the specific measures Swift Logistics took to ensure the secure and HIPAA-compliant knowledge graph was accessible to all departments, and how these measures facilita",2,corpus_f3266ad28daf,0.5214,,33042a3e-5e8e-4375-b964-0fe2252e504c,legal
0001,0001_general_main_case_729,case_72932afe74,general_main,14,"Could you provide more details on the specific measures Swift Logistics took to ensure the secure and HIPAA-compliant knowledge graph was accessible to all departments, and how these measures facilita",3,corpus_76e7114db21a,0.5166,,33042a3e-5e8e-4375-b964-0fe2252e504c,legal
0001,0001_general_main_case_729,case_72932afe74,general_main,14,"Could you provide more details on the specific measures Swift Logistics took to ensure the secure and HIPAA-compliant knowledge graph was accessible to all departments, and how these measures facilita",4,corpus_7fa3bd5aef67,0.5164,,33042a3e-5e8e-4375-b964-0fe2252e504c,legal
0001,0001_general_main_case_729,case_72932afe74,general_main,14,"Could you provide more details on the specific measures Swift Logistics took to ensure the secure and HIPAA-compliant knowledge graph was accessible to all departments, and how these measures facilita",5,corpus_fcffcdc1e2e9,0.5163,,33042a3e-5e8e-4375-b964-0fe2252e504c,legal
0001,0001_general_main_case_8b2,case_8b29225c97,general_main,1,"Can you provide more details on the specific challenges and solutions you implemented to address the delays, increased costs, and difficulties in responding to disruptions? How did these changes impac",1,corpus_e97e4473aecb,0.5413,,33042a3e-5e8e-4375-b964-0fe2252e504c,legal
0001,0001_general_main_case_8b2,case_8b29225c97,general_main,1,"Can you provide more details on the specific challenges and solutions you implemented to address the delays, increased costs, and difficulties in responding to disruptions? How did these changes impac",2,corpus_bac618d107f0,0.5359,,33042a3e-5e8e-4375-b964-0fe2252e504c,legal
0001,0001_general_main_case_8b2,case_8b29225c97,general_main,1,"Can you provide more details on the specific challenges and solutions you implemented to address the delays, increased costs, and difficulties in responding to disruptions? How did these changes impac",3,corpus_61fcd259ec15,0.5282,,33042a3e-5e8e-4375-b964-0fe2252e504c,legal
0001,0001_general_main_case_8b2,case_8b29225c97,general_main,1,"Can you provide more details on the specific challenges and solutions you implemented to address the delays, increased costs, and difficulties in responding to disruptions? How did these changes impac",4,corpus_6ba9cedfd395,0.5226,,33042a3e-5e8e-4375-b964-0fe2252e504c,legal
0001,0001_general_main_case_8b2,case_8b29225c97,general_main,1,"Can you provide more details on the specific challenges and solutions you implemented to address the delays, increased costs, and difficulties in responding to disruptions? How did these changes impac",5,corpus_b72c9c48ed78,0.5217,,33042a3e-5e8e-4375-b964-0fe2252e504c,legal
0001,0001_general_main_case_8b2,case_8b29225c97,general_main,2,"Could you elaborate on how the implementation of a Document Management System (DMS) to track and version control all onboarding documents improved your team's efficiency in order processing, inventory",1,corpus_209eb8a4f449,0.6518,,33042a3e-5e8e-4375-b964-0fe2252e504c,legal
0001,0001_general_main_case_8b2,case_8b29225c97,general_main,2,"Could you elaborate on how the implementation of a Document Management System (DMS) to track and version control all onboarding documents improved your team's efficiency in order processing, inventory",2,corpus_08621c923ac5,0.6358,,33042a3e-5e8e-4375-b964-0fe2252e504c,legal
0001,0001_general_main_case_8b2,case_8b29225c97,general_main,2,"Could you elaborate on how the implementation of a Document Management System (DMS) to track and version control all onboarding documents improved your team's efficiency in order processing, inventory",3,corpus_e97e4473aecb,0.5991,,33042a3e-5e8e-4375-b964-0fe2252e504c,legal
0001,0001_general_main_case_8b2,case_8b29225c97,general_main,2,"Could you elaborate on how the implementation of a Document Management System (DMS) to track and version control all onboarding documents improved your team's efficiency in order processing, inventory",4,corpus_dce2f36ab233,0.5979,,33042a3e-5e8e-4375-b964-0fe2252e504c,legal
0001,0001_general_main_case_8b2,case_8b29225c97,general_main,2,"Could you elaborate on how the implementation of a Document Management System (DMS) to track and version control all onboarding documents improved your team's efficiency in order processing, inventory",5,corpus_4574abe420cf,0.5748,,33042a3e-5e8e-4375-b964-0fe2252e504c,legal
0001,0001_general_main_case_8b2,case_8b29225c97,general_main,3,Could you tell me more about primary challenge?,1,corpus_76e7114db21a,0.5433,,33042a3e-5e8e-4375-b964-0fe2252e504c,legal
0001,0001_general_main_case_8b2,case_8b29225c97,general_main,3,Could you tell me more about primary challenge?,2,corpus_296f0c49df07,0.5415,,33042a3e-5e8e-4375-b964-0fe2252e504c,legal
0001,0001_general_main_case_8b2,case_8b29225c97,general_main,3,Could you tell me more about primary challenge?,3,corpus_7d50834d4b2a,0.5339,,af4b9da3-16de-4510-a1cb-2a32e101c884,healthcare
0001,0001_general_main_case_8b2,case_8b29225c97,general_main,3,Could you tell me more about primary challenge?,4,corpus_e6d0bcbf3b07,0.5228,,af4b9da3-16de-4510-a1cb-2a32e101c884,healthcare
0001,0001_general_main_case_8b2,case_8b29225c97,general_main,3,Could you tell me more about primary challenge?,5,corpus_5b168d44f690,0.5199,,33042a3e-5e8e-4375-b964-0fe2252e504c,legal
0001,0001_general_main_case_8b2,case_8b29225c97,general_main,4,"What specific difficulties did your team encounter in managing the onboarding documents, and how did implementing a Document Management System (DMS) help in resolving these challenges?",1,corpus_75fb571454aa,0.6474,,33042a3e-5e8e-4375-b964-0fe2252e504c,legal
0001,0001_general_main_case_8b2,case_8b29225c97,general_main,4,"What specific difficulties did your team encounter in managing the onboarding documents, and how did implementing a Document Management System (DMS) help in resolving these challenges?",2,corpus_5b168d44f690,0.6114,,33042a3e-5e8e-4375-b964-0fe2252e504c,legal
0001,0001_general_main_case_8b2,case_8b29225c97,general_main,4,"What specific difficulties did your team encounter in managing the onboarding documents, and how did implementing a Document Management System (DMS) help in resolving these challenges?",3,corpus_dce2f36ab233,0.5825,,33042a3e-5e8e-4375-b964-0fe2252e504c,legal
0001,0001_general_main_case_8b2,case_8b29225c97,general_main,4,"What specific difficulties did your team encounter in managing the onboarding documents, and how did implementing a Document Management System (DMS) help in resolving these challenges?",4,corpus_4574abe420cf,0.5742,,33042a3e-5e8e-4375-b964-0fe2252e504c,legal
0001,0001_general_main_case_8b2,case_8b29225c97,general_main,4,"What specific difficulties did your team encounter in managing the onboarding documents, and how did implementing a Document Management System (DMS) help in resolving these challenges?",5,corpus_b63b93d7463a,0.5718,,33042a3e-5e8e-4375-b964-0fe2252e504c,legal
0001,0001_general_main_case_8b2,case_8b29225c97,general_main,5,"How did the Document Management System (DMS) specifically help in managing the onboarding documents and improving efficiency in order processing, inventory management, and response to disruptions?",1,corpus_75fb571454aa,0.6474,,33042a3e-5e8e-4375-b964-0fe2252e504c,legal
0001,0001_general_main_case_8b2,case_8b29225c97,general_main,5,"How did the Document Management System (DMS) specifically help in managing the onboarding documents and improving efficiency in order processing, inventory management, and response to disruptions?",2,corpus_5b168d44f690,0.6114,,33042a3e-5e8e-4375-b964-0fe2252e504c,legal
0001,0001_general_main_case_8b2,case_8b29225c97,general_main,5,"How did the Document Management System (DMS) specifically help in managing the onboarding documents and improving efficiency in order processing, inventory management, and response to disruptions?",3,corpus_dce2f36ab233,0.5825,,33042a3e-5e8e-4375-b964-0fe2252e504c,legal
0001,0001_general_main_case_8b2,case_8b29225c97,general_main,5,"How did the Document Management System (DMS) specifically help in managing the onboarding documents and improving efficiency in order processing, inventory management, and response to disruptions?",4,corpus_4574abe420cf,0.5742,,33042a3e-5e8e-4375-b964-0fe2252e504c,legal
0001,0001_general_main_case_8b2,case_8b29225c97,general_main,5,"How did the Document Management System (DMS) specifically help in managing the onboarding documents and improving efficiency in order processing, inventory management, and response to disruptions?",5,corpus_b63b93d7463a,0.5718,,33042a3e-5e8e-4375-b964-0fe2252e504c,legal
0001,0001_general_main_case_8b2,case_8b29225c97,general_main,6,"Can you describe the specific challenges faced by your team in managing the onboarding process, and how did implementing a Document Management System (DMS) enhance efficiency in order processing, inve",1,corpus_e97e4473aecb,0.6395,,33042a3e-5e8e-4375-b964-0fe2252e504c,legal
0001,0001_general_main_case_8b2,case_8b29225c97,general_main,6,"Can you describe the specific challenges faced by your team in managing the onboarding process, and how did implementing a Document Management System (DMS) enhance efficiency in order processing, inve",2,corpus_bac618d107f0,0.5857,,33042a3e-5e8e-4375-b964-0fe2252e504c,legal
0001,0001_general_main_case_8b2,case_8b29225c97,general_main,6,"Can you describe the specific challenges faced by your team in managing the onboarding process, and how did implementing a Document Management System (DMS) enhance efficiency in order processing, inve",3,corpus_5a5d2d35b7ee,0.5736,,33042a3e-5e8e-4375-b964-0fe2252e504c,legal
0001,0001_general_main_case_8b2,case_8b29225c97,general_main,6,"Can you describe the specific challenges faced by your team in managing the onboarding process, and how did implementing a Document Management System (DMS) enhance efficiency in order processing, inve",4,corpus_4574abe420cf,0.5703,,33042a3e-5e8e-4375-b964-0fe2252e504c,legal
0001,0001_general_main_case_8b2,case_8b29225c97,general_main,6,"Can you describe the specific challenges faced by your team in managing the onboarding process, and how did implementing a Document Management System (DMS) enhance efficiency in order processing, inve",5,corpus_08621c923ac5,0.5694,,33042a3e-5e8e-4375-b964-0fe2252e504c,legal
0001,0001_general_main_case_8b2,case_8b29225c97,general_main,7,"How did implementing a Document Management System (DMS) specifically address the delays, increased costs, and difficulties in responding to disruptions faced by your team in managing the onboarding pr",1,corpus_db9362e0b6cb,0.6288,,33042a3e-5e8e-4375-b964-0fe2252e504c,legal
0001,0001_general_main_case_8b2,case_8b29225c97,general_main,7,"How did implementing a Document Management System (DMS) specifically address the delays, increased costs, and difficulties in responding to disruptions faced by your team in managing the onboarding pr",2,corpus_e97e4473aecb,0.5994,,33042a3e-5e8e-4375-b964-0fe2252e504c,legal
0001,0001_general_main_case_8b2,case_8b29225c97,general_main,7,"How did implementing a Document Management System (DMS) specifically address the delays, increased costs, and difficulties in responding to disruptions faced by your team in managing the onboarding pr",3,corpus_a71230e6d7c4,0.5836,,33042a3e-5e8e-4375-b964-0fe2252e504c,legal
0001,0001_general_main_case_8b2,case_8b29225c97,general_main,7,"How did implementing a Document Management System (DMS) specifically address the delays, increased costs, and difficulties in responding to disruptions faced by your team in managing the onboarding pr",4,corpus_f27bc6a36166,0.5702,,33042a3e-5e8e-4375-b964-0fe2252e504c,legal
0001,0001_general_main_case_8b2,case_8b29225c97,general_main,7,"How did implementing a Document Management System (DMS) specifically address the delays, increased costs, and difficulties in responding to disruptions faced by your team in managing the onboarding pr",5,corpus_282d90937e3a,0.5692,,33042a3e-5e8e-4375-b964-0fe2252e504c,legal
0001,0001_general_main_case_8b2,case_8b29225c97,general_main,8,"Could you elaborate on how implementing a Document Management System (DMS) specifically addressed the issues of delays, increased costs, and difficulties in responding to disruptions in the onboarding",1,corpus_e97e4473aecb,0.639,,33042a3e-5e8e-4375-b964-0fe2252e504c,legal
0001,0001_general_main_case_8b2,case_8b29225c97,general_main,8,"Could you elaborate on how implementing a Document Management System (DMS) specifically addressed the issues of delays, increased costs, and difficulties in responding to disruptions in the onboarding",2,corpus_bac618d107f0,0.5909,,33042a3e-5e8e-4375-b964-0fe2252e504c,legal
0001,0001_general_main_case_8b2,case_8b29225c97,general_main,8,"Could you elaborate on how implementing a Document Management System (DMS) specifically addressed the issues of delays, increased costs, and difficulties in responding to disruptions in the onboarding",3,corpus_5a5d2d35b7ee,0.577,,33042a3e-5e8e-4375-b964-0fe2252e504c,legal
0001,0001_general_main_case_8b2,case_8b29225c97,general_main,8,"Could you elaborate on how implementing a Document Management System (DMS) specifically addressed the issues of delays, increased costs, and difficulties in responding to disruptions in the onboarding",4,corpus_5b168d44f690,0.5683,,33042a3e-5e8e-4375-b964-0fe2252e504c,legal
0001,0001_general_main_case_8b2,case_8b29225c97,general_main,8,"Could you elaborate on how implementing a Document Management System (DMS) specifically addressed the issues of delays, increased costs, and difficulties in responding to disruptions in the onboarding",5,corpus_4574abe420cf,0.564,,33042a3e-5e8e-4375-b964-0fe2252e504c,legal
0001,0001_general_main_case_8b2,case_8b29225c97,general_main,9,"How did the Document Management System (DMS) specifically enhance the team's ability to manage and track the onboarding process, and what challenges did this system address?",1,corpus_9a7049e1c001,0.5995,,33042a3e-5e8e-4375-b964-0fe2252e504c,legal
0001,0001_general_main_case_8b2,case_8b29225c97,general_main,9,"How did the Document Management System (DMS) specifically enhance the team's ability to manage and track the onboarding process, and what challenges did this system address?",2,corpus_db9362e0b6cb,0.5905,,33042a3e-5e8e-4375-b964-0fe2252e504c,legal
0001,0001_general_main_case_8b2,case_8b29225c97,general_main,9,"How did the Document Management System (DMS) specifically enhance the team's ability to manage and track the onboarding process, and what challenges did this system address?",3,corpus_76e7114db21a,0.5671,,33042a3e-5e8e-4375-b964-0fe2252e504c,legal
0001,0001_general_main_case_8b2,case_8b29225c97,general_main,9,"How did the Document Management System (DMS) specifically enhance the team's ability to manage and track the onboarding process, and what challenges did this system address?",4,corpus_a71230e6d7c4,0.5654,,33042a3e-5e8e-4375-b964-0fe2252e504c,legal
0001,0001_general_main_case_8b2,case_8b29225c97,general_main,9,"How did the Document Management System (DMS) specifically enhance the team's ability to manage and track the onboarding process, and what challenges did this system address?",5,corpus_e97e4473aecb,0.5597,,33042a3e-5e8e-4375-b964-0fe2252e504c,legal
0001,0001_general_main_case_8b2,case_8b29225c97,general_main,10,"Could you provide more details on how the Document Management System (DMS) specifically streamlined the onboarding process, reduced delays, and lowered costs for your team?",1,corpus_db9362e0b6cb,0.6099,,33042a3e-5e8e-4375-b964-0fe2252e504c,legal
0001,0001_general_main_case_8b2,case_8b29225c97,general_main,10,"Could you provide more details on how the Document Management System (DMS) specifically streamlined the onboarding process, reduced delays, and lowered costs for your team?",2,corpus_e97e4473aecb,0.5779,,33042a3e-5e8e-4375-b964-0fe2252e504c,legal
0001,0001_general_main_case_8b2,case_8b29225c97,general_main,10,"Could you provide more details on how the Document Management System (DMS) specifically streamlined the onboarding process, reduced delays, and lowered costs for your team?",3,corpus_a71230e6d7c4,0.5747,,33042a3e-5e8e-4375-b964-0fe2252e504c,legal
0001,0001_general_main_case_8b2,case_8b29225c97,general_main,10,"Could you provide more details on how the Document Management System (DMS) specifically streamlined the onboarding process, reduced delays, and lowered costs for your team?",4,corpus_08621c923ac5,0.553,,33042a3e-5e8e-4375-b964-0fe2252e504c,legal
0001,0001_general_main_case_8b2,case_8b29225c97,general_main,10,"Could you provide more details on how the Document Management System (DMS) specifically streamlined the onboarding process, reduced delays, and lowered costs for your team?",5,corpus_f27bc6a36166,0.5501,,33042a3e-5e8e-4375-b964-0fe2252e504c,legal
0001,0001_general_main_case_8b2,case_8b29225c97,general_main,11,"Can you explain how the Document Management System (DMS) specifically addressed the delays, increased costs, and difficulties in responding to disruptions in the onboarding process?",1,corpus_e97e4473aecb,0.5814,,33042a3e-5e8e-4375-b964-0fe2252e504c,legal
0001,0001_general_main_case_8b2,case_8b29225c97,general_main,11,"Can you explain how the Document Management System (DMS) specifically addressed the delays, increased costs, and difficulties in responding to disruptions in the onboarding process?",2,corpus_4574abe420cf,0.5558,,33042a3e-5e8e-4375-b964-0fe2252e504c,legal
0001,0001_general_main_case_8b2,case_8b29225c97,general_main,11,"Can you explain how the Document Management System (DMS) specifically addressed the delays, increased costs, and difficulties in responding to disruptions in the onboarding process?",3,corpus_08621c923ac5,0.5544,,33042a3e-5e8e-4375-b964-0fe2252e504c,legal
0001,0001_general_main_case_8b2,case_8b29225c97,general_main,11,"Can you explain how the Document Management System (DMS) specifically addressed the delays, increased costs, and difficulties in responding to disruptions in the onboarding process?",4,corpus_96f9ac4f9031,0.5402,,33042a3e-5e8e-4375-b964-0fe2252e504c,legal
0001,0001_general_main_case_8b2,case_8b29225c97,general_main,11,"Can you explain how the Document Management System (DMS) specifically addressed the delays, increased costs, and difficulties in responding to disruptions in the onboarding process?",5,corpus_209eb8a4f449,0.5339,,33042a3e-5e8e-4375-b964-0fe2252e504c,legal
0001,0001_general_main_case_8b2,case_8b29225c97,general_main,12,"Could you describe the specific features of the Document Management System (DMS) that were utilized to streamline the onboarding process and reduce delays, increased costs, and difficulties in respond",1,corpus_e97e4473aecb,0.5814,,33042a3e-5e8e-4375-b964-0fe2252e504c,legal
0001,0001_general_main_case_8b2,case_8b29225c97,general_main,12,"Could you describe the specific features of the Document Management System (DMS) that were utilized to streamline the onboarding process and reduce delays, increased costs, and difficulties in respond",2,corpus_4574abe420cf,0.5558,,33042a3e-5e8e-4375-b964-0fe2252e504c,legal
0001,0001_general_main_case_8b2,case_8b29225c97,general_main,12,"Could you describe the specific features of the Document Management System (DMS) that were utilized to streamline the onboarding process and reduce delays, increased costs, and difficulties in respond",3,corpus_08621c923ac5,0.5544,,33042a3e-5e8e-4375-b964-0fe2252e504c,legal
0001,0001_general_main_case_8b2,case_8b29225c97,general_main,12,"Could you describe the specific features of the Document Management System (DMS) that were utilized to streamline the onboarding process and reduce delays, increased costs, and difficulties in respond",4,corpus_96f9ac4f9031,0.5402,,33042a3e-5e8e-4375-b964-0fe2252e504c,legal
0001,0001_general_main_case_8b2,case_8b29225c97,general_main,12,"Could you describe the specific features of the Document Management System (DMS) that were utilized to streamline the onboarding process and reduce delays, increased costs, and difficulties in respond",5,corpus_209eb8a4f449,0.5339,,33042a3e-5e8e-4375-b964-0fe2252e504c,legal
0001,0001_general_main_case_8b2,case_8b29225c97,general_main,13,"Could you describe the specific features of the Document Management System (DMS) that were utilized to streamline the onboarding process and reduce delays, increased costs, and difficulties in respond",1,corpus_e97e4473aecb,0.5814,,33042a3e-5e8e-4375-b964-0fe2252e504c,legal
0001,0001_general_main_case_8b2,case_8b29225c97,general_main,13,"Could you describe the specific features of the Document Management System (DMS) that were utilized to streamline the onboarding process and reduce delays, increased costs, and difficulties in respond",2,corpus_4574abe420cf,0.5558,,33042a3e-5e8e-4375-b964-0fe2252e504c,legal
0001,0001_general_main_case_8b2,case_8b29225c97,general_main,13,"Could you describe the specific features of the Document Management System (DMS) that were utilized to streamline the onboarding process and reduce delays, increased costs, and difficulties in respond",3,corpus_08621c923ac5,0.5544,,33042a3e-5e8e-4375-b964-0fe2252e504c,legal
0001,0001_general_main_case_8b2,case_8b29225c97,general_main,13,"Could you describe the specific features of the Document Management System (DMS) that were utilized to streamline the onboarding process and reduce delays, increased costs, and difficulties in respond",4,corpus_96f9ac4f9031,0.5402,,33042a3e-5e8e-4375-b964-0fe2252e504c,legal
0001,0001_general_main_case_8b2,case_8b29225c97,general_main,13,"Could you describe the specific features of the Document Management System (DMS) that were utilized to streamline the onboarding process and reduce delays, increased costs, and difficulties in respond",5,corpus_209eb8a4f449,0.5339,,33042a3e-5e8e-4375-b964-0fe2252e504c,legal
0001,0001_general_main_case_8b2,case_8b29225c97,general_main,14,"Could you elaborate on how the Document Management System (DMS) specifically handled the inconsistencies and delays in the onboarding process, and what tools or features were utilized for maintaining ",1,corpus_e97e4473aecb,0.5814,,33042a3e-5e8e-4375-b964-0fe2252e504c,legal
0001,0001_general_main_case_8b2,case_8b29225c97,general_main,14,"Could you elaborate on how the Document Management System (DMS) specifically handled the inconsistencies and delays in the onboarding process, and what tools or features were utilized for maintaining ",2,corpus_4574abe420cf,0.5558,,33042a3e-5e8e-4375-b964-0fe2252e504c,legal
0001,0001_general_main_case_8b2,case_8b29225c97,general_main,14,"Could you elaborate on how the Document Management System (DMS) specifically handled the inconsistencies and delays in the onboarding process, and what tools or features were utilized for maintaining ",3,corpus_08621c923ac5,0.5544,,33042a3e-5e8e-4375-b964-0fe2252e504c,legal
0001,0001_general_main_case_8b2,case_8b29225c97,general_main,14,"Could you elaborate on how the Document Management System (DMS) specifically handled the inconsistencies and delays in the onboarding process, and what tools or features were utilized for maintaining ",4,corpus_96f9ac4f9031,0.5402,,33042a3e-5e8e-4375-b964-0fe2252e504c,legal
0001,0001_general_main_case_8b2,case_8b29225c97,general_main,14,"Could you elaborate on how the Document Management System (DMS) specifically handled the inconsistencies and delays in the onboarding process, and what tools or features were utilized for maintaining ",5,corpus_209eb8a4f449,0.5339,,33042a3e-5e8e-4375-b964-0fe2252e504c,legal
0001,0001_coder_small_case_8b2,case_8b29225c97,coder_small,1,Could you tell me more about domain area?,1,corpus_aac24ae0a7b4,0.5717,,33042a3e-5e8e-4375-b964-0fe2252e504c,legal
0001,0001_coder_small_case_8b2,case_8b29225c97,coder_small,1,Could you tell me more about domain area?,2,corpus_3e160cb0a1d2,0.5649,,33042a3e-5e8e-4375-b964-0fe2252e504c,legal
0001,0001_coder_small_case_8b2,case_8b29225c97,coder_small,1,Could you tell me more about domain area?,3,corpus_e634e990f73f,0.5647,,33042a3e-5e8e-4375-b964-0fe2252e504c,legal
0001,0001_coder_small_case_8b2,case_8b29225c97,coder_small,1,Could you tell me more about domain area?,4,corpus_d29ad5e339af,0.5512,,33042a3e-5e8e-4375-b964-0fe2252e504c,legal
0001,0001_coder_small_case_8b2,case_8b29225c97,coder_small,1,Could you tell me more about domain area?,5,corpus_611c7d18c7d3,0.5509,,33042a3e-5e8e-4375-b964-0fe2252e504c,legal
0001,0001_coder_small_case_8b2,case_8b29225c97,coder_small,2,Could you tell me more about domain area?,1,corpus_aac24ae0a7b4,0.5717,,33042a3e-5e8e-4375-b964-0fe2252e504c,legal
0001,0001_coder_small_case_8b2,case_8b29225c97,coder_small,2,Could you tell me more about domain area?,2,corpus_3e160cb0a1d2,0.5649,,33042a3e-5e8e-4375-b964-0fe2252e504c,legal
0001,0001_coder_small_case_8b2,case_8b29225c97,coder_small,2,Could you tell me more about domain area?,3,corpus_e634e990f73f,0.5647,,33042a3e-5e8e-4375-b964-0fe2252e504c,legal
0001,0001_coder_small_case_8b2,case_8b29225c97,coder_small,2,Could you tell me more about domain area?,4,corpus_d29ad5e339af,0.5512,,33042a3e-5e8e-4375-b964-0fe2252e504c,legal
0001,0001_coder_small_case_8b2,case_8b29225c97,coder_small,2,Could you tell me more about domain area?,5,corpus_611c7d18c7d3,0.5509,,33042a3e-5e8e-4375-b964-0fe2252e504c,legal
0001,0001_coder_small_case_8b2,case_8b29225c97,coder_small,3,Could you tell me more about domain area?,1,corpus_aac24ae0a7b4,0.5717,,33042a3e-5e8e-4375-b964-0fe2252e504c,legal
0001,0001_coder_small_case_8b2,case_8b29225c97,coder_small,3,Could you tell me more about domain area?,2,corpus_3e160cb0a1d2,0.5649,,33042a3e-5e8e-4375-b964-0fe2252e504c,legal
0001,0001_coder_small_case_8b2,case_8b29225c97,coder_small,3,Could you tell me more about domain area?,3,corpus_e634e990f73f,0.5647,,33042a3e-5e8e-4375-b964-0fe2252e504c,legal
0001,0001_coder_small_case_8b2,case_8b29225c97,coder_small,3,Could you tell me more about domain area?,4,corpus_d29ad5e339af,0.5512,,33042a3e-5e8e-4375-b964-0fe2252e504c,legal
0001,0001_coder_small_case_8b2,case_8b29225c97,coder_small,3,Could you tell me more about domain area?,5,corpus_611c7d18c7d3,0.5509,,33042a3e-5e8e-4375-b964-0fe2252e504c,legal
0001,0001_coder_small_case_8b2,case_8b29225c97,coder_small,4,Could you provide more information about domain area?,1,corpus_10f78a871ce1,0.5518,,33042a3e-5e8e-4375-b964-0fe2252e504c,legal
0001,0001_coder_small_case_8b2,case_8b29225c97,coder_small,4,Could you provide more information about domain area?,2,corpus_938599616a6e,0.5465,,33042a3e-5e8e-4375-b964-0fe2252e504c,legal
0001,0001_coder_small_case_8b2,case_8b29225c97,coder_small,4,Could you provide more information about domain area?,3,corpus_aac24ae0a7b4,0.5361,,33042a3e-5e8e-4375-b964-0fe2252e504c,legal
0001,0001_coder_small_case_8b2,case_8b29225c97,coder_small,4,Could you provide more information about domain area?,4,corpus_b36b5568aa4c,0.5283,,33042a3e-5e8e-4375-b964-0fe2252e504c,legal
0001,0001_coder_small_case_8b2,case_8b29225c97,coder_small,4,Could you provide more information about domain area?,5,corpus_3714af7fed84,0.5247,,af4b9da3-16de-4510-a1cb-2a32e101c884,healthcare
0001,0001_coder_small_case_8b2,case_8b29225c97,coder_small,5,Could you tell me more about domain area?,1,corpus_aac24ae0a7b4,0.5717,,33042a3e-5e8e-4375-b964-0fe2252e504c,legal
0001,0001_coder_small_case_8b2,case_8b29225c97,coder_small,5,Could you tell me more about domain area?,2,corpus_3e160cb0a1d2,0.5649,,33042a3e-5e8e-4375-b964-0fe2252e504c,legal
0001,0001_coder_small_case_8b2,case_8b29225c97,coder_small,5,Could you tell me more about domain area?,3,corpus_e634e990f73f,0.5647,,33042a3e-5e8e-4375-b964-0fe2252e504c,legal
0001,0001_coder_small_case_8b2,case_8b29225c97,coder_small,5,Could you tell me more about domain area?,4,corpus_d29ad5e339af,0.5512,,33042a3e-5e8e-4375-b964-0fe2252e504c,legal
0001,0001_coder_small_case_8b2,case_8b29225c97,coder_small,5,Could you tell me more about domain area?,5,corpus_611c7d18c7d3,0.5509,,33042a3e-5e8e-4375-b964-0fe2252e504c,legal
0001,0001_coder_small_case_8b2,case_8b29225c97,coder_small,6,Could you provide more information about domain area?,1,corpus_10f78a871ce1,0.5518,,33042a3e-5e8e-4375-b964-0fe2252e504c,legal
0001,0001_coder_small_case_8b2,case_8b29225c97,coder_small,6,Could you provide more information about domain area?,2,corpus_938599616a6e,0.5465,,33042a3e-5e8e-4375-b964-0fe2252e504c,legal
0001,0001_coder_small_case_8b2,case_8b29225c97,coder_small,6,Could you provide more information about domain area?,3,corpus_aac24ae0a7b4,0.5361,,33042a3e-5e8e-4375-b964-0fe2252e504c,legal
0001,0001_coder_small_case_8b2,case_8b29225c97,coder_small,6,Could you provide more information about domain area?,4,corpus_b36b5568aa4c,0.5283,,33042a3e-5e8e-4375-b964-0fe2252e504c,legal
0001,0001_coder_small_case_8b2,case_8b29225c97,coder_small,6,Could you provide more information about domain area?,5,corpus_3714af7fed84,0.5247,,af4b9da3-16de-4510-a1cb-2a32e101c884,healthcare
0001,0001_coder_small_case_8b2,case_8b29225c97,coder_small,7,Could you tell me more about domain area?,1,corpus_aac24ae0a7b4,0.5717,,33042a3e-5e8e-4375-b964-0fe2252e504c,legal
0001,0001_coder_small_case_8b2,case_8b29225c97,coder_small,7,Could you tell me more about domain area?,2,corpus_3e160cb0a1d2,0.5649,,33042a3e-5e8e-4375-b964-0fe2252e504c,legal
0001,0001_coder_small_case_8b2,case_8b29225c97,coder_small,7,Could you tell me more about domain area?,3,corpus_e634e990f73f,0.5647,,33042a3e-5e8e-4375-b964-0fe2252e504c,legal
0001,0001_coder_small_case_8b2,case_8b29225c97,coder_small,7,Could you tell me more about domain area?,4,corpus_d29ad5e339af,0.5512,,33042a3e-5e8e-4375-b964-0fe2252e504c,legal
0001,0001_coder_small_case_8b2,case_8b29225c97,coder_small,7,Could you tell me more about domain area?,5,corpus_611c7d18c7d3,0.5509,,33042a3e-5e8e-4375-b964-0fe2252e504c,legal
0001,0001_coder_small_case_8b2,case_8b29225c97,coder_small,8,Could you tell me more about domain area?,1,corpus_aac24ae0a7b4,0.5717,,33042a3e-5e8e-4375-b964-0fe2252e504c,legal
0001,0001_coder_small_case_8b2,case_8b29225c97,coder_small,8,Could you tell me more about domain area?,2,corpus_3e160cb0a1d2,0.5649,,33042a3e-5e8e-4375-b964-0fe2252e504c,legal
0001,0001_coder_small_case_8b2,case_8b29225c97,coder_small,8,Could you tell me more about domain area?,3,corpus_e634e990f73f,0.5647,,33042a3e-5e8e-4375-b964-0fe2252e504c,legal
0001,0001_coder_small_case_8b2,case_8b29225c97,coder_small,8,Could you tell me more about domain area?,4,corpus_d29ad5e339af,0.5512,,33042a3e-5e8e-4375-b964-0fe2252e504c,legal
0001,0001_coder_small_case_8b2,case_8b29225c97,coder_small,8,Could you tell me more about domain area?,5,corpus_611c7d18c7d3,0.5509,,33042a3e-5e8e-4375-b964-0fe2252e504c,legal
0001,0001_coder_small_case_8b2,case_8b29225c97,coder_small,9,Could you please provide more information about domain area?,1,corpus_10f78a871ce1,0.5518,,33042a3e-5e8e-4375-b964-0fe2252e504c,legal
0001,0001_coder_small_case_8b2,case_8b29225c97,coder_small,9,Could you please provide more information about domain area?,2,corpus_938599616a6e,0.5465,,33042a3e-5e8e-4375-b964-0fe2252e504c,legal
0001,0001_coder_small_case_8b2,case_8b29225c97,coder_small,9,Could you please provide more information about domain area?,3,corpus_aac24ae0a7b4,0.5361,,33042a3e-5e8e-4375-b964-0fe2252e504c,legal
0001,0001_coder_small_case_8b2,case_8b29225c97,coder_small,9,Could you please provide more information about domain area?,4,corpus_b36b5568aa4c,0.5283,,33042a3e-5e8e-4375-b964-0fe2252e504c,legal
0001,0001_coder_small_case_8b2,case_8b29225c97,coder_small,9,Could you please provide more information about domain area?,5,corpus_3714af7fed84,0.5247,,af4b9da3-16de-4510-a1cb-2a32e101c884,healthcare
0001,0001_coder_small_case_8b2,case_8b29225c97,coder_small,10,Could you tell me more about domain area?,1,corpus_aac24ae0a7b4,0.5717,,33042a3e-5e8e-4375-b964-0fe2252e504c,legal
0001,0001_coder_small_case_8b2,case_8b29225c97,coder_small,10,Could you tell me more about domain area?,2,corpus_3e160cb0a1d2,0.5649,,33042a3e-5e8e-4375-b964-0fe2252e504c,legal
0001,0001_coder_small_case_8b2,case_8b29225c97,coder_small,10,Could you tell me more about domain area?,3,corpus_e634e990f73f,0.5647,,33042a3e-5e8e-4375-b964-0fe2252e504c,legal
0001,0001_coder_small_case_8b2,case_8b29225c97,coder_small,10,Could you tell me more about domain area?,4,corpus_d29ad5e339af,0.5512,,33042a3e-5e8e-4375-b964-0fe2252e504c,legal
0001,0001_coder_small_case_8b2,case_8b29225c97,coder_small,10,Could you tell me more about domain area?,5,corpus_611c7d18c7d3,0.5509,,33042a3e-5e8e-4375-b964-0fe2252e504c,legal
0001,0001_coder_small_case_8b2,case_8b29225c97,coder_small,11,Could you tell me more about domain area?,1,corpus_aac24ae0a7b4,0.5717,,33042a3e-5e8e-4375-b964-0fe2252e504c,legal
0001,0001_coder_small_case_8b2,case_8b29225c97,coder_small,11,Could you tell me more about domain area?,2,corpus_3e160cb0a1d2,0.5649,,33042a3e-5e8e-4375-b964-0fe2252e504c,legal
0001,0001_coder_small_case_8b2,case_8b29225c97,coder_small,11,Could you tell me more about domain area?,3,corpus_e634e990f73f,0.5647,,33042a3e-5e8e-4375-b964-0fe2252e504c,legal
0001,0001_coder_small_case_8b2,case_8b29225c97,coder_small,11,Could you tell me more about domain area?,4,corpus_d29ad5e339af,0.5512,,33042a3e-5e8e-4375-b964-0fe2252e504c,legal
0001,0001_coder_small_case_8b2,case_8b29225c97,coder_small,11,Could you tell me more about domain area?,5,corpus_611c7d18c7d3,0.5509,,33042a3e-5e8e-4375-b964-0fe2252e504c,legal
0001,0001_coder_small_case_8b2,case_8b29225c97,coder_small,12,How did the integration of EKM system enhance operational efficiency and fostered a more datadriven decisionmaking environment in the IT department?,1,corpus_b72c9c48ed78,0.579,,33042a3e-5e8e-4375-b964-0fe2252e504c,legal
0001,0001_coder_small_case_8b2,case_8b29225c97,coder_small,12,How did the integration of EKM system enhance operational efficiency and fostered a more datadriven decisionmaking environment in the IT department?,2,corpus_1d607fc437ea,0.564,,af4b9da3-16de-4510-a1cb-2a32e101c884,healthcare
0001,0001_coder_small_case_8b2,case_8b29225c97,coder_small,12,How did the integration of EKM system enhance operational efficiency and fostered a more datadriven decisionmaking environment in the IT department?,3,corpus_e97e4473aecb,0.5603,,33042a3e-5e8e-4375-b964-0fe2252e504c,legal
0001,0001_coder_small_case_8b2,case_8b29225c97,coder_small,12,How did the integration of EKM system enhance operational efficiency and fostered a more datadriven decisionmaking environment in the IT department?,4,corpus_3e160cb0a1d2,0.5591,,33042a3e-5e8e-4375-b964-0fe2252e504c,legal
0001,0001_coder_small_case_8b2,case_8b29225c97,coder_small,12,How did the integration of EKM system enhance operational efficiency and fostered a more datadriven decisionmaking environment in the IT department?,5,corpus_a4a10ef4ae34,0.557,,33042a3e-5e8e-4375-b964-0fe2252e504c,legal
0001,0001_coder_small_case_8b2,case_8b29225c97,coder_small,13,Could you explain how the integration of EKM system enhanced operational efficiency and fostered a more datadriven decisionmaking environment in the IT department?,1,corpus_3e160cb0a1d2,0.547,,33042a3e-5e8e-4375-b964-0fe2252e504c,legal
0001,0001_coder_small_case_8b2,case_8b29225c97,coder_small,13,Could you explain how the integration of EKM system enhanced operational efficiency and fostered a more datadriven decisionmaking environment in the IT department?,2,corpus_b36b5568aa4c,0.54,,33042a3e-5e8e-4375-b964-0fe2252e504c,legal
0001,0001_coder_small_case_8b2,case_8b29225c97,coder_small,13,Could you explain how the integration of EKM system enhanced operational efficiency and fostered a more datadriven decisionmaking environment in the IT department?,3,corpus_d13abd43c4d2,0.539,,33042a3e-5e8e-4375-b964-0fe2252e504c,legal
0001,0001_coder_small_case_8b2,case_8b29225c97,coder_small,13,Could you explain how the integration of EKM system enhanced operational efficiency and fostered a more datadriven decisionmaking environment in the IT department?,4,corpus_9e63a2fc48a5,0.5376,,33042a3e-5e8e-4375-b964-0fe2252e504c,legal
0001,0001_coder_small_case_8b2,case_8b29225c97,coder_small,13,Could you explain how the integration of EKM system enhanced operational efficiency and fostered a more datadriven decisionmaking environment in the IT department?,5,corpus_e97e4473aecb,0.5365,,33042a3e-5e8e-4375-b964-0fe2252e504c,legal
0001,0001_coder_small_case_8b2,case_8b29225c97,coder_small,14,Could you tell me more about primary challenge?,1,corpus_3e160cb0a1d2,0.547,,33042a3e-5e8e-4375-b964-0fe2252e504c,legal
0001,0001_coder_small_case_8b2,case_8b29225c97,coder_small,14,Could you tell me more about primary challenge?,2,corpus_b36b5568aa4c,0.54,,33042a3e-5e8e-4375-b964-0fe2252e504c,legal
0001,0001_coder_small_case_8b2,case_8b29225c97,coder_small,14,Could you tell me more about primary challenge?,3,corpus_d13abd43c4d2,0.539,,33042a3e-5e8e-4375-b964-0fe2252e504c,legal
0001,0001_coder_small_case_8b2,case_8b29225c97,coder_small,14,Could you tell me more about primary challenge?,4,corpus_9e63a2fc48a5,0.5376,,33042a3e-5e8e-4375-b964-0fe2252e504c,legal
0001,0001_coder_small_case_8b2,case_8b29225c97,coder_small,14,Could you tell me more about primary challenge?,5,corpus_e97e4473aecb,0.5365,,33042a3e-5e8e-4375-b964-0fe2252e504c,legal
0001,0001_coder_small_case_729,case_72932afe74,coder_small,1,Could you tell me more about domain area?,1,corpus_90ca70ad5555,0.5461,,33042a3e-5e8e-4375-b964-0fe2252e504c,legal
0001,0001_coder_small_case_729,case_72932afe74,coder_small,1,Could you tell me more about domain area?,2,corpus_9d5e2ec4aecd,0.5407,,e23add42-dc9f-4b46-aa21-ac722ae16c36,retail
0001,0001_coder_small_case_729,case_72932afe74,coder_small,1,Could you tell me more about domain area?,3,corpus_9bf0a0dbce6d,0.5322,,33042a3e-5e8e-4375-b964-0fe2252e504c,legal
0001,0001_coder_small_case_729,case_72932afe74,coder_small,1,Could you tell me more about domain area?,4,corpus_7f283b2eb59f,0.5189,,33042a3e-5e8e-4375-b964-0fe2252e504c,legal
0001,0001_coder_small_case_729,case_72932afe74,coder_small,1,Could you tell me more about domain area?,5,corpus_4b47604ce9b7,0.518,,33042a3e-5e8e-4375-b964-0fe2252e504c,legal
0001,0001_coder_small_case_729,case_72932afe74,coder_small,2,What was the initial issue with the improved knowledge sharing in your team? Did you have any specific challenges or obstacles that prevented your team from addressing the issue?,1,corpus_4709625e9a6d,0.5462,,33042a3e-5e8e-4375-b964-0fe2252e504c,legal
0001,0001_coder_small_case_729,case_72932afe74,coder_small,2,What was the initial issue with the improved knowledge sharing in your team? Did you have any specific challenges or obstacles that prevented your team from addressing the issue?,2,corpus_b63b93d7463a,0.5392,,33042a3e-5e8e-4375-b964-0fe2252e504c,legal
0001,0001_coder_small_case_729,case_72932afe74,coder_small,2,What was the initial issue with the improved knowledge sharing in your team? Did you have any specific challenges or obstacles that prevented your team from addressing the issue?,3,corpus_9bf0a0dbce6d,0.5368,,33042a3e-5e8e-4375-b964-0fe2252e504c,legal
0001,0001_coder_small_case_729,case_72932afe74,coder_small,2,What was the initial issue with the improved knowledge sharing in your team? Did you have any specific challenges or obstacles that prevented your team from addressing the issue?,4,corpus_972dc4d8c499,0.5275,,33042a3e-5e8e-4375-b964-0fe2252e504c,legal
0001,0001_coder_small_case_729,case_72932afe74,coder_small,2,What was the initial issue with the improved knowledge sharing in your team? Did you have any specific challenges or obstacles that prevented your team from addressing the issue?,5,corpus_598fb7d8bb20,0.5233,,33042a3e-5e8e-4375-b964-0fe2252e504c,legal
0001,0001_coder_small_case_729,case_72932afe74,coder_small,3,Could you tell me more about root cause?,1,corpus_90ca70ad5555,0.5461,,33042a3e-5e8e-4375-b964-0fe2252e504c,legal
0001,0001_coder_small_case_729,case_72932afe74,coder_small,3,Could you tell me more about root cause?,2,corpus_9d5e2ec4aecd,0.5407,,e23add42-dc9f-4b46-aa21-ac722ae16c36,retail
0001,0001_coder_small_case_729,case_72932afe74,coder_small,3,Could you tell me more about root cause?,3,corpus_9bf0a0dbce6d,0.5322,,33042a3e-5e8e-4375-b964-0fe2252e504c,legal
0001,0001_coder_small_case_729,case_72932afe74,coder_small,3,Could you tell me more about root cause?,4,corpus_7f283b2eb59f,0.5189,,33042a3e-5e8e-4375-b964-0fe2252e504c,legal
0001,0001_coder_small_case_729,case_72932afe74,coder_small,3,Could you tell me more about root cause?,5,corpus_4b47604ce9b7,0.518,,33042a3e-5e8e-4375-b964-0fe2252e504c,legal
0001,0001_coder_small_case_729,case_72932afe74,coder_small,4,Could you tell me more about root cause?,1,corpus_90ca70ad5555,0.5461,,33042a3e-5e8e-4375-b964-0fe2252e504c,legal
0001,0001_coder_small_case_729,case_72932afe74,coder_small,4,Could you tell me more about root cause?,2,corpus_9d5e2ec4aecd,0.5407,,e23add42-dc9f-4b46-aa21-ac722ae16c36,retail
0001,0001_coder_small_case_729,case_72932afe74,coder_small,4,Could you tell me more about root cause?,3,corpus_9bf0a0dbce6d,0.5322,,33042a3e-5e8e-4375-b964-0fe2252e504c,legal
0001,0001_coder_small_case_729,case_72932afe74,coder_small,4,Could you tell me more about root cause?,4,corpus_7f283b2eb59f,0.5189,,33042a3e-5e8e-4375-b964-0fe2252e504c,legal
0001,0001_coder_small_case_729,case_72932afe74,coder_small,4,Could you tell me more about root cause?,5,corpus_4b47604ce9b7,0.518,,33042a3e-5e8e-4375-b964-0fe2252e504c,legal
0001,0001_coder_small_case_729,case_72932afe74,coder_small,5,Could you tell me more about root cause?,1,corpus_90ca70ad5555,0.5461,,33042a3e-5e8e-4375-b964-0fe2252e504c,legal
0001,0001_coder_small_case_729,case_72932afe74,coder_small,5,Could you tell me more about root cause?,2,corpus_9d5e2ec4aecd,0.5407,,e23add42-dc9f-4b46-aa21-ac722ae16c36,retail
0001,0001_coder_small_case_729,case_72932afe74,coder_small,5,Could you tell me more about root cause?,3,corpus_9bf0a0dbce6d,0.5322,,33042a3e-5e8e-4375-b964-0fe2252e504c,legal
0001,0001_coder_small_case_729,case_72932afe74,coder_small,5,Could you tell me more about root cause?,4,corpus_7f283b2eb59f,0.5189,,33042a3e-5e8e-4375-b964-0fe2252e504c,legal
0001,0001_coder_small_case_729,case_72932afe74,coder_small,5,Could you tell me more about root cause?,5,corpus_4b47604ce9b7,0.518,,33042a3e-5e8e-4375-b964-0fe2252e504c,legal
0001,0001_coder_small_case_729,case_72932afe74,coder_small,6,Could you provide more context or evidence about the initial issue with the improved knowledge sharing in your team? Did you have any specific challenges or obstacles that prevented your team from add,1,corpus_4709625e9a6d,0.5462,,33042a3e-5e8e-4375-b964-0fe2252e504c,legal
0001,0001_coder_small_case_729,case_72932afe74,coder_small,6,Could you provide more context or evidence about the initial issue with the improved knowledge sharing in your team? Did you have any specific challenges or obstacles that prevented your team from add,2,corpus_b63b93d7463a,0.5392,,33042a3e-5e8e-4375-b964-0fe2252e504c,legal
0001,0001_coder_small_case_729,case_72932afe74,coder_small,6,Could you provide more context or evidence about the initial issue with the improved knowledge sharing in your team? Did you have any specific challenges or obstacles that prevented your team from add,3,corpus_9bf0a0dbce6d,0.5368,,33042a3e-5e8e-4375-b964-0fe2252e504c,legal
0001,0001_coder_small_case_729,case_72932afe74,coder_small,6,Could you provide more context or evidence about the initial issue with the improved knowledge sharing in your team? Did you have any specific challenges or obstacles that prevented your team from add,4,corpus_972dc4d8c499,0.5275,,33042a3e-5e8e-4375-b964-0fe2252e504c,legal
0001,0001_coder_small_case_729,case_72932afe74,coder_small,6,Could you provide more context or evidence about the initial issue with the improved knowledge sharing in your team? Did you have any specific challenges or obstacles that prevented your team from add,5,corpus_598fb7d8bb20,0.5233,,33042a3e-5e8e-4375-b964-0fe2252e504c,legal
0001,0001_coder_small_case_729,case_72932afe74,coder_small,7,What was the initial issue with the improved knowledge sharing in your team? Did you have any specific challenges or obstacles that prevented your team from addressing the issue?,1,corpus_4709625e9a6d,0.5462,,33042a3e-5e8e-4375-b964-0fe2252e504c,legal
0001,0001_coder_small_case_729,case_72932afe74,coder_small,7,What was the initial issue with the improved knowledge sharing in your team? Did you have any specific challenges or obstacles that prevented your team from addressing the issue?,2,corpus_b63b93d7463a,0.5392,,33042a3e-5e8e-4375-b964-0fe2252e504c,legal
0001,0001_coder_small_case_729,case_72932afe74,coder_small,7,What was the initial issue with the improved knowledge sharing in your team? Did you have any specific challenges or obstacles that prevented your team from addressing the issue?,3,corpus_9bf0a0dbce6d,0.5368,,33042a3e-5e8e-4375-b964-0fe2252e504c,legal
0001,0001_coder_small_case_729,case_72932afe74,coder_small,7,What was the initial issue with the improved knowledge sharing in your team? Did you have any specific challenges or obstacles that prevented your team from addressing the issue?,4,corpus_972dc4d8c499,0.5275,,33042a3e-5e8e-4375-b964-0fe2252e504c,legal
0001,0001_coder_small_case_729,case_72932afe74,coder_small,7,What was the initial issue with the improved knowledge sharing in your team? Did you have any specific challenges or obstacles that prevented your team from addressing the issue?,5,corpus_598fb7d8bb20,0.5233,,33042a3e-5e8e-4375-b964-0fe2252e504c,legal
0001,0001_coder_small_case_729,case_72932afe74,coder_small,8,Could you tell me more about root cause?,1,corpus_90ca70ad5555,0.5461,,33042a3e-5e8e-4375-b964-0fe2252e504c,legal
0001,0001_coder_small_case_729,case_72932afe74,coder_small,8,Could you tell me more about root cause?,2,corpus_9d5e2ec4aecd,0.5407,,e23add42-dc9f-4b46-aa21-ac722ae16c36,retail
0001,0001_coder_small_case_729,case_72932afe74,coder_small,8,Could you tell me more about root cause?,3,corpus_9bf0a0dbce6d,0.5322,,33042a3e-5e8e-4375-b964-0fe2252e504c,legal
0001,0001_coder_small_case_729,case_72932afe74,coder_small,8,Could you tell me more about root cause?,4,corpus_7f283b2eb59f,0.5189,,33042a3e-5e8e-4375-b964-0fe2252e504c,legal
0001,0001_coder_small_case_729,case_72932afe74,coder_small,8,Could you tell me more about root cause?,5,corpus_4b47604ce9b7,0.518,,33042a3e-5e8e-4375-b964-0fe2252e504c,legal
0001,0001_coder_small_case_729,case_72932afe74,coder_small,9,Could you please provide more context or evidence about the initial issue with the improved knowledge sharing in your team? Did you have any specific challenges or obstacles that prevented your team f,1,corpus_4abfbd0e94db,0.5878,,af4b9da3-16de-4510-a1cb-2a32e101c884,healthcare
0001,0001_coder_small_case_729,case_72932afe74,coder_small,9,Could you please provide more context or evidence about the initial issue with the improved knowledge sharing in your team? Did you have any specific challenges or obstacles that prevented your team f,2,corpus_6ba9cedfd395,0.5735,,33042a3e-5e8e-4375-b964-0fe2252e504c,legal
0001,0001_coder_small_case_729,case_72932afe74,coder_small,9,Could you please provide more context or evidence about the initial issue with the improved knowledge sharing in your team? Did you have any specific challenges or obstacles that prevented your team f,3,corpus_4757baf89dee,0.5407,,33042a3e-5e8e-4375-b964-0fe2252e504c,legal
0001,0001_coder_small_case_729,case_72932afe74,coder_small,9,Could you please provide more context or evidence about the initial issue with the improved knowledge sharing in your team? Did you have any specific challenges or obstacles that prevented your team f,4,corpus_9cfdf1737cea,0.5387,,33042a3e-5e8e-4375-b964-0fe2252e504c,legal
0001,0001_coder_small_case_729,case_72932afe74,coder_small,9,Could you please provide more context or evidence about the initial issue with the improved knowledge sharing in your team? Did you have any specific challenges or obstacles that prevented your team f,5,corpus_f29a271153e9,0.5381,,33042a3e-5e8e-4375-b964-0fe2252e504c,legal
0001,0001_coder_small_case_729,case_72932afe74,coder_small,10,Could you tell me more about primary challenge?,1,corpus_4b47604ce9b7,0.5841,,33042a3e-5e8e-4375-b964-0fe2252e504c,legal
0001,0001_coder_small_case_729,case_72932afe74,coder_small,10,Could you tell me more about primary challenge?,2,corpus_f2a638834dda,0.5758,,33042a3e-5e8e-4375-b964-0fe2252e504c,legal
0001,0001_coder_small_case_729,case_72932afe74,coder_small,10,Could you tell me more about primary challenge?,3,corpus_d0300aec13ed,0.5622,,33042a3e-5e8e-4375-b964-0fe2252e504c,legal
0001,0001_coder_small_case_729,case_72932afe74,coder_small,10,Could you tell me more about primary challenge?,4,corpus_5a5c3f1d0c71,0.5544,,af4b9da3-16de-4510-a1cb-2a32e101c884,healthcare
0001,0001_coder_small_case_729,case_72932afe74,coder_small,10,Could you tell me more about primary challenge?,5,corpus_598fb7d8bb20,0.551,,33042a3e-5e8e-4375-b964-0fe2252e504c,legal
0001,0001_coder_small_case_729,case_72932afe74,coder_small,11,What was the initial issue with the improved knowledge sharing in your team? Did you have any specific challenges or obstacles that prevented your team from addressing the issue?,1,corpus_4709625e9a6d,0.5462,,33042a3e-5e8e-4375-b964-0fe2252e504c,legal
0001,0001_coder_small_case_729,case_72932afe74,coder_small,11,What was the initial issue with the improved knowledge sharing in your team? Did you have any specific challenges or obstacles that prevented your team from addressing the issue?,2,corpus_b63b93d7463a,0.5392,,33042a3e-5e8e-4375-b964-0fe2252e504c,legal
0001,0001_coder_small_case_729,case_72932afe74,coder_small,11,What was the initial issue with the improved knowledge sharing in your team? Did you have any specific challenges or obstacles that prevented your team from addressing the issue?,3,corpus_9bf0a0dbce6d,0.5368,,33042a3e-5e8e-4375-b964-0fe2252e504c,legal
0001,0001_coder_small_case_729,case_72932afe74,coder_small,11,What was the initial issue with the improved knowledge sharing in your team? Did you have any specific challenges or obstacles that prevented your team from addressing the issue?,4,corpus_972dc4d8c499,0.5275,,33042a3e-5e8e-4375-b964-0fe2252e504c,legal
0001,0001_coder_small_case_729,case_72932afe74,coder_small,11,What was the initial issue with the improved knowledge sharing in your team? Did you have any specific challenges or obstacles that prevented your team from addressing the issue?,5,corpus_598fb7d8bb20,0.5233,,33042a3e-5e8e-4375-b964-0fe2252e504c,legal
0001,0001_coder_small_case_729,case_72932afe74,coder_small,12,Could you tell me more about primary challenge?,1,corpus_4b47604ce9b7,0.5841,,33042a3e-5e8e-4375-b964-0fe2252e504c,legal
0001,0001_coder_small_case_729,case_72932afe74,coder_small,12,Could you tell me more about primary challenge?,2,corpus_f2a638834dda,0.5758,,33042a3e-5e8e-4375-b964-0fe2252e504c,legal
0001,0001_coder_small_case_729,case_72932afe74,coder_small,12,Could you tell me more about primary challenge?,3,corpus_d0300aec13ed,0.5622,,33042a3e-5e8e-4375-b964-0fe2252e504c,legal
0001,0001_coder_small_case_729,case_72932afe74,coder_small,12,Could you tell me more about primary challenge?,4,corpus_5a5c3f1d0c71,0.5544,,af4b9da3-16de-4510-a1cb-2a32e101c884,healthcare
0001,0001_coder_small_case_729,case_72932afe74,coder_small,12,Could you tell me more about primary challenge?,5,corpus_598fb7d8bb20,0.551,,33042a3e-5e8e-4375-b964-0fe2252e504c,legal
0001,0001_coder_small_case_729,case_72932afe74,coder_small,13,Could you provide more context or evidence about the initial issue with the improved knowledge sharing in your team? Did you have any specific challenges or obstacles that prevented your team from add,1,corpus_4709625e9a6d,0.5462,,33042a3e-5e8e-4375-b964-0fe2252e504c,legal
0001,0001_coder_small_case_729,case_72932afe74,coder_small,13,Could you provide more context or evidence about the initial issue with the improved knowledge sharing in your team? Did you have any specific challenges or obstacles that prevented your team from add,2,corpus_b63b93d7463a,0.5392,,33042a3e-5e8e-4375-b964-0fe2252e504c,legal
0001,0001_coder_small_case_729,case_72932afe74,coder_small,13,Could you provide more context or evidence about the initial issue with the improved knowledge sharing in your team? Did you have any specific challenges or obstacles that prevented your team from add,3,corpus_9bf0a0dbce6d,0.5368,,33042a3e-5e8e-4375-b964-0fe2252e504c,legal
0001,0001_coder_small_case_729,case_72932afe74,coder_small,13,Could you provide more context or evidence about the initial issue with the improved knowledge sharing in your team? Did you have any specific challenges or obstacles that prevented your team from add,4,corpus_972dc4d8c499,0.5275,,33042a3e-5e8e-4375-b964-0fe2252e504c,legal
0001,0001_coder_small_case_729,case_72932afe74,coder_small,13,Could you provide more context or evidence about the initial issue with the improved knowledge sharing in your team? Did you have any specific challenges or obstacles that prevented your team from add,5,corpus_598fb7d8bb20,0.5233,,33042a3e-5e8e-4375-b964-0fe2252e504c,legal
0001,0001_coder_small_case_729,case_72932afe74,coder_small,14,What were the initial challenges with the improved knowledge sharing in your team? Did you have any specific challenges or obstacles that prevented your team from addressing the issue?,1,corpus_4709625e9a6d,0.5462,,33042a3e-5e8e-4375-b964-0fe2252e504c,legal
0001,0001_coder_small_case_729,case_72932afe74,coder_small,14,What were the initial challenges with the improved knowledge sharing in your team? Did you have any specific challenges or obstacles that prevented your team from addressing the issue?,2,corpus_b63b93d7463a,0.5392,,33042a3e-5e8e-4375-b964-0fe2252e504c,legal
0001,0001_coder_small_case_729,case_72932afe74,coder_small,14,What were the initial challenges with the improved knowledge sharing in your team? Did you have any specific challenges or obstacles that prevented your team from addressing the issue?,3,corpus_9bf0a0dbce6d,0.5368,,33042a3e-5e8e-4375-b964-0fe2252e504c,legal
0001,0001_coder_small_case_729,case_72932afe74,coder_small,14,What were the initial challenges with the improved knowledge sharing in your team? Did you have any specific challenges or obstacles that prevented your team from addressing the issue?,4,corpus_972dc4d8c499,0.5275,,33042a3e-5e8e-4375-b964-0fe2252e504c,legal
0001,0001_coder_small_case_729,case_72932afe74,coder_small,14,What were the initial challenges with the improved knowledge sharing in your team? Did you have any specific challenges or obstacles that prevented your team from addressing the issue?,5,corpus_598fb7d8bb20,0.5233,,33042a3e-5e8e-4375-b964-0fe2252e504c,legal
0001,0001_coder_small_case_8b2,case_8b29225c97,coder_small,1,Could you tell me more about domain area?,1,corpus_aac24ae0a7b4,0.5717,,33042a3e-5e8e-4375-b964-0fe2252e504c,legal
0001,0001_coder_small_case_8b2,case_8b29225c97,coder_small,1,Could you tell me more about domain area?,2,corpus_3e160cb0a1d2,0.5649,,33042a3e-5e8e-4375-b964-0fe2252e504c,legal
0001,0001_coder_small_case_8b2,case_8b29225c97,coder_small,1,Could you tell me more about domain area?,3,corpus_e634e990f73f,0.5647,,33042a3e-5e8e-4375-b964-0fe2252e504c,legal
0001,0001_coder_small_case_8b2,case_8b29225c97,coder_small,1,Could you tell me more about domain area?,4,corpus_d29ad5e339af,0.5512,,33042a3e-5e8e-4375-b964-0fe2252e504c,legal
0001,0001_coder_small_case_8b2,case_8b29225c97,coder_small,1,Could you tell me more about domain area?,5,corpus_611c7d18c7d3,0.5509,,33042a3e-5e8e-4375-b964-0fe2252e504c,legal
0001,0001_coder_small_case_8b2,case_8b29225c97,coder_small,2,Could you tell me more about domain area?,1,corpus_aac24ae0a7b4,0.5717,,33042a3e-5e8e-4375-b964-0fe2252e504c,legal
0001,0001_coder_small_case_8b2,case_8b29225c97,coder_small,2,Could you tell me more about domain area?,2,corpus_3e160cb0a1d2,0.5649,,33042a3e-5e8e-4375-b964-0fe2252e504c,legal
0001,0001_coder_small_case_8b2,case_8b29225c97,coder_small,2,Could you tell me more about domain area?,3,corpus_e634e990f73f,0.5647,,33042a3e-5e8e-4375-b964-0fe2252e504c,legal
0001,0001_coder_small_case_8b2,case_8b29225c97,coder_small,2,Could you tell me more about domain area?,4,corpus_d29ad5e339af,0.5512,,33042a3e-5e8e-4375-b964-0fe2252e504c,legal
0001,0001_coder_small_case_8b2,case_8b29225c97,coder_small,2,Could you tell me more about domain area?,5,corpus_611c7d18c7d3,0.5509,,33042a3e-5e8e-4375-b964-0fe2252e504c,legal
0001,0001_coder_small_case_8b2,case_8b29225c97,coder_small,3,Could you tell me more about domain area?,1,corpus_aac24ae0a7b4,0.5717,,33042a3e-5e8e-4375-b964-0fe2252e504c,legal
0001,0001_coder_small_case_8b2,case_8b29225c97,coder_small,3,Could you tell me more about domain area?,2,corpus_3e160cb0a1d2,0.5649,,33042a3e-5e8e-4375-b964-0fe2252e504c,legal
0001,0001_coder_small_case_8b2,case_8b29225c97,coder_small,3,Could you tell me more about domain area?,3,corpus_e634e990f73f,0.5647,,33042a3e-5e8e-4375-b964-0fe2252e504c,legal
0001,0001_coder_small_case_8b2,case_8b29225c97,coder_small,3,Could you tell me more about domain area?,4,corpus_d29ad5e339af,0.5512,,33042a3e-5e8e-4375-b964-0fe2252e504c,legal
0001,0001_coder_small_case_8b2,case_8b29225c97,coder_small,3,Could you tell me more about domain area?,5,corpus_611c7d18c7d3,0.5509,,33042a3e-5e8e-4375-b964-0fe2252e504c,legal
0001,0001_coder_small_case_8b2,case_8b29225c97,coder_small,4,Could you tell me more about domain area?,1,corpus_aac24ae0a7b4,0.5717,,33042a3e-5e8e-4375-b964-0fe2252e504c,legal
0001,0001_coder_small_case_8b2,case_8b29225c97,coder_small,4,Could you tell me more about domain area?,2,corpus_3e160cb0a1d2,0.5649,,33042a3e-5e8e-4375-b964-0fe2252e504c,legal
0001,0001_coder_small_case_8b2,case_8b29225c97,coder_small,4,Could you tell me more about domain area?,3,corpus_e634e990f73f,0.5647,,33042a3e-5e8e-4375-b964-0fe2252e504c,legal
0001,0001_coder_small_case_8b2,case_8b29225c97,coder_small,4,Could you tell me more about domain area?,4,corpus_d29ad5e339af,0.5512,,33042a3e-5e8e-4375-b964-0fe2252e504c,legal
0001,0001_coder_small_case_8b2,case_8b29225c97,coder_small,4,Could you tell me more about domain area?,5,corpus_611c7d18c7d3,0.5509,,33042a3e-5e8e-4375-b964-0fe2252e504c,legal
0001,0001_coder_small_case_8b2,case_8b29225c97,coder_small,5,Could you tell me more about domain area?,1,corpus_aac24ae0a7b4,0.5717,,33042a3e-5e8e-4375-b964-0fe2252e504c,legal
0001,0001_coder_small_case_8b2,case_8b29225c97,coder_small,5,Could you tell me more about domain area?,2,corpus_3e160cb0a1d2,0.5649,,33042a3e-5e8e-4375-b964-0fe2252e504c,legal
0001,0001_coder_small_case_8b2,case_8b29225c97,coder_small,5,Could you tell me more about domain area?,3,corpus_e634e990f73f,0.5647,,33042a3e-5e8e-4375-b964-0fe2252e504c,legal
0001,0001_coder_small_case_8b2,case_8b29225c97,coder_small,5,Could you tell me more about domain area?,4,corpus_d29ad5e339af,0.5512,,33042a3e-5e8e-4375-b964-0fe2252e504c,legal
0001,0001_coder_small_case_8b2,case_8b29225c97,coder_small,5,Could you tell me more about domain area?,5,corpus_611c7d18c7d3,0.5509,,33042a3e-5e8e-4375-b964-0fe2252e504c,legal
0001,0001_coder_small_case_8b2,case_8b29225c97,coder_small,6,Could you tell me more about domain area?,1,corpus_aac24ae0a7b4,0.5717,,33042a3e-5e8e-4375-b964-0fe2252e504c,legal
0001,0001_coder_small_case_8b2,case_8b29225c97,coder_small,6,Could you tell me more about domain area?,2,corpus_3e160cb0a1d2,0.5649,,33042a3e-5e8e-4375-b964-0fe2252e504c,legal
0001,0001_coder_small_case_8b2,case_8b29225c97,coder_small,6,Could you tell me more about domain area?,3,corpus_e634e990f73f,0.5647,,33042a3e-5e8e-4375-b964-0fe2252e504c,legal
0001,0001_coder_small_case_8b2,case_8b29225c97,coder_small,6,Could you tell me more about domain area?,4,corpus_d29ad5e339af,0.5512,,33042a3e-5e8e-4375-b964-0fe2252e504c,legal
0001,0001_coder_small_case_8b2,case_8b29225c97,coder_small,6,Could you tell me more about domain area?,5,corpus_611c7d18c7d3,0.5509,,33042a3e-5e8e-4375-b964-0fe2252e504c,legal
0001,0001_coder_small_case_8b2,case_8b29225c97,coder_small,7,Could you tell me more about domain area?,1,corpus_aac24ae0a7b4,0.5717,,33042a3e-5e8e-4375-b964-0fe2252e504c,legal
0001,0001_coder_small_case_8b2,case_8b29225c97,coder_small,7,Could you tell me more about domain area?,2,corpus_3e160cb0a1d2,0.5649,,33042a3e-5e8e-4375-b964-0fe2252e504c,legal
0001,0001_coder_small_case_8b2,case_8b29225c97,coder_small,7,Could you tell me more about domain area?,3,corpus_e634e990f73f,0.5647,,33042a3e-5e8e-4375-b964-0fe2252e504c,legal
0001,0001_coder_small_case_8b2,case_8b29225c97,coder_small,7,Could you tell me more about domain area?,4,corpus_d29ad5e339af,0.5512,,33042a3e-5e8e-4375-b964-0fe2252e504c,legal
0001,0001_coder_small_case_8b2,case_8b29225c97,coder_small,7,Could you tell me more about domain area?,5,corpus_611c7d18c7d3,0.5509,,33042a3e-5e8e-4375-b964-0fe2252e504c,legal
0001,0001_coder_small_case_8b2,case_8b29225c97,coder_small,8,What was the primary challenge faced in crossdepartmental knowledge transfer within the IT department? This problem requires understanding the impact of siloed SharePoint instances and the AIpowered s,1,corpus_4b47604ce9b7,0.6411,,33042a3e-5e8e-4375-b964-0fe2252e504c,legal
0001,0001_coder_small_case_8b2,case_8b29225c97,coder_small,8,What was the primary challenge faced in crossdepartmental knowledge transfer within the IT department? This problem requires understanding the impact of siloed SharePoint instances and the AIpowered s,2,corpus_f3266ad28daf,0.6279,,33042a3e-5e8e-4375-b964-0fe2252e504c,legal
0001,0001_coder_small_case_8b2,case_8b29225c97,coder_small,8,What was the primary challenge faced in crossdepartmental knowledge transfer within the IT department? This problem requires understanding the impact of siloed SharePoint instances and the AIpowered s,3,corpus_3cff9ce2ea6e,0.6085,,33042a3e-5e8e-4375-b964-0fe2252e504c,legal
0001,0001_coder_small_case_8b2,case_8b29225c97,coder_small,8,What was the primary challenge faced in crossdepartmental knowledge transfer within the IT department? This problem requires understanding the impact of siloed SharePoint instances and the AIpowered s,4,corpus_aac24ae0a7b4,0.6071,,33042a3e-5e8e-4375-b964-0fe2252e504c,legal
0001,0001_coder_small_case_8b2,case_8b29225c97,coder_small,8,What was the primary challenge faced in crossdepartmental knowledge transfer within the IT department? This problem requires understanding the impact of siloed SharePoint instances and the AIpowered s,5,corpus_b28a48c34168,0.6063,,33042a3e-5e8e-4375-b964-0fe2252e504c,legal
0001,0001_coder_small_case_8b2,case_8b29225c97,coder_small,9,What was the primary challenge faced in crossdepartmental knowledge transfer within the IT department? This problem requires understanding the impact of siloed SharePoint instances and the AIpowered s,1,corpus_4b47604ce9b7,0.6411,,33042a3e-5e8e-4375-b964-0fe2252e504c,legal
0001,0001_coder_small_case_8b2,case_8b29225c97,coder_small,9,What was the primary challenge faced in crossdepartmental knowledge transfer within the IT department? This problem requires understanding the impact of siloed SharePoint instances and the AIpowered s,2,corpus_f3266ad28daf,0.6279,,33042a3e-5e8e-4375-b964-0fe2252e504c,legal
0001,0001_coder_small_case_8b2,case_8b29225c97,coder_small,9,What was the primary challenge faced in crossdepartmental knowledge transfer within the IT department? This problem requires understanding the impact of siloed SharePoint instances and the AIpowered s,3,corpus_3cff9ce2ea6e,0.6085,,33042a3e-5e8e-4375-b964-0fe2252e504c,legal
0001,0001_coder_small_case_8b2,case_8b29225c97,coder_small,9,What was the primary challenge faced in crossdepartmental knowledge transfer within the IT department? This problem requires understanding the impact of siloed SharePoint instances and the AIpowered s,4,corpus_aac24ae0a7b4,0.6071,,33042a3e-5e8e-4375-b964-0fe2252e504c,legal
0001,0001_coder_small_case_8b2,case_8b29225c97,coder_small,9,What was the primary challenge faced in crossdepartmental knowledge transfer within the IT department? This problem requires understanding the impact of siloed SharePoint instances and the AIpowered s,5,corpus_b28a48c34168,0.6063,,33042a3e-5e8e-4375-b964-0fe2252e504c,legal
0001,0001_coder_small_case_8b2,case_8b29225c97,coder_small,10,What was the primary challenge faced in crossdepartmental knowledge transfer within the IT department?,1,corpus_f3266ad28daf,0.5702,,33042a3e-5e8e-4375-b964-0fe2252e504c,legal
0001,0001_coder_small_case_8b2,case_8b29225c97,coder_small,10,What was the primary challenge faced in crossdepartmental knowledge transfer within the IT department?,2,corpus_4b47604ce9b7,0.5702,,33042a3e-5e8e-4375-b964-0fe2252e504c,legal
0001,0001_coder_small_case_8b2,case_8b29225c97,coder_small,10,What was the primary challenge faced in crossdepartmental knowledge transfer within the IT department?,3,corpus_4dcf69bf62d5,0.5565,,33042a3e-5e8e-4375-b964-0fe2252e504c,legal
0001,0001_coder_small_case_8b2,case_8b29225c97,coder_small,10,What was the primary challenge faced in crossdepartmental knowledge transfer within the IT department?,4,corpus_c82afd41f260,0.5412,,33042a3e-5e8e-4375-b964-0fe2252e504c,legal
0001,0001_coder_small_case_8b2,case_8b29225c97,coder_small,10,What was the primary challenge faced in crossdepartmental knowledge transfer within the IT department?,5,corpus_b36b5568aa4c,0.5401,,33042a3e-5e8e-4375-b964-0fe2252e504c,legal
0001,0001_coder_small_case_8b2,case_8b29225c97,coder_small,11,What was the primary challenge faced in crossdepartmental knowledge transfer within the IT department? This problem requires understanding the impact of siloed SharePoint instances and the AIpowered s,1,corpus_4b47604ce9b7,0.6411,,33042a3e-5e8e-4375-b964-0fe2252e504c,legal
0001,0001_coder_small_case_8b2,case_8b29225c97,coder_small,11,What was the primary challenge faced in crossdepartmental knowledge transfer within the IT department? This problem requires understanding the impact of siloed SharePoint instances and the AIpowered s,2,corpus_f3266ad28daf,0.6279,,33042a3e-5e8e-4375-b964-0fe2252e504c,legal
0001,0001_coder_small_case_8b2,case_8b29225c97,coder_small,11,What was the primary challenge faced in crossdepartmental knowledge transfer within the IT department? This problem requires understanding the impact of siloed SharePoint instances and the AIpowered s,3,corpus_3cff9ce2ea6e,0.6085,,33042a3e-5e8e-4375-b964-0fe2252e504c,legal
0001,0001_coder_small_case_8b2,case_8b29225c97,coder_small,11,What was the primary challenge faced in crossdepartmental knowledge transfer within the IT department? This problem requires understanding the impact of siloed SharePoint instances and the AIpowered s,4,corpus_aac24ae0a7b4,0.6071,,33042a3e-5e8e-4375-b964-0fe2252e504c,legal
0001,0001_coder_small_case_8b2,case_8b29225c97,coder_small,11,What was the primary challenge faced in crossdepartmental knowledge transfer within the IT department? This problem requires understanding the impact of siloed SharePoint instances and the AIpowered s,5,corpus_b28a48c34168,0.6063,,33042a3e-5e8e-4375-b964-0fe2252e504c,legal
0001,0001_coder_small_case_8b2,case_8b29225c97,coder_small,12,Could you tell me more about primary challenge?,1,corpus_76e7114db21a,0.5433,,33042a3e-5e8e-4375-b964-0fe2252e504c,legal
0001,0001_coder_small_case_8b2,case_8b29225c97,coder_small,12,Could you tell me more about primary challenge?,2,corpus_296f0c49df07,0.5415,,33042a3e-5e8e-4375-b964-0fe2252e504c,legal
0001,0001_coder_small_case_8b2,case_8b29225c97,coder_small,12,Could you tell me more about primary challenge?,3,corpus_7d50834d4b2a,0.5339,,af4b9da3-16de-4510-a1cb-2a32e101c884,healthcare
0001,0001_coder_small_case_8b2,case_8b29225c97,coder_small,12,Could you tell me more about primary challenge?,4,corpus_e6d0bcbf3b07,0.5228,,af4b9da3-16de-4510-a1cb-2a32e101c884,healthcare
0001,0001_coder_small_case_8b2,case_8b29225c97,coder_small,12,Could you tell me more about primary challenge?,5,corpus_5b168d44f690,0.5199,,33042a3e-5e8e-4375-b964-0fe2252e504c,legal
0001,0001_coder_small_case_8b2,case_8b29225c97,coder_small,13,What was the primary challenge faced in crossdepartmental knowledge transfer within the IT department?,1,corpus_f3266ad28daf,0.5702,,33042a3e-5e8e-4375-b964-0fe2252e504c,legal
0001,0001_coder_small_case_8b2,case_8b29225c97,coder_small,13,What was the primary challenge faced in crossdepartmental knowledge transfer within the IT department?,2,corpus_4b47604ce9b7,0.5702,,33042a3e-5e8e-4375-b964-0fe2252e504c,legal
0001,0001_coder_small_case_8b2,case_8b29225c97,coder_small,13,What was the primary challenge faced in crossdepartmental knowledge transfer within the IT department?,3,corpus_4dcf69bf62d5,0.5565,,33042a3e-5e8e-4375-b964-0fe2252e504c,legal
0001,0001_coder_small_case_8b2,case_8b29225c97,coder_small,13,What was the primary challenge faced in crossdepartmental knowledge transfer within the IT department?,4,corpus_c82afd41f260,0.5412,,33042a3e-5e8e-4375-b964-0fe2252e504c,legal
0001,0001_coder_small_case_8b2,case_8b29225c97,coder_small,13,What was the primary challenge faced in crossdepartmental knowledge transfer within the IT department?,5,corpus_b36b5568aa4c,0.5401,,33042a3e-5e8e-4375-b964-0fe2252e504c,legal
0001,0001_coder_small_case_8b2,case_8b29225c97,coder_small,14,What was the primary challenge faced in crossdepartmental knowledge transfer within the IT department? This problem requires understanding the impact of siloed SharePoint instances and the AIpowered s,1,corpus_f3266ad28daf,0.5702,,33042a3e-5e8e-4375-b964-0fe2252e504c,legal
0001,0001_coder_small_case_8b2,case_8b29225c97,coder_small,14,What was the primary challenge faced in crossdepartmental knowledge transfer within the IT department? This problem requires understanding the impact of siloed SharePoint instances and the AIpowered s,2,corpus_4b47604ce9b7,0.5702,,33042a3e-5e8e-4375-b964-0fe2252e504c,legal
0001,0001_coder_small_case_8b2,case_8b29225c97,coder_small,14,What was the primary challenge faced in crossdepartmental knowledge transfer within the IT department? This problem requires understanding the impact of siloed SharePoint instances and the AIpowered s,3,corpus_4dcf69bf62d5,0.5565,,33042a3e-5e8e-4375-b964-0fe2252e504c,legal
0001,0001_coder_small_case_8b2,case_8b29225c97,coder_small,14,What was the primary challenge faced in crossdepartmental knowledge transfer within the IT department? This problem requires understanding the impact of siloed SharePoint instances and the AIpowered s,4,corpus_c82afd41f260,0.5412,,33042a3e-5e8e-4375-b964-0fe2252e504c,legal
0001,0001_coder_small_case_8b2,case_8b29225c97,coder_small,14,What was the primary challenge faced in crossdepartmental knowledge transfer within the IT department? This problem requires understanding the impact of siloed SharePoint instances and the AIpowered s,5,corpus_b36b5568aa4c,0.5401,,33042a3e-5e8e-4375-b964-0fe2252e504c,legal
0001,0001_coder_small_case_729,case_72932afe74,coder_small,1,Could you tell me more about domain area?,1,corpus_90ca70ad5555,0.5461,,33042a3e-5e8e-4375-b964-0fe2252e504c,legal
0001,0001_coder_small_case_729,case_72932afe74,coder_small,1,Could you tell me more about domain area?,2,corpus_9d5e2ec4aecd,0.5407,,e23add42-dc9f-4b46-aa21-ac722ae16c36,retail
0001,0001_coder_small_case_729,case_72932afe74,coder_small,1,Could you tell me more about domain area?,3,corpus_9bf0a0dbce6d,0.5322,,33042a3e-5e8e-4375-b964-0fe2252e504c,legal
0001,0001_coder_small_case_729,case_72932afe74,coder_small,1,Could you tell me more about domain area?,4,corpus_7f283b2eb59f,0.5189,,33042a3e-5e8e-4375-b964-0fe2252e504c,legal
0001,0001_coder_small_case_729,case_72932afe74,coder_small,1,Could you tell me more about domain area?,5,corpus_4b47604ce9b7,0.518,,33042a3e-5e8e-4375-b964-0fe2252e504c,legal
0001,0001_coder_small_case_729,case_72932afe74,coder_small,2,"Could you describe a significant project, technical change, or operational challenge your team has faced recently, and what prompted it?",1,corpus_f2a638834dda,0.5277,,33042a3e-5e8e-4375-b964-0fe2252e504c,legal
0001,0001_coder_small_case_729,case_72932afe74,coder_small,2,"Could you describe a significant project, technical change, or operational challenge your team has faced recently, and what prompted it?",2,corpus_4b47604ce9b7,0.5189,,33042a3e-5e8e-4375-b964-0fe2252e504c,legal
0001,0001_coder_small_case_729,case_72932afe74,coder_small,2,"Could you describe a significant project, technical change, or operational challenge your team has faced recently, and what prompted it?",3,corpus_7d50834d4b2a,0.5094,,af4b9da3-16de-4510-a1cb-2a32e101c884,healthcare
0001,0001_coder_small_case_729,case_72932afe74,coder_small,2,"Could you describe a significant project, technical change, or operational challenge your team has faced recently, and what prompted it?",4,corpus_d0300aec13ed,0.5057,,33042a3e-5e8e-4375-b964-0fe2252e504c,legal
0001,0001_coder_small_case_729,case_72932afe74,coder_small,2,"Could you describe a significant project, technical change, or operational challenge your team has faced recently, and what prompted it?",5,corpus_4757baf89dee,0.5054,,33042a3e-5e8e-4375-b964-0fe2252e504c,legal
0001,0001_coder_small_case_729,case_72932afe74,coder_small,3,Could you tell me more about primary challenge?,1,corpus_4b47604ce9b7,0.5841,,33042a3e-5e8e-4375-b964-0fe2252e504c,legal
0001,0001_coder_small_case_729,case_72932afe74,coder_small,3,Could you tell me more about primary challenge?,2,corpus_f2a638834dda,0.5758,,33042a3e-5e8e-4375-b964-0fe2252e504c,legal
0001,0001_coder_small_case_729,case_72932afe74,coder_small,3,Could you tell me more about primary challenge?,3,corpus_d0300aec13ed,0.5622,,33042a3e-5e8e-4375-b964-0fe2252e504c,legal
0001,0001_coder_small_case_729,case_72932afe74,coder_small,3,Could you tell me more about primary challenge?,4,corpus_5a5c3f1d0c71,0.5544,,af4b9da3-16de-4510-a1cb-2a32e101c884,healthcare
0001,0001_coder_small_case_729,case_72932afe74,coder_small,3,Could you tell me more about primary challenge?,5,corpus_598fb7d8bb20,0.551,,33042a3e-5e8e-4375-b964-0fe2252e504c,legal
0001,0001_coder_small_case_729,case_72932afe74,coder_small,4,Could you explain how you integrated a technology like Microsoft Teams into your customer service team and what challenges you faced? What specific solutions did you implement to address these challen,1,corpus_82ed26b67697,0.6433,,af4b9da3-16de-4510-a1cb-2a32e101c884,healthcare
0001,0001_coder_small_case_729,case_72932afe74,coder_small,4,Could you explain how you integrated a technology like Microsoft Teams into your customer service team and what challenges you faced? What specific solutions did you implement to address these challen,2,corpus_1e31124f7ccd,0.6179,,33042a3e-5e8e-4375-b964-0fe2252e504c,legal
0001,0001_coder_small_case_729,case_72932afe74,coder_small,4,Could you explain how you integrated a technology like Microsoft Teams into your customer service team and what challenges you faced? What specific solutions did you implement to address these challen,3,corpus_8c5ce31c651e,0.6148,,33042a3e-5e8e-4375-b964-0fe2252e504c,legal
0001,0001_coder_small_case_729,case_72932afe74,coder_small,4,Could you explain how you integrated a technology like Microsoft Teams into your customer service team and what challenges you faced? What specific solutions did you implement to address these challen,4,corpus_5a5c3f1d0c71,0.6088,,af4b9da3-16de-4510-a1cb-2a32e101c884,healthcare
0001,0001_coder_small_case_729,case_72932afe74,coder_small,4,Could you explain how you integrated a technology like Microsoft Teams into your customer service team and what challenges you faced? What specific solutions did you implement to address these challen,5,corpus_4b47604ce9b7,0.6016,,33042a3e-5e8e-4375-b964-0fe2252e504c,legal
0001,0001_coder_small_case_729,case_72932afe74,coder_small,5,Could you explain how you integrated a technology like Microsoft Teams into your customer service team and what challenges you faced? What specific solutions did you implement to address these challen,1,corpus_82ed26b67697,0.6433,,af4b9da3-16de-4510-a1cb-2a32e101c884,healthcare
0001,0001_coder_small_case_729,case_72932afe74,coder_small,5,Could you explain how you integrated a technology like Microsoft Teams into your customer service team and what challenges you faced? What specific solutions did you implement to address these challen,2,corpus_1e31124f7ccd,0.6179,,33042a3e-5e8e-4375-b964-0fe2252e504c,legal
0001,0001_coder_small_case_729,case_72932afe74,coder_small,5,Could you explain how you integrated a technology like Microsoft Teams into your customer service team and what challenges you faced? What specific solutions did you implement to address these challen,3,corpus_8c5ce31c651e,0.6148,,33042a3e-5e8e-4375-b964-0fe2252e504c,legal
0001,0001_coder_small_case_729,case_72932afe74,coder_small,5,Could you explain how you integrated a technology like Microsoft Teams into your customer service team and what challenges you faced? What specific solutions did you implement to address these challen,4,corpus_5a5c3f1d0c71,0.6088,,af4b9da3-16de-4510-a1cb-2a32e101c884,healthcare
0001,0001_coder_small_case_729,case_72932afe74,coder_small,5,Could you explain how you integrated a technology like Microsoft Teams into your customer service team and what challenges you faced? What specific solutions did you implement to address these challen,5,corpus_4b47604ce9b7,0.6016,,33042a3e-5e8e-4375-b964-0fe2252e504c,legal
0001,0001_coder_small_case_729,case_72932afe74,coder_small,6,Could you tell me more about primary challenge?,1,corpus_4b47604ce9b7,0.5841,,33042a3e-5e8e-4375-b964-0fe2252e504c,legal
0001,0001_coder_small_case_729,case_72932afe74,coder_small,6,Could you tell me more about primary challenge?,2,corpus_f2a638834dda,0.5758,,33042a3e-5e8e-4375-b964-0fe2252e504c,legal
0001,0001_coder_small_case_729,case_72932afe74,coder_small,6,Could you tell me more about primary challenge?,3,corpus_d0300aec13ed,0.5622,,33042a3e-5e8e-4375-b964-0fe2252e504c,legal
0001,0001_coder_small_case_729,case_72932afe74,coder_small,6,Could you tell me more about primary challenge?,4,corpus_5a5c3f1d0c71,0.5544,,af4b9da3-16de-4510-a1cb-2a32e101c884,healthcare
0001,0001_coder_small_case_729,case_72932afe74,coder_small,6,Could you tell me more about primary challenge?,5,corpus_598fb7d8bb20,0.551,,33042a3e-5e8e-4375-b964-0fe2252e504c,legal
0001,0001_coder_small_case_729,case_72932afe74,coder_small,7,Could you tell me more about primary challenge?,1,corpus_4b47604ce9b7,0.5841,,33042a3e-5e8e-4375-b964-0fe2252e504c,legal
0001,0001_coder_small_case_729,case_72932afe74,coder_small,7,Could you tell me more about primary challenge?,2,corpus_f2a638834dda,0.5758,,33042a3e-5e8e-4375-b964-0fe2252e504c,legal
0001,0001_coder_small_case_729,case_72932afe74,coder_small,7,Could you tell me more about primary challenge?,3,corpus_d0300aec13ed,0.5622,,33042a3e-5e8e-4375-b964-0fe2252e504c,legal
0001,0001_coder_small_case_729,case_72932afe74,coder_small,7,Could you tell me more about primary challenge?,4,corpus_5a5c3f1d0c71,0.5544,,af4b9da3-16de-4510-a1cb-2a32e101c884,healthcare
0001,0001_coder_small_case_729,case_72932afe74,coder_small,7,Could you tell me more about primary challenge?,5,corpus_598fb7d8bb20,0.551,,33042a3e-5e8e-4375-b964-0fe2252e504c,legal
0001,0001_coder_small_case_729,case_72932afe74,coder_small,8,Could you tell me more about primary challenge?,1,corpus_4b47604ce9b7,0.5841,,33042a3e-5e8e-4375-b964-0fe2252e504c,legal
0001,0001_coder_small_case_729,case_72932afe74,coder_small,8,Could you tell me more about primary challenge?,2,corpus_f2a638834dda,0.5758,,33042a3e-5e8e-4375-b964-0fe2252e504c,legal
0001,0001_coder_small_case_729,case_72932afe74,coder_small,8,Could you tell me more about primary challenge?,3,corpus_d0300aec13ed,0.5622,,33042a3e-5e8e-4375-b964-0fe2252e504c,legal
0001,0001_coder_small_case_729,case_72932afe74,coder_small,8,Could you tell me more about primary challenge?,4,corpus_5a5c3f1d0c71,0.5544,,af4b9da3-16de-4510-a1cb-2a32e101c884,healthcare
0001,0001_coder_small_case_729,case_72932afe74,coder_small,8,Could you tell me more about primary challenge?,5,corpus_598fb7d8bb20,0.551,,33042a3e-5e8e-4375-b964-0fe2252e504c,legal
0001,0001_coder_small_case_729,case_72932afe74,coder_small,9,Could you explain how you integrated a technology like Microsoft Teams into your customer service team and what challenges you faced? What specific solutions did you implement to address these challen,1,corpus_82ed26b67697,0.6433,,af4b9da3-16de-4510-a1cb-2a32e101c884,healthcare
0001,0001_coder_small_case_729,case_72932afe74,coder_small,9,Could you explain how you integrated a technology like Microsoft Teams into your customer service team and what challenges you faced? What specific solutions did you implement to address these challen,2,corpus_1e31124f7ccd,0.6179,,33042a3e-5e8e-4375-b964-0fe2252e504c,legal
0001,0001_coder_small_case_729,case_72932afe74,coder_small,9,Could you explain how you integrated a technology like Microsoft Teams into your customer service team and what challenges you faced? What specific solutions did you implement to address these challen,3,corpus_8c5ce31c651e,0.6148,,33042a3e-5e8e-4375-b964-0fe2252e504c,legal
0001,0001_coder_small_case_729,case_72932afe74,coder_small,9,Could you explain how you integrated a technology like Microsoft Teams into your customer service team and what challenges you faced? What specific solutions did you implement to address these challen,4,corpus_5a5c3f1d0c71,0.6088,,af4b9da3-16de-4510-a1cb-2a32e101c884,healthcare
0001,0001_coder_small_case_729,case_72932afe74,coder_small,9,Could you explain how you integrated a technology like Microsoft Teams into your customer service team and what challenges you faced? What specific solutions did you implement to address these challen,5,corpus_4b47604ce9b7,0.6016,,33042a3e-5e8e-4375-b964-0fe2252e504c,legal
0001,0001_coder_small_case_729,case_72932afe74,coder_small,10,"What specific tools did you use to integrate your existing tools with a new knowledge graph platform, enabling seamless information sharing across departments?",1,corpus_ac167edc04d3,0.602,,33042a3e-5e8e-4375-b964-0fe2252e504c,legal
0001,0001_coder_small_case_729,case_72932afe74,coder_small,10,"What specific tools did you use to integrate your existing tools with a new knowledge graph platform, enabling seamless information sharing across departments?",2,corpus_7fa3bd5aef67,0.5816,,33042a3e-5e8e-4375-b964-0fe2252e504c,legal
0001,0001_coder_small_case_729,case_72932afe74,coder_small,10,"What specific tools did you use to integrate your existing tools with a new knowledge graph platform, enabling seamless information sharing across departments?",3,corpus_8c5ce31c651e,0.5743,,33042a3e-5e8e-4375-b964-0fe2252e504c,legal
0001,0001_coder_small_case_729,case_72932afe74,coder_small,10,"What specific tools did you use to integrate your existing tools with a new knowledge graph platform, enabling seamless information sharing across departments?",4,corpus_e425b5501758,0.5743,,33042a3e-5e8e-4375-b964-0fe2252e504c,legal
0001,0001_coder_small_case_729,case_72932afe74,coder_small,10,"What specific tools did you use to integrate your existing tools with a new knowledge graph platform, enabling seamless information sharing across departments?",5,corpus_10f78a871ce1,0.559,,33042a3e-5e8e-4375-b964-0fe2252e504c,legal
0001,0001_coder_small_case_729,case_72932afe74,coder_small,11,Could you tell me more about primary challenge?,1,corpus_4b47604ce9b7,0.5841,,33042a3e-5e8e-4375-b964-0fe2252e504c,legal
0001,0001_coder_small_case_729,case_72932afe74,coder_small,11,Could you tell me more about primary challenge?,2,corpus_f2a638834dda,0.5758,,33042a3e-5e8e-4375-b964-0fe2252e504c,legal
0001,0001_coder_small_case_729,case_72932afe74,coder_small,11,Could you tell me more about primary challenge?,3,corpus_d0300aec13ed,0.5622,,33042a3e-5e8e-4375-b964-0fe2252e504c,legal
0001,0001_coder_small_case_729,case_72932afe74,coder_small,11,Could you tell me more about primary challenge?,4,corpus_5a5c3f1d0c71,0.5544,,af4b9da3-16de-4510-a1cb-2a32e101c884,healthcare
0001,0001_coder_small_case_729,case_72932afe74,coder_small,11,Could you tell me more about primary challenge?,5,corpus_598fb7d8bb20,0.551,,33042a3e-5e8e-4375-b964-0fe2252e504c,legal
0001,0001_coder_small_case_729,case_72932afe74,coder_small,12,Could you tell me more about primary challenge?,1,corpus_4b47604ce9b7,0.5841,,33042a3e-5e8e-4375-b964-0fe2252e504c,legal
0001,0001_coder_small_case_729,case_72932afe74,coder_small,12,Could you tell me more about primary challenge?,2,corpus_f2a638834dda,0.5758,,33042a3e-5e8e-4375-b964-0fe2252e504c,legal
0001,0001_coder_small_case_729,case_72932afe74,coder_small,12,Could you tell me more about primary challenge?,3,corpus_d0300aec13ed,0.5622,,33042a3e-5e8e-4375-b964-0fe2252e504c,legal
0001,0001_coder_small_case_729,case_72932afe74,coder_small,12,Could you tell me more about primary challenge?,4,corpus_5a5c3f1d0c71,0.5544,,af4b9da3-16de-4510-a1cb-2a32e101c884,healthcare
0001,0001_coder_small_case_729,case_72932afe74,coder_small,12,Could you tell me more about primary challenge?,5,corpus_598fb7d8bb20,0.551,,33042a3e-5e8e-4375-b964-0fe2252e504c,legal
0001,0001_coder_small_case_729,case_72932afe74,coder_small,13,Could you please explain how you integrated a technology like Microsoft Teams into your customer service team and what challenges you faced? What specific solutions did you implement to address these ,1,corpus_82ed26b67697,0.6433,,af4b9da3-16de-4510-a1cb-2a32e101c884,healthcare
0001,0001_coder_small_case_729,case_72932afe74,coder_small,13,Could you please explain how you integrated a technology like Microsoft Teams into your customer service team and what challenges you faced? What specific solutions did you implement to address these ,2,corpus_1e31124f7ccd,0.6179,,33042a3e-5e8e-4375-b964-0fe2252e504c,legal
0001,0001_coder_small_case_729,case_72932afe74,coder_small,13,Could you please explain how you integrated a technology like Microsoft Teams into your customer service team and what challenges you faced? What specific solutions did you implement to address these ,3,corpus_8c5ce31c651e,0.6148,,33042a3e-5e8e-4375-b964-0fe2252e504c,legal
0001,0001_coder_small_case_729,case_72932afe74,coder_small,13,Could you please explain how you integrated a technology like Microsoft Teams into your customer service team and what challenges you faced? What specific solutions did you implement to address these ,4,corpus_5a5c3f1d0c71,0.6088,,af4b9da3-16de-4510-a1cb-2a32e101c884,healthcare
0001,0001_coder_small_case_729,case_72932afe74,coder_small,13,Could you please explain how you integrated a technology like Microsoft Teams into your customer service team and what challenges you faced? What specific solutions did you implement to address these ,5,corpus_4b47604ce9b7,0.6016,,33042a3e-5e8e-4375-b964-0fe2252e504c,legal
0001,0001_coder_small_case_729,case_72932afe74,coder_small,14,Could you tell me more about primary challenge?,1,corpus_82ed26b67697,0.6433,,af4b9da3-16de-4510-a1cb-2a32e101c884,healthcare
0001,0001_coder_small_case_729,case_72932afe74,coder_small,14,Could you tell me more about primary challenge?,2,corpus_1e31124f7ccd,0.6179,,33042a3e-5e8e-4375-b964-0fe2252e504c,legal
0001,0001_coder_small_case_729,case_72932afe74,coder_small,14,Could you tell me more about primary challenge?,3,corpus_8c5ce31c651e,0.6148,,33042a3e-5e8e-4375-b964-0fe2252e504c,legal
0001,0001_coder_small_case_729,case_72932afe74,coder_small,14,Could you tell me more about primary challenge?,4,corpus_5a5c3f1d0c71,0.6088,,af4b9da3-16de-4510-a1cb-2a32e101c884,healthcare
0001,0001_coder_small_case_729,case_72932afe74,coder_small,14,Could you tell me more about primary challenge?,5,corpus_4b47604ce9b7,0.6016,,33042a3e-5e8e-4375-b964-0fe2252e504c,legal
0001,0001_coder_small_case_8b2,case_8b29225c97,coder_small,1,Could you tell me more about domain area?,1,corpus_aac24ae0a7b4,0.5717,,33042a3e-5e8e-4375-b964-0fe2252e504c,legal
0001,0001_coder_small_case_8b2,case_8b29225c97,coder_small,1,Could you tell me more about domain area?,2,corpus_3e160cb0a1d2,0.5649,,33042a3e-5e8e-4375-b964-0fe2252e504c,legal
0001,0001_coder_small_case_8b2,case_8b29225c97,coder_small,1,Could you tell me more about domain area?,3,corpus_e634e990f73f,0.5647,,33042a3e-5e8e-4375-b964-0fe2252e504c,legal
0001,0001_coder_small_case_8b2,case_8b29225c97,coder_small,1,Could you tell me more about domain area?,4,corpus_d29ad5e339af,0.5512,,33042a3e-5e8e-4375-b964-0fe2252e504c,legal
0001,0001_coder_small_case_8b2,case_8b29225c97,coder_small,1,Could you tell me more about domain area?,5,corpus_611c7d18c7d3,0.5509,,33042a3e-5e8e-4375-b964-0fe2252e504c,legal
0001,0001_coder_small_case_8b2,case_8b29225c97,coder_small,2,Could you tell me more about domain area?,1,corpus_aac24ae0a7b4,0.5717,,33042a3e-5e8e-4375-b964-0fe2252e504c,legal
0001,0001_coder_small_case_8b2,case_8b29225c97,coder_small,2,Could you tell me more about domain area?,2,corpus_3e160cb0a1d2,0.5649,,33042a3e-5e8e-4375-b964-0fe2252e504c,legal
0001,0001_coder_small_case_8b2,case_8b29225c97,coder_small,2,Could you tell me more about domain area?,3,corpus_e634e990f73f,0.5647,,33042a3e-5e8e-4375-b964-0fe2252e504c,legal
0001,0001_coder_small_case_8b2,case_8b29225c97,coder_small,2,Could you tell me more about domain area?,4,corpus_d29ad5e339af,0.5512,,33042a3e-5e8e-4375-b964-0fe2252e504c,legal
0001,0001_coder_small_case_8b2,case_8b29225c97,coder_small,2,Could you tell me more about domain area?,5,corpus_611c7d18c7d3,0.5509,,33042a3e-5e8e-4375-b964-0fe2252e504c,legal
0001,0001_coder_small_case_8b2,case_8b29225c97,coder_small,3,Could you tell me more about domain area?,1,corpus_aac24ae0a7b4,0.5717,,33042a3e-5e8e-4375-b964-0fe2252e504c,legal
0001,0001_coder_small_case_8b2,case_8b29225c97,coder_small,3,Could you tell me more about domain area?,2,corpus_3e160cb0a1d2,0.5649,,33042a3e-5e8e-4375-b964-0fe2252e504c,legal
0001,0001_coder_small_case_8b2,case_8b29225c97,coder_small,3,Could you tell me more about domain area?,3,corpus_e634e990f73f,0.5647,,33042a3e-5e8e-4375-b964-0fe2252e504c,legal
0001,0001_coder_small_case_8b2,case_8b29225c97,coder_small,3,Could you tell me more about domain area?,4,corpus_d29ad5e339af,0.5512,,33042a3e-5e8e-4375-b964-0fe2252e504c,legal
0001,0001_coder_small_case_8b2,case_8b29225c97,coder_small,3,Could you tell me more about domain area?,5,corpus_611c7d18c7d3,0.5509,,33042a3e-5e8e-4375-b964-0fe2252e504c,legal
0001,0001_coder_small_case_8b2,case_8b29225c97,coder_small,4,Could you provide more information about domain area?,1,corpus_10f78a871ce1,0.5518,,33042a3e-5e8e-4375-b964-0fe2252e504c,legal
0001,0001_coder_small_case_8b2,case_8b29225c97,coder_small,4,Could you provide more information about domain area?,2,corpus_938599616a6e,0.5465,,33042a3e-5e8e-4375-b964-0fe2252e504c,legal
0001,0001_coder_small_case_8b2,case_8b29225c97,coder_small,4,Could you provide more information about domain area?,3,corpus_aac24ae0a7b4,0.5361,,33042a3e-5e8e-4375-b964-0fe2252e504c,legal
0001,0001_coder_small_case_8b2,case_8b29225c97,coder_small,4,Could you provide more information about domain area?,4,corpus_b36b5568aa4c,0.5283,,33042a3e-5e8e-4375-b964-0fe2252e504c,legal
0001,0001_coder_small_case_8b2,case_8b29225c97,coder_small,4,Could you provide more information about domain area?,5,corpus_3714af7fed84,0.5247,,af4b9da3-16de-4510-a1cb-2a32e101c884,healthcare
0001,0001_coder_small_case_8b2,case_8b29225c97,coder_small,5,Could you explain how the AIpowered search significantly improved the retrieval of tacit knowledge in the context of the new EKM system?,1,corpus_aac24ae0a7b4,0.5882,,33042a3e-5e8e-4375-b964-0fe2252e504c,legal
0001,0001_coder_small_case_8b2,case_8b29225c97,coder_small,5,Could you explain how the AIpowered search significantly improved the retrieval of tacit knowledge in the context of the new EKM system?,2,corpus_3cff9ce2ea6e,0.5624,,33042a3e-5e8e-4375-b964-0fe2252e504c,legal
0001,0001_coder_small_case_8b2,case_8b29225c97,coder_small,5,Could you explain how the AIpowered search significantly improved the retrieval of tacit knowledge in the context of the new EKM system?,3,corpus_2d8c4747a942,0.5603,,33042a3e-5e8e-4375-b964-0fe2252e504c,legal
0001,0001_coder_small_case_8b2,case_8b29225c97,coder_small,5,Could you explain how the AIpowered search significantly improved the retrieval of tacit knowledge in the context of the new EKM system?,4,corpus_ce9d7a4f9aaf,0.5443,,33042a3e-5e8e-4375-b964-0fe2252e504c,legal
0001,0001_coder_small_case_8b2,case_8b29225c97,coder_small,5,Could you explain how the AIpowered search significantly improved the retrieval of tacit knowledge in the context of the new EKM system?,5,corpus_b28a48c34168,0.5372,,33042a3e-5e8e-4375-b964-0fe2252e504c,legal
0001,0001_coder_small_case_8b2,case_8b29225c97,coder_small,6,Could you provide more information about domain area?,1,corpus_10f78a871ce1,0.5518,,33042a3e-5e8e-4375-b964-0fe2252e504c,legal
0001,0001_coder_small_case_8b2,case_8b29225c97,coder_small,6,Could you provide more information about domain area?,2,corpus_938599616a6e,0.5465,,33042a3e-5e8e-4375-b964-0fe2252e504c,legal
0001,0001_coder_small_case_8b2,case_8b29225c97,coder_small,6,Could you provide more information about domain area?,3,corpus_aac24ae0a7b4,0.5361,,33042a3e-5e8e-4375-b964-0fe2252e504c,legal
0001,0001_coder_small_case_8b2,case_8b29225c97,coder_small,6,Could you provide more information about domain area?,4,corpus_b36b5568aa4c,0.5283,,33042a3e-5e8e-4375-b964-0fe2252e504c,legal
0001,0001_coder_small_case_8b2,case_8b29225c97,coder_small,6,Could you provide more information about domain area?,5,corpus_3714af7fed84,0.5247,,af4b9da3-16de-4510-a1cb-2a32e101c884,healthcare
0001,0001_coder_small_case_8b2,case_8b29225c97,coder_small,7,Could you tell me more about key decisions?,1,corpus_d29ad5e339af,0.5512,,33042a3e-5e8e-4375-b964-0fe2252e504c,legal
0001,0001_coder_small_case_8b2,case_8b29225c97,coder_small,7,Could you tell me more about key decisions?,2,corpus_ebd87ecf69e3,0.5343,,af4b9da3-16de-4510-a1cb-2a32e101c884,healthcare
0001,0001_coder_small_case_8b2,case_8b29225c97,coder_small,7,Could you tell me more about key decisions?,3,corpus_3e160cb0a1d2,0.5259,,33042a3e-5e8e-4375-b964-0fe2252e504c,legal
0001,0001_coder_small_case_8b2,case_8b29225c97,coder_small,7,Could you tell me more about key decisions?,4,corpus_ba21f14c583e,0.5218,,33042a3e-5e8e-4375-b964-0fe2252e504c,legal
0001,0001_coder_small_case_8b2,case_8b29225c97,coder_small,7,Could you tell me more about key decisions?,5,corpus_f27bc6a36166,0.5185,,33042a3e-5e8e-4375-b964-0fe2252e504c,legal
0001,0001_coder_small_case_8b2,case_8b29225c97,coder_small,8,Could you provide more information about domain area?,1,corpus_10f78a871ce1,0.5518,,33042a3e-5e8e-4375-b964-0fe2252e504c,legal
0001,0001_coder_small_case_8b2,case_8b29225c97,coder_small,8,Could you provide more information about domain area?,2,corpus_938599616a6e,0.5465,,33042a3e-5e8e-4375-b964-0fe2252e504c,legal
0001,0001_coder_small_case_8b2,case_8b29225c97,coder_small,8,Could you provide more information about domain area?,3,corpus_aac24ae0a7b4,0.5361,,33042a3e-5e8e-4375-b964-0fe2252e504c,legal
0001,0001_coder_small_case_8b2,case_8b29225c97,coder_small,8,Could you provide more information about domain area?,4,corpus_b36b5568aa4c,0.5283,,33042a3e-5e8e-4375-b964-0fe2252e504c,legal
0001,0001_coder_small_case_8b2,case_8b29225c97,coder_small,8,Could you provide more information about domain area?,5,corpus_3714af7fed84,0.5247,,af4b9da3-16de-4510-a1cb-2a32e101c884,healthcare
0001,0001_coder_small_case_8b2,case_8b29225c97,coder_small,9,Could you tell me more about primary challenge?,1,corpus_76e7114db21a,0.5433,,33042a3e-5e8e-4375-b964-0fe2252e504c,legal
0001,0001_coder_small_case_8b2,case_8b29225c97,coder_small,9,Could you tell me more about primary challenge?,2,corpus_296f0c49df07,0.5415,,33042a3e-5e8e-4375-b964-0fe2252e504c,legal
0001,0001_coder_small_case_8b2,case_8b29225c97,coder_small,9,Could you tell me more about primary challenge?,3,corpus_7d50834d4b2a,0.5339,,af4b9da3-16de-4510-a1cb-2a32e101c884,healthcare
0001,0001_coder_small_case_8b2,case_8b29225c97,coder_small,9,Could you tell me more about primary challenge?,4,corpus_e6d0bcbf3b07,0.5228,,af4b9da3-16de-4510-a1cb-2a32e101c884,healthcare
0001,0001_coder_small_case_8b2,case_8b29225c97,coder_small,9,Could you tell me more about primary challenge?,5,corpus_5b168d44f690,0.5199,,33042a3e-5e8e-4375-b964-0fe2252e504c,legal
0001,0001_coder_small_case_8b2,case_8b29225c97,coder_small,10,Could you provide more information about the current state of the AIpowered search in the context of the new EKM system?,1,corpus_aac24ae0a7b4,0.6234,,33042a3e-5e8e-4375-b964-0fe2252e504c,legal
0001,0001_coder_small_case_8b2,case_8b29225c97,coder_small,10,Could you provide more information about the current state of the AIpowered search in the context of the new EKM system?,2,corpus_3cff9ce2ea6e,0.5801,,33042a3e-5e8e-4375-b964-0fe2252e504c,legal
0001,0001_coder_small_case_8b2,case_8b29225c97,coder_small,10,Could you provide more information about the current state of the AIpowered search in the context of the new EKM system?,3,corpus_2d8c4747a942,0.5673,,33042a3e-5e8e-4375-b964-0fe2252e504c,legal
0001,0001_coder_small_case_8b2,case_8b29225c97,coder_small,10,Could you provide more information about the current state of the AIpowered search in the context of the new EKM system?,4,corpus_d80f614a69a6,0.5613,,33042a3e-5e8e-4375-b964-0fe2252e504c,legal
0001,0001_coder_small_case_8b2,case_8b29225c97,coder_small,10,Could you provide more information about the current state of the AIpowered search in the context of the new EKM system?,5,corpus_a6373c55c27b,0.5612,,33042a3e-5e8e-4375-b964-0fe2252e504c,legal
0001,0001_coder_small_case_8b2,case_8b29225c97,coder_small,11,Could you tell me more about primary challenge?,1,corpus_76e7114db21a,0.5433,,33042a3e-5e8e-4375-b964-0fe2252e504c,legal
0001,0001_coder_small_case_8b2,case_8b29225c97,coder_small,11,Could you tell me more about primary challenge?,2,corpus_296f0c49df07,0.5415,,33042a3e-5e8e-4375-b964-0fe2252e504c,legal
0001,0001_coder_small_case_8b2,case_8b29225c97,coder_small,11,Could you tell me more about primary challenge?,3,corpus_7d50834d4b2a,0.5339,,af4b9da3-16de-4510-a1cb-2a32e101c884,healthcare
0001,0001_coder_small_case_8b2,case_8b29225c97,coder_small,11,Could you tell me more about primary challenge?,4,corpus_e6d0bcbf3b07,0.5228,,af4b9da3-16de-4510-a1cb-2a32e101c884,healthcare
0001,0001_coder_small_case_8b2,case_8b29225c97,coder_small,11,Could you tell me more about primary challenge?,5,corpus_5b168d44f690,0.5199,,33042a3e-5e8e-4375-b964-0fe2252e504c,legal
0001,0001_coder_small_case_8b2,case_8b29225c97,coder_small,12,Could you tell me more about primary challenge?,1,corpus_76e7114db21a,0.5433,,33042a3e-5e8e-4375-b964-0fe2252e504c,legal
0001,0001_coder_small_case_8b2,case_8b29225c97,coder_small,12,Could you tell me more about primary challenge?,2,corpus_296f0c49df07,0.5415,,33042a3e-5e8e-4375-b964-0fe2252e504c,legal
0001,0001_coder_small_case_8b2,case_8b29225c97,coder_small,12,Could you tell me more about primary challenge?,3,corpus_7d50834d4b2a,0.5339,,af4b9da3-16de-4510-a1cb-2a32e101c884,healthcare
0001,0001_coder_small_case_8b2,case_8b29225c97,coder_small,12,Could you tell me more about primary challenge?,4,corpus_e6d0bcbf3b07,0.5228,,af4b9da3-16de-4510-a1cb-2a32e101c884,healthcare
0001,0001_coder_small_case_8b2,case_8b29225c97,coder_small,12,Could you tell me more about primary challenge?,5,corpus_5b168d44f690,0.5199,,33042a3e-5e8e-4375-b964-0fe2252e504c,legal
0001,0001_coder_small_case_8b2,case_8b29225c97,coder_small,13,Could you tell me more about primary challenge?,1,corpus_76e7114db21a,0.5433,,33042a3e-5e8e-4375-b964-0fe2252e504c,legal
0001,0001_coder_small_case_8b2,case_8b29225c97,coder_small,13,Could you tell me more about primary challenge?,2,corpus_296f0c49df07,0.5415,,33042a3e-5e8e-4375-b964-0fe2252e504c,legal
0001,0001_coder_small_case_8b2,case_8b29225c97,coder_small,13,Could you tell me more about primary challenge?,3,corpus_7d50834d4b2a,0.5339,,af4b9da3-16de-4510-a1cb-2a32e101c884,healthcare
0001,0001_coder_small_case_8b2,case_8b29225c97,coder_small,13,Could you tell me more about primary challenge?,4,corpus_e6d0bcbf3b07,0.5228,,af4b9da3-16de-4510-a1cb-2a32e101c884,healthcare
0001,0001_coder_small_case_8b2,case_8b29225c97,coder_small,13,Could you tell me more about primary challenge?,5,corpus_5b168d44f690,0.5199,,33042a3e-5e8e-4375-b964-0fe2252e504c,legal
0001,0001_coder_small_case_8b2,case_8b29225c97,coder_small,14,Could you tell me more about the AIpowered search in the context of the new EKM system?,1,corpus_76e7114db21a,0.5433,,33042a3e-5e8e-4375-b964-0fe2252e504c,legal
0001,0001_coder_small_case_8b2,case_8b29225c97,coder_small,14,Could you tell me more about the AIpowered search in the context of the new EKM system?,2,corpus_296f0c49df07,0.5415,,33042a3e-5e8e-4375-b964-0fe2252e504c,legal
0001,0001_coder_small_case_8b2,case_8b29225c97,coder_small,14,Could you tell me more about the AIpowered search in the context of the new EKM system?,3,corpus_7d50834d4b2a,0.5339,,af4b9da3-16de-4510-a1cb-2a32e101c884,healthcare
0001,0001_coder_small_case_8b2,case_8b29225c97,coder_small,14,Could you tell me more about the AIpowered search in the context of the new EKM system?,4,corpus_e6d0bcbf3b07,0.5228,,af4b9da3-16de-4510-a1cb-2a32e101c884,healthcare
0001,0001_coder_small_case_8b2,case_8b29225c97,coder_small,14,Could you tell me more about the AIpowered search in the context of the new EKM system?,5,corpus_5b168d44f690,0.5199,,33042a3e-5e8e-4375-b964-0fe2252e504c,legal
0001,0001_coder_main_case_8b2,case_8b29225c97,coder_main,1,Could you tell me more about domain area?,1,corpus_aac24ae0a7b4,0.5717,,33042a3e-5e8e-4375-b964-0fe2252e504c,legal
0001,0001_coder_main_case_8b2,case_8b29225c97,coder_main,1,Could you tell me more about domain area?,2,corpus_3e160cb0a1d2,0.5649,,33042a3e-5e8e-4375-b964-0fe2252e504c,legal
0001,0001_coder_main_case_8b2,case_8b29225c97,coder_main,1,Could you tell me more about domain area?,3,corpus_e634e990f73f,0.5647,,33042a3e-5e8e-4375-b964-0fe2252e504c,legal
0001,0001_coder_main_case_8b2,case_8b29225c97,coder_main,1,Could you tell me more about domain area?,4,corpus_d29ad5e339af,0.5512,,33042a3e-5e8e-4375-b964-0fe2252e504c,legal
0001,0001_coder_main_case_8b2,case_8b29225c97,coder_main,1,Could you tell me more about domain area?,5,corpus_611c7d18c7d3,0.5509,,33042a3e-5e8e-4375-b964-0fe2252e504c,legal
0001,0001_coder_main_case_8b2,case_8b29225c97,coder_main,2,Could you tell me more about domain area?,1,corpus_aac24ae0a7b4,0.5717,,33042a3e-5e8e-4375-b964-0fe2252e504c,legal
0001,0001_coder_main_case_8b2,case_8b29225c97,coder_main,2,Could you tell me more about domain area?,2,corpus_3e160cb0a1d2,0.5649,,33042a3e-5e8e-4375-b964-0fe2252e504c,legal
0001,0001_coder_main_case_8b2,case_8b29225c97,coder_main,2,Could you tell me more about domain area?,3,corpus_e634e990f73f,0.5647,,33042a3e-5e8e-4375-b964-0fe2252e504c,legal
0001,0001_coder_main_case_8b2,case_8b29225c97,coder_main,2,Could you tell me more about domain area?,4,corpus_d29ad5e339af,0.5512,,33042a3e-5e8e-4375-b964-0fe2252e504c,legal
0001,0001_coder_main_case_8b2,case_8b29225c97,coder_main,2,Could you tell me more about domain area?,5,corpus_611c7d18c7d3,0.5509,,33042a3e-5e8e-4375-b964-0fe2252e504c,legal
0001,0001_coder_main_case_8b2,case_8b29225c97,coder_main,3,Could you tell me more about domain area?,1,corpus_aac24ae0a7b4,0.5717,,33042a3e-5e8e-4375-b964-0fe2252e504c,legal
0001,0001_coder_main_case_8b2,case_8b29225c97,coder_main,3,Could you tell me more about domain area?,2,corpus_3e160cb0a1d2,0.5649,,33042a3e-5e8e-4375-b964-0fe2252e504c,legal
0001,0001_coder_main_case_8b2,case_8b29225c97,coder_main,3,Could you tell me more about domain area?,3,corpus_e634e990f73f,0.5647,,33042a3e-5e8e-4375-b964-0fe2252e504c,legal
0001,0001_coder_main_case_8b2,case_8b29225c97,coder_main,3,Could you tell me more about domain area?,4,corpus_d29ad5e339af,0.5512,,33042a3e-5e8e-4375-b964-0fe2252e504c,legal
0001,0001_coder_main_case_8b2,case_8b29225c97,coder_main,3,Could you tell me more about domain area?,5,corpus_611c7d18c7d3,0.5509,,33042a3e-5e8e-4375-b964-0fe2252e504c,legal
0001,0001_coder_main_case_8b2,case_8b29225c97,coder_main,4,"Based on your recent description of the enhanced collaboration and its impact on the IT department, could you provide an example of how the AI-powered search system improved the retrieval of tacit kno",1,corpus_562990475cf8,0.6489,,33042a3e-5e8e-4375-b964-0fe2252e504c,legal
0001,0001_coder_main_case_8b2,case_8b29225c97,coder_main,4,"Based on your recent description of the enhanced collaboration and its impact on the IT department, could you provide an example of how the AI-powered search system improved the retrieval of tacit kno",2,corpus_eb07283f38c2,0.6142,,33042a3e-5e8e-4375-b964-0fe2252e504c,legal
0001,0001_coder_main_case_8b2,case_8b29225c97,coder_main,4,"Based on your recent description of the enhanced collaboration and its impact on the IT department, could you provide an example of how the AI-powered search system improved the retrieval of tacit kno",3,corpus_a6373c55c27b,0.6127,,33042a3e-5e8e-4375-b964-0fe2252e504c,legal
0001,0001_coder_main_case_8b2,case_8b29225c97,coder_main,4,"Based on your recent description of the enhanced collaboration and its impact on the IT department, could you provide an example of how the AI-powered search system improved the retrieval of tacit kno",4,corpus_209eb8a4f449,0.6088,,33042a3e-5e8e-4375-b964-0fe2252e504c,legal
0001,0001_coder_main_case_8b2,case_8b29225c97,coder_main,4,"Based on your recent description of the enhanced collaboration and its impact on the IT department, could you provide an example of how the AI-powered search system improved the retrieval of tacit kno",5,corpus_4c1078ca06ee,0.601,,33042a3e-5e8e-4375-b964-0fe2252e504c,legal
0001,0001_coder_main_case_8b2,case_8b29225c97,coder_main,5,Could you tell me more about domain area?,1,corpus_aac24ae0a7b4,0.5717,,33042a3e-5e8e-4375-b964-0fe2252e504c,legal
0001,0001_coder_main_case_8b2,case_8b29225c97,coder_main,5,Could you tell me more about domain area?,2,corpus_3e160cb0a1d2,0.5649,,33042a3e-5e8e-4375-b964-0fe2252e504c,legal
0001,0001_coder_main_case_8b2,case_8b29225c97,coder_main,5,Could you tell me more about domain area?,3,corpus_e634e990f73f,0.5647,,33042a3e-5e8e-4375-b964-0fe2252e504c,legal
0001,0001_coder_main_case_8b2,case_8b29225c97,coder_main,5,Could you tell me more about domain area?,4,corpus_d29ad5e339af,0.5512,,33042a3e-5e8e-4375-b964-0fe2252e504c,legal
0001,0001_coder_main_case_8b2,case_8b29225c97,coder_main,5,Could you tell me more about domain area?,5,corpus_611c7d18c7d3,0.5509,,33042a3e-5e8e-4375-b964-0fe2252e504c,legal
0001,0001_coder_main_case_8b2,case_8b29225c97,coder_main,6,Could you tell me more about domain area?,1,corpus_aac24ae0a7b4,0.5717,,33042a3e-5e8e-4375-b964-0fe2252e504c,legal
0001,0001_coder_main_case_8b2,case_8b29225c97,coder_main,6,Could you tell me more about domain area?,2,corpus_3e160cb0a1d2,0.5649,,33042a3e-5e8e-4375-b964-0fe2252e504c,legal
0001,0001_coder_main_case_8b2,case_8b29225c97,coder_main,6,Could you tell me more about domain area?,3,corpus_e634e990f73f,0.5647,,33042a3e-5e8e-4375-b964-0fe2252e504c,legal
0001,0001_coder_main_case_8b2,case_8b29225c97,coder_main,6,Could you tell me more about domain area?,4,corpus_d29ad5e339af,0.5512,,33042a3e-5e8e-4375-b964-0fe2252e504c,legal
0001,0001_coder_main_case_8b2,case_8b29225c97,coder_main,6,Could you tell me more about domain area?,5,corpus_611c7d18c7d3,0.5509,,33042a3e-5e8e-4375-b964-0fe2252e504c,legal
0001,0001_coder_main_case_8b2,case_8b29225c97,coder_main,7,Could you tell me more about domain area?,1,corpus_aac24ae0a7b4,0.5717,,33042a3e-5e8e-4375-b964-0fe2252e504c,legal
0001,0001_coder_main_case_8b2,case_8b29225c97,coder_main,7,Could you tell me more about domain area?,2,corpus_3e160cb0a1d2,0.5649,,33042a3e-5e8e-4375-b964-0fe2252e504c,legal
0001,0001_coder_main_case_8b2,case_8b29225c97,coder_main,7,Could you tell me more about domain area?,3,corpus_e634e990f73f,0.5647,,33042a3e-5e8e-4375-b964-0fe2252e504c,legal
0001,0001_coder_main_case_8b2,case_8b29225c97,coder_main,7,Could you tell me more about domain area?,4,corpus_d29ad5e339af,0.5512,,33042a3e-5e8e-4375-b964-0fe2252e504c,legal
0001,0001_coder_main_case_8b2,case_8b29225c97,coder_main,7,Could you tell me more about domain area?,5,corpus_611c7d18c7d3,0.5509,,33042a3e-5e8e-4375-b964-0fe2252e504c,legal
0001,0001_coder_main_case_8b2,case_8b29225c97,coder_main,8,Could you tell me more about domain area?,1,corpus_aac24ae0a7b4,0.5717,,33042a3e-5e8e-4375-b964-0fe2252e504c,legal
0001,0001_coder_main_case_8b2,case_8b29225c97,coder_main,8,Could you tell me more about domain area?,2,corpus_3e160cb0a1d2,0.5649,,33042a3e-5e8e-4375-b964-0fe2252e504c,legal
0001,0001_coder_main_case_8b2,case_8b29225c97,coder_main,8,Could you tell me more about domain area?,3,corpus_e634e990f73f,0.5647,,33042a3e-5e8e-4375-b964-0fe2252e504c,legal
0001,0001_coder_main_case_8b2,case_8b29225c97,coder_main,8,Could you tell me more about domain area?,4,corpus_d29ad5e339af,0.5512,,33042a3e-5e8e-4375-b964-0fe2252e504c,legal
0001,0001_coder_main_case_8b2,case_8b29225c97,coder_main,8,Could you tell me more about domain area?,5,corpus_611c7d18c7d3,0.5509,,33042a3e-5e8e-4375-b964-0fe2252e504c,legal
0001,0001_coder_main_case_8b2,case_8b29225c97,coder_main,9,Could you tell me more about domain area?,1,corpus_aac24ae0a7b4,0.5717,,33042a3e-5e8e-4375-b964-0fe2252e504c,legal
0001,0001_coder_main_case_8b2,case_8b29225c97,coder_main,9,Could you tell me more about domain area?,2,corpus_3e160cb0a1d2,0.5649,,33042a3e-5e8e-4375-b964-0fe2252e504c,legal
0001,0001_coder_main_case_8b2,case_8b29225c97,coder_main,9,Could you tell me more about domain area?,3,corpus_e634e990f73f,0.5647,,33042a3e-5e8e-4375-b964-0fe2252e504c,legal
0001,0001_coder_main_case_8b2,case_8b29225c97,coder_main,9,Could you tell me more about domain area?,4,corpus_d29ad5e339af,0.5512,,33042a3e-5e8e-4375-b964-0fe2252e504c,legal
0001,0001_coder_main_case_8b2,case_8b29225c97,coder_main,9,Could you tell me more about domain area?,5,corpus_611c7d18c7d3,0.5509,,33042a3e-5e8e-4375-b964-0fe2252e504c,legal
0001,0001_coder_main_case_8b2,case_8b29225c97,coder_main,10,Could you tell me more about domain area?,1,corpus_aac24ae0a7b4,0.5717,,33042a3e-5e8e-4375-b964-0fe2252e504c,legal
0001,0001_coder_main_case_8b2,case_8b29225c97,coder_main,10,Could you tell me more about domain area?,2,corpus_3e160cb0a1d2,0.5649,,33042a3e-5e8e-4375-b964-0fe2252e504c,legal
0001,0001_coder_main_case_8b2,case_8b29225c97,coder_main,10,Could you tell me more about domain area?,3,corpus_e634e990f73f,0.5647,,33042a3e-5e8e-4375-b964-0fe2252e504c,legal
0001,0001_coder_main_case_8b2,case_8b29225c97,coder_main,10,Could you tell me more about domain area?,4,corpus_d29ad5e339af,0.5512,,33042a3e-5e8e-4375-b964-0fe2252e504c,legal
0001,0001_coder_main_case_8b2,case_8b29225c97,coder_main,10,Could you tell me more about domain area?,5,corpus_611c7d18c7d3,0.5509,,33042a3e-5e8e-4375-b964-0fe2252e504c,legal
0001,0001_coder_main_case_8b2,case_8b29225c97,coder_main,11,Could you tell me more about domain area?,1,corpus_aac24ae0a7b4,0.5717,,33042a3e-5e8e-4375-b964-0fe2252e504c,legal
0001,0001_coder_main_case_8b2,case_8b29225c97,coder_main,11,Could you tell me more about domain area?,2,corpus_3e160cb0a1d2,0.5649,,33042a3e-5e8e-4375-b964-0fe2252e504c,legal
0001,0001_coder_main_case_8b2,case_8b29225c97,coder_main,11,Could you tell me more about domain area?,3,corpus_e634e990f73f,0.5647,,33042a3e-5e8e-4375-b964-0fe2252e504c,legal
0001,0001_coder_main_case_8b2,case_8b29225c97,coder_main,11,Could you tell me more about domain area?,4,corpus_d29ad5e339af,0.5512,,33042a3e-5e8e-4375-b964-0fe2252e504c,legal
0001,0001_coder_main_case_8b2,case_8b29225c97,coder_main,11,Could you tell me more about domain area?,5,corpus_611c7d18c7d3,0.5509,,33042a3e-5e8e-4375-b964-0fe2252e504c,legal
0001,0001_coder_main_case_8b2,case_8b29225c97,coder_main,12,How does the enhanced collaboration within the IT department improve operational efficiency and access to critical information?,1,corpus_4709625e9a6d,0.5472,,33042a3e-5e8e-4375-b964-0fe2252e504c,legal
0001,0001_coder_main_case_8b2,case_8b29225c97,coder_main,12,How does the enhanced collaboration within the IT department improve operational efficiency and access to critical information?,2,corpus_1e31124f7ccd,0.5457,,33042a3e-5e8e-4375-b964-0fe2252e504c,legal
0001,0001_coder_main_case_8b2,case_8b29225c97,coder_main,12,How does the enhanced collaboration within the IT department improve operational efficiency and access to critical information?,3,corpus_906224994f0a,0.5449,,33042a3e-5e8e-4375-b964-0fe2252e504c,legal
0001,0001_coder_main_case_8b2,case_8b29225c97,coder_main,12,How does the enhanced collaboration within the IT department improve operational efficiency and access to critical information?,4,corpus_d03a736a7273,0.5433,,33042a3e-5e8e-4375-b964-0fe2252e504c,legal
0001,0001_coder_main_case_8b2,case_8b29225c97,coder_main,12,How does the enhanced collaboration within the IT department improve operational efficiency and access to critical information?,5,corpus_0479200714ef,0.5413,,33042a3e-5e8e-4375-b964-0fe2252e504c,legal
0001,0001_coder_main_case_8b2,case_8b29225c97,coder_main,13,Could you tell me more about domain area?,1,corpus_aac24ae0a7b4,0.5717,,33042a3e-5e8e-4375-b964-0fe2252e504c,legal
0001,0001_coder_main_case_8b2,case_8b29225c97,coder_main,13,Could you tell me more about domain area?,2,corpus_3e160cb0a1d2,0.5649,,33042a3e-5e8e-4375-b964-0fe2252e504c,legal
0001,0001_coder_main_case_8b2,case_8b29225c97,coder_main,13,Could you tell me more about domain area?,3,corpus_e634e990f73f,0.5647,,33042a3e-5e8e-4375-b964-0fe2252e504c,legal
0001,0001_coder_main_case_8b2,case_8b29225c97,coder_main,13,Could you tell me more about domain area?,4,corpus_d29ad5e339af,0.5512,,33042a3e-5e8e-4375-b964-0fe2252e504c,legal
0001,0001_coder_main_case_8b2,case_8b29225c97,coder_main,13,Could you tell me more about domain area?,5,corpus_611c7d18c7d3,0.5509,,33042a3e-5e8e-4375-b964-0fe2252e504c,legal
0001,0001_coder_main_case_8b2,case_8b29225c97,coder_main,14,Could you tell me more about domain area?,1,corpus_aac24ae0a7b4,0.5717,,33042a3e-5e8e-4375-b964-0fe2252e504c,legal
0001,0001_coder_main_case_8b2,case_8b29225c97,coder_main,14,Could you tell me more about domain area?,2,corpus_3e160cb0a1d2,0.5649,,33042a3e-5e8e-4375-b964-0fe2252e504c,legal
0001,0001_coder_main_case_8b2,case_8b29225c97,coder_main,14,Could you tell me more about domain area?,3,corpus_e634e990f73f,0.5647,,33042a3e-5e8e-4375-b964-0fe2252e504c,legal
0001,0001_coder_main_case_8b2,case_8b29225c97,coder_main,14,Could you tell me more about domain area?,4,corpus_d29ad5e339af,0.5512,,33042a3e-5e8e-4375-b964-0fe2252e504c,legal
0001,0001_coder_main_case_8b2,case_8b29225c97,coder_main,14,Could you tell me more about domain area?,5,corpus_611c7d18c7d3,0.5509,,33042a3e-5e8e-4375-b964-0fe2252e504c,legal
0001,0001_coder_main_case_729,case_72932afe74,coder_main,1,Could you tell me more about domain area?,1,corpus_90ca70ad5555,0.5461,,33042a3e-5e8e-4375-b964-0fe2252e504c,legal
0001,0001_coder_main_case_729,case_72932afe74,coder_main,1,Could you tell me more about domain area?,2,corpus_9d5e2ec4aecd,0.5407,,e23add42-dc9f-4b46-aa21-ac722ae16c36,retail
0001,0001_coder_main_case_729,case_72932afe74,coder_main,1,Could you tell me more about domain area?,3,corpus_9bf0a0dbce6d,0.5322,,33042a3e-5e8e-4375-b964-0fe2252e504c,legal
0001,0001_coder_main_case_729,case_72932afe74,coder_main,1,Could you tell me more about domain area?,4,corpus_7f283b2eb59f,0.5189,,33042a3e-5e8e-4375-b964-0fe2252e504c,legal
0001,0001_coder_main_case_729,case_72932afe74,coder_main,1,Could you tell me more about domain area?,5,corpus_4b47604ce9b7,0.518,,33042a3e-5e8e-4375-b964-0fe2252e504c,legal
0001,0001_coder_main_case_729,case_72932afe74,coder_main,2,Could you tell me more about domain area?,1,corpus_90ca70ad5555,0.5461,,33042a3e-5e8e-4375-b964-0fe2252e504c,legal
0001,0001_coder_main_case_729,case_72932afe74,coder_main,2,Could you tell me more about domain area?,2,corpus_9d5e2ec4aecd,0.5407,,e23add42-dc9f-4b46-aa21-ac722ae16c36,retail
0001,0001_coder_main_case_729,case_72932afe74,coder_main,2,Could you tell me more about domain area?,3,corpus_9bf0a0dbce6d,0.5322,,33042a3e-5e8e-4375-b964-0fe2252e504c,legal
0001,0001_coder_main_case_729,case_72932afe74,coder_main,2,Could you tell me more about domain area?,4,corpus_7f283b2eb59f,0.5189,,33042a3e-5e8e-4375-b964-0fe2252e504c,legal
0001,0001_coder_main_case_729,case_72932afe74,coder_main,2,Could you tell me more about domain area?,5,corpus_4b47604ce9b7,0.518,,33042a3e-5e8e-4375-b964-0fe2252e504c,legal
0001,0001_coder_main_case_729,case_72932afe74,coder_main,3,Could you tell me more about domain area?,1,corpus_90ca70ad5555,0.5461,,33042a3e-5e8e-4375-b964-0fe2252e504c,legal
0001,0001_coder_main_case_729,case_72932afe74,coder_main,3,Could you tell me more about domain area?,2,corpus_9d5e2ec4aecd,0.5407,,e23add42-dc9f-4b46-aa21-ac722ae16c36,retail
0001,0001_coder_main_case_729,case_72932afe74,coder_main,3,Could you tell me more about domain area?,3,corpus_9bf0a0dbce6d,0.5322,,33042a3e-5e8e-4375-b964-0fe2252e504c,legal
0001,0001_coder_main_case_729,case_72932afe74,coder_main,3,Could you tell me more about domain area?,4,corpus_7f283b2eb59f,0.5189,,33042a3e-5e8e-4375-b964-0fe2252e504c,legal
0001,0001_coder_main_case_729,case_72932afe74,coder_main,3,Could you tell me more about domain area?,5,corpus_4b47604ce9b7,0.518,,33042a3e-5e8e-4375-b964-0fe2252e504c,legal
0001,0001_coder_main_case_729,case_72932afe74,coder_main,4,What is the current level of knowledge sharing within the organization? Are there any specific initiatives or policies in place to promote knowledge sharing?,1,corpus_7fa3bd5aef67,0.5701,,33042a3e-5e8e-4375-b964-0fe2252e504c,legal
0001,0001_coder_main_case_729,case_72932afe74,coder_main,4,What is the current level of knowledge sharing within the organization? Are there any specific initiatives or policies in place to promote knowledge sharing?,2,corpus_82ed26b67697,0.5664,,af4b9da3-16de-4510-a1cb-2a32e101c884,healthcare
0001,0001_coder_main_case_729,case_72932afe74,coder_main,4,What is the current level of knowledge sharing within the organization? Are there any specific initiatives or policies in place to promote knowledge sharing?,3,corpus_90ca70ad5555,0.5654,,33042a3e-5e8e-4375-b964-0fe2252e504c,legal
0001,0001_coder_main_case_729,case_72932afe74,coder_main,4,What is the current level of knowledge sharing within the organization? Are there any specific initiatives or policies in place to promote knowledge sharing?,4,corpus_4f2bec734f45,0.5604,,33042a3e-5e8e-4375-b964-0fe2252e504c,legal
0001,0001_coder_main_case_729,case_72932afe74,coder_main,4,What is the current level of knowledge sharing within the organization? Are there any specific initiatives or policies in place to promote knowledge sharing?,5,corpus_8c5ce31c651e,0.5538,,33042a3e-5e8e-4375-b964-0fe2252e504c,legal
0001,0001_coder_main_case_729,case_72932afe74,coder_main,5,"Can you share more information about the specific initiatives or policies in place to promote knowledge sharing within the organization, such as exit interviews or centralized knowledge sharing strate",1,corpus_82ed26b67697,0.692,,af4b9da3-16de-4510-a1cb-2a32e101c884,healthcare
0001,0001_coder_main_case_729,case_72932afe74,coder_main,5,"Can you share more information about the specific initiatives or policies in place to promote knowledge sharing within the organization, such as exit interviews or centralized knowledge sharing strate",2,corpus_5a5c3f1d0c71,0.6576,,af4b9da3-16de-4510-a1cb-2a32e101c884,healthcare
0001,0001_coder_main_case_729,case_72932afe74,coder_main,5,"Can you share more information about the specific initiatives or policies in place to promote knowledge sharing within the organization, such as exit interviews or centralized knowledge sharing strate",3,corpus_4709625e9a6d,0.655,,33042a3e-5e8e-4375-b964-0fe2252e504c,legal
0001,0001_coder_main_case_729,case_72932afe74,coder_main,5,"Can you share more information about the specific initiatives or policies in place to promote knowledge sharing within the organization, such as exit interviews or centralized knowledge sharing strate",4,corpus_906224994f0a,0.6312,,33042a3e-5e8e-4375-b964-0fe2252e504c,legal
0001,0001_coder_main_case_729,case_72932afe74,coder_main,5,"Can you share more information about the specific initiatives or policies in place to promote knowledge sharing within the organization, such as exit interviews or centralized knowledge sharing strate",5,corpus_972dc4d8c499,0.6205,,33042a3e-5e8e-4375-b964-0fe2252e504c,legal
0001,0001_coder_main_case_729,case_72932afe74,coder_main,6,Could you tell me more about primary challenge?,1,corpus_4b47604ce9b7,0.5841,,33042a3e-5e8e-4375-b964-0fe2252e504c,legal
0001,0001_coder_main_case_729,case_72932afe74,coder_main,6,Could you tell me more about primary challenge?,2,corpus_f2a638834dda,0.5758,,33042a3e-5e8e-4375-b964-0fe2252e504c,legal
0001,0001_coder_main_case_729,case_72932afe74,coder_main,6,Could you tell me more about primary challenge?,3,corpus_d0300aec13ed,0.5622,,33042a3e-5e8e-4375-b964-0fe2252e504c,legal
0001,0001_coder_main_case_729,case_72932afe74,coder_main,6,Could you tell me more about primary challenge?,4,corpus_5a5c3f1d0c71,0.5544,,af4b9da3-16de-4510-a1cb-2a32e101c884,healthcare
0001,0001_coder_main_case_729,case_72932afe74,coder_main,6,Could you tell me more about primary challenge?,5,corpus_598fb7d8bb20,0.551,,33042a3e-5e8e-4375-b964-0fe2252e504c,legal
0001,0001_coder_main_case_729,case_72932afe74,coder_main,7,Could you tell me more about primary challenge?,1,corpus_4b47604ce9b7,0.5841,,33042a3e-5e8e-4375-b964-0fe2252e504c,legal
0001,0001_coder_main_case_729,case_72932afe74,coder_main,7,Could you tell me more about primary challenge?,2,corpus_f2a638834dda,0.5758,,33042a3e-5e8e-4375-b964-0fe2252e504c,legal
0001,0001_coder_main_case_729,case_72932afe74,coder_main,7,Could you tell me more about primary challenge?,3,corpus_d0300aec13ed,0.5622,,33042a3e-5e8e-4375-b964-0fe2252e504c,legal
0001,0001_coder_main_case_729,case_72932afe74,coder_main,7,Could you tell me more about primary challenge?,4,corpus_5a5c3f1d0c71,0.5544,,af4b9da3-16de-4510-a1cb-2a32e101c884,healthcare
0001,0001_coder_main_case_729,case_72932afe74,coder_main,7,Could you tell me more about primary challenge?,5,corpus_598fb7d8bb20,0.551,,33042a3e-5e8e-4375-b964-0fe2252e504c,legal
0001,0001_coder_main_case_729,case_72932afe74,coder_main,8,Could you tell me more about primary challenge?,1,corpus_4b47604ce9b7,0.5841,,33042a3e-5e8e-4375-b964-0fe2252e504c,legal
0001,0001_coder_main_case_729,case_72932afe74,coder_main,8,Could you tell me more about primary challenge?,2,corpus_f2a638834dda,0.5758,,33042a3e-5e8e-4375-b964-0fe2252e504c,legal
0001,0001_coder_main_case_729,case_72932afe74,coder_main,8,Could you tell me more about primary challenge?,3,corpus_d0300aec13ed,0.5622,,33042a3e-5e8e-4375-b964-0fe2252e504c,legal
0001,0001_coder_main_case_729,case_72932afe74,coder_main,8,Could you tell me more about primary challenge?,4,corpus_5a5c3f1d0c71,0.5544,,af4b9da3-16de-4510-a1cb-2a32e101c884,healthcare
0001,0001_coder_main_case_729,case_72932afe74,coder_main,8,Could you tell me more about primary challenge?,5,corpus_598fb7d8bb20,0.551,,33042a3e-5e8e-4375-b964-0fe2252e504c,legal
0001,0001_coder_main_case_729,case_72932afe74,coder_main,9,Could you tell me more about primary challenge?,1,corpus_4b47604ce9b7,0.5841,,33042a3e-5e8e-4375-b964-0fe2252e504c,legal
0001,0001_coder_main_case_729,case_72932afe74,coder_main,9,Could you tell me more about primary challenge?,2,corpus_f2a638834dda,0.5758,,33042a3e-5e8e-4375-b964-0fe2252e504c,legal
0001,0001_coder_main_case_729,case_72932afe74,coder_main,9,Could you tell me more about primary challenge?,3,corpus_d0300aec13ed,0.5622,,33042a3e-5e8e-4375-b964-0fe2252e504c,legal
0001,0001_coder_main_case_729,case_72932afe74,coder_main,9,Could you tell me more about primary challenge?,4,corpus_5a5c3f1d0c71,0.5544,,af4b9da3-16de-4510-a1cb-2a32e101c884,healthcare
0001,0001_coder_main_case_729,case_72932afe74,coder_main,9,Could you tell me more about primary challenge?,5,corpus_598fb7d8bb20,0.551,,33042a3e-5e8e-4375-b964-0fe2252e504c,legal
0001,0001_coder_main_case_729,case_72932afe74,coder_main,10,Could you tell me more about primary challenge?,1,corpus_4b47604ce9b7,0.5841,,33042a3e-5e8e-4375-b964-0fe2252e504c,legal
0001,0001_coder_main_case_729,case_72932afe74,coder_main,10,Could you tell me more about primary challenge?,2,corpus_f2a638834dda,0.5758,,33042a3e-5e8e-4375-b964-0fe2252e504c,legal
0001,0001_coder_main_case_729,case_72932afe74,coder_main,10,Could you tell me more about primary challenge?,3,corpus_d0300aec13ed,0.5622,,33042a3e-5e8e-4375-b964-0fe2252e504c,legal
0001,0001_coder_main_case_729,case_72932afe74,coder_main,10,Could you tell me more about primary challenge?,4,corpus_5a5c3f1d0c71,0.5544,,af4b9da3-16de-4510-a1cb-2a32e101c884,healthcare
0001,0001_coder_main_case_729,case_72932afe74,coder_main,10,Could you tell me more about primary challenge?,5,corpus_598fb7d8bb20,0.551,,33042a3e-5e8e-4375-b964-0fe2252e504c,legal
0001,0001_coder_main_case_729,case_72932afe74,coder_main,11,Could you tell me more about primary challenge?,1,corpus_4b47604ce9b7,0.5841,,33042a3e-5e8e-4375-b964-0fe2252e504c,legal
0001,0001_coder_main_case_729,case_72932afe74,coder_main,11,Could you tell me more about primary challenge?,2,corpus_f2a638834dda,0.5758,,33042a3e-5e8e-4375-b964-0fe2252e504c,legal
0001,0001_coder_main_case_729,case_72932afe74,coder_main,11,Could you tell me more about primary challenge?,3,corpus_d0300aec13ed,0.5622,,33042a3e-5e8e-4375-b964-0fe2252e504c,legal
0001,0001_coder_main_case_729,case_72932afe74,coder_main,11,Could you tell me more about primary challenge?,4,corpus_5a5c3f1d0c71,0.5544,,af4b9da3-16de-4510-a1cb-2a32e101c884,healthcare
0001,0001_coder_main_case_729,case_72932afe74,coder_main,11,Could you tell me more about primary challenge?,5,corpus_598fb7d8bb20,0.551,,33042a3e-5e8e-4375-b964-0fe2252e504c,legal
0001,0001_coder_main_case_729,case_72932afe74,coder_main,12,Could you tell me more about primary challenge?,1,corpus_4b47604ce9b7,0.5841,,33042a3e-5e8e-4375-b964-0fe2252e504c,legal
0001,0001_coder_main_case_729,case_72932afe74,coder_main,12,Could you tell me more about primary challenge?,2,corpus_f2a638834dda,0.5758,,33042a3e-5e8e-4375-b964-0fe2252e504c,legal
0001,0001_coder_main_case_729,case_72932afe74,coder_main,12,Could you tell me more about primary challenge?,3,corpus_d0300aec13ed,0.5622,,33042a3e-5e8e-4375-b964-0fe2252e504c,legal
0001,0001_coder_main_case_729,case_72932afe74,coder_main,12,Could you tell me more about primary challenge?,4,corpus_5a5c3f1d0c71,0.5544,,af4b9da3-16de-4510-a1cb-2a32e101c884,healthcare
0001,0001_coder_main_case_729,case_72932afe74,coder_main,12,Could you tell me more about primary challenge?,5,corpus_598fb7d8bb20,0.551,,33042a3e-5e8e-4375-b964-0fe2252e504c,legal
0001,0001_coder_main_case_729,case_72932afe74,coder_main,13,Could you tell me more about primary challenge?,1,corpus_4b47604ce9b7,0.5841,,33042a3e-5e8e-4375-b964-0fe2252e504c,legal
0001,0001_coder_main_case_729,case_72932afe74,coder_main,13,Could you tell me more about primary challenge?,2,corpus_f2a638834dda,0.5758,,33042a3e-5e8e-4375-b964-0fe2252e504c,legal
0001,0001_coder_main_case_729,case_72932afe74,coder_main,13,Could you tell me more about primary challenge?,3,corpus_d0300aec13ed,0.5622,,33042a3e-5e8e-4375-b964-0fe2252e504c,legal
0001,0001_coder_main_case_729,case_72932afe74,coder_main,13,Could you tell me more about primary challenge?,4,corpus_5a5c3f1d0c71,0.5544,,af4b9da3-16de-4510-a1cb-2a32e101c884,healthcare
0001,0001_coder_main_case_729,case_72932afe74,coder_main,13,Could you tell me more about primary challenge?,5,corpus_598fb7d8bb20,0.551,,33042a3e-5e8e-4375-b964-0fe2252e504c,legal
0001,0001_coder_main_case_729,case_72932afe74,coder_main,14,Could you tell me more about primary challenge?,1,corpus_4b47604ce9b7,0.5841,,33042a3e-5e8e-4375-b964-0fe2252e504c,legal
0001,0001_coder_main_case_729,case_72932afe74,coder_main,14,Could you tell me more about primary challenge?,2,corpus_f2a638834dda,0.5758,,33042a3e-5e8e-4375-b964-0fe2252e504c,legal
0001,0001_coder_main_case_729,case_72932afe74,coder_main,14,Could you tell me more about primary challenge?,3,corpus_d0300aec13ed,0.5622,,33042a3e-5e8e-4375-b964-0fe2252e504c,legal
0001,0001_coder_main_case_729,case_72932afe74,coder_main,14,Could you tell me more about primary challenge?,4,corpus_5a5c3f1d0c71,0.5544,,af4b9da3-16de-4510-a1cb-2a32e101c884,healthcare
0001,0001_coder_main_case_729,case_72932afe74,coder_main,14,Could you tell me more about primary challenge?,5,corpus_598fb7d8bb20,0.551,,33042a3e-5e8e-4375-b964-0fe2252e504c,legal
0001,0001_coder_main_case_8b2,case_8b29225c97,coder_main,1,Could you tell me more about domain area?,1,corpus_aac24ae0a7b4,0.5717,,33042a3e-5e8e-4375-b964-0fe2252e504c,legal
0001,0001_coder_main_case_8b2,case_8b29225c97,coder_main,1,Could you tell me more about domain area?,2,corpus_3e160cb0a1d2,0.5649,,33042a3e-5e8e-4375-b964-0fe2252e504c,legal
0001,0001_coder_main_case_8b2,case_8b29225c97,coder_main,1,Could you tell me more about domain area?,3,corpus_e634e990f73f,0.5647,,33042a3e-5e8e-4375-b964-0fe2252e504c,legal
0001,0001_coder_main_case_8b2,case_8b29225c97,coder_main,1,Could you tell me more about domain area?,4,corpus_d29ad5e339af,0.5512,,33042a3e-5e8e-4375-b964-0fe2252e504c,legal
0001,0001_coder_main_case_8b2,case_8b29225c97,coder_main,1,Could you tell me more about domain area?,5,corpus_611c7d18c7d3,0.5509,,33042a3e-5e8e-4375-b964-0fe2252e504c,legal
0001,0001_coder_main_case_8b2,case_8b29225c97,coder_main,2,Could you tell me more about primary challenge?,1,corpus_76e7114db21a,0.5433,,33042a3e-5e8e-4375-b964-0fe2252e504c,legal
0001,0001_coder_main_case_8b2,case_8b29225c97,coder_main,2,Could you tell me more about primary challenge?,2,corpus_296f0c49df07,0.5415,,33042a3e-5e8e-4375-b964-0fe2252e504c,legal
0001,0001_coder_main_case_8b2,case_8b29225c97,coder_main,2,Could you tell me more about primary challenge?,3,corpus_7d50834d4b2a,0.5339,,af4b9da3-16de-4510-a1cb-2a32e101c884,healthcare
0001,0001_coder_main_case_8b2,case_8b29225c97,coder_main,2,Could you tell me more about primary challenge?,4,corpus_e6d0bcbf3b07,0.5228,,af4b9da3-16de-4510-a1cb-2a32e101c884,healthcare
0001,0001_coder_main_case_8b2,case_8b29225c97,coder_main,2,Could you tell me more about primary challenge?,5,corpus_5b168d44f690,0.5199,,33042a3e-5e8e-4375-b964-0fe2252e504c,legal
0001,0001_coder_main_case_8b2,case_8b29225c97,coder_main,3,Could you tell me more about primary challenge?,1,corpus_76e7114db21a,0.5433,,33042a3e-5e8e-4375-b964-0fe2252e504c,legal
0001,0001_coder_main_case_8b2,case_8b29225c97,coder_main,3,Could you tell me more about primary challenge?,2,corpus_296f0c49df07,0.5415,,33042a3e-5e8e-4375-b964-0fe2252e504c,legal
0001,0001_coder_main_case_8b2,case_8b29225c97,coder_main,3,Could you tell me more about primary challenge?,3,corpus_7d50834d4b2a,0.5339,,af4b9da3-16de-4510-a1cb-2a32e101c884,healthcare
0001,0001_coder_main_case_8b2,case_8b29225c97,coder_main,3,Could you tell me more about primary challenge?,4,corpus_e6d0bcbf3b07,0.5228,,af4b9da3-16de-4510-a1cb-2a32e101c884,healthcare
0001,0001_coder_main_case_8b2,case_8b29225c97,coder_main,3,Could you tell me more about primary challenge?,5,corpus_5b168d44f690,0.5199,,33042a3e-5e8e-4375-b964-0fe2252e504c,legal
0001,0001_coder_main_case_8b2,case_8b29225c97,coder_main,4,Could you provide more information about the specific challenges faced by GlobalFin Corp. in implementing the integrated approach to improve efficiency and transparency?,1,corpus_023876f89100,0.6065,,33042a3e-5e8e-4375-b964-0fe2252e504c,legal
0001,0001_coder_main_case_8b2,case_8b29225c97,coder_main,4,Could you provide more information about the specific challenges faced by GlobalFin Corp. in implementing the integrated approach to improve efficiency and transparency?,2,corpus_972dc4d8c499,0.6041,,33042a3e-5e8e-4375-b964-0fe2252e504c,legal
0001,0001_coder_main_case_8b2,case_8b29225c97,coder_main,4,Could you provide more information about the specific challenges faced by GlobalFin Corp. in implementing the integrated approach to improve efficiency and transparency?,3,corpus_ba21f14c583e,0.5967,,33042a3e-5e8e-4375-b964-0fe2252e504c,legal
0001,0001_coder_main_case_8b2,case_8b29225c97,coder_main,4,Could you provide more information about the specific challenges faced by GlobalFin Corp. in implementing the integrated approach to improve efficiency and transparency?,4,corpus_4c1078ca06ee,0.5909,,33042a3e-5e8e-4375-b964-0fe2252e504c,legal
0001,0001_coder_main_case_8b2,case_8b29225c97,coder_main,4,Could you provide more information about the specific challenges faced by GlobalFin Corp. in implementing the integrated approach to improve efficiency and transparency?,5,corpus_aac24ae0a7b4,0.5888,,33042a3e-5e8e-4375-b964-0fe2252e504c,legal
0001,0001_coder_main_case_8b2,case_8b29225c97,coder_main,5,Can you share more about the challenges faced by GlobalFin Corp. in implementing the integrated approach to improve efficiency and transparency? How did they overcome these challenges?,1,corpus_023876f89100,0.6065,,33042a3e-5e8e-4375-b964-0fe2252e504c,legal
0001,0001_coder_main_case_8b2,case_8b29225c97,coder_main,5,Can you share more about the challenges faced by GlobalFin Corp. in implementing the integrated approach to improve efficiency and transparency? How did they overcome these challenges?,2,corpus_972dc4d8c499,0.6041,,33042a3e-5e8e-4375-b964-0fe2252e504c,legal
0001,0001_coder_main_case_8b2,case_8b29225c97,coder_main,5,Can you share more about the challenges faced by GlobalFin Corp. in implementing the integrated approach to improve efficiency and transparency? How did they overcome these challenges?,3,corpus_ba21f14c583e,0.5967,,33042a3e-5e8e-4375-b964-0fe2252e504c,legal
0001,0001_coder_main_case_8b2,case_8b29225c97,coder_main,5,Can you share more about the challenges faced by GlobalFin Corp. in implementing the integrated approach to improve efficiency and transparency? How did they overcome these challenges?,4,corpus_4c1078ca06ee,0.5909,,33042a3e-5e8e-4375-b964-0fe2252e504c,legal
0001,0001_coder_main_case_8b2,case_8b29225c97,coder_main,5,Can you share more about the challenges faced by GlobalFin Corp. in implementing the integrated approach to improve efficiency and transparency? How did they overcome these challenges?,5,corpus_aac24ae0a7b4,0.5888,,33042a3e-5e8e-4375-b964-0fe2252e504c,legal
0001,0001_coder_main_case_8b2,case_8b29225c97,coder_main,6,Could you tell me more about primary challenge?,1,corpus_76e7114db21a,0.5433,,33042a3e-5e8e-4375-b964-0fe2252e504c,legal
0001,0001_coder_main_case_8b2,case_8b29225c97,coder_main,6,Could you tell me more about primary challenge?,2,corpus_296f0c49df07,0.5415,,33042a3e-5e8e-4375-b964-0fe2252e504c,legal
0001,0001_coder_main_case_8b2,case_8b29225c97,coder_main,6,Could you tell me more about primary challenge?,3,corpus_7d50834d4b2a,0.5339,,af4b9da3-16de-4510-a1cb-2a32e101c884,healthcare
0001,0001_coder_main_case_8b2,case_8b29225c97,coder_main,6,Could you tell me more about primary challenge?,4,corpus_e6d0bcbf3b07,0.5228,,af4b9da3-16de-4510-a1cb-2a32e101c884,healthcare
0001,0001_coder_main_case_8b2,case_8b29225c97,coder_main,6,Could you tell me more about primary challenge?,5,corpus_5b168d44f690,0.5199,,33042a3e-5e8e-4375-b964-0fe2252e504c,legal
0001,0001_coder_main_case_8b2,case_8b29225c97,coder_main,7,Could you tell me more about primary challenge?,1,corpus_76e7114db21a,0.5433,,33042a3e-5e8e-4375-b964-0fe2252e504c,legal
0001,0001_coder_main_case_8b2,case_8b29225c97,coder_main,7,Could you tell me more about primary challenge?,2,corpus_296f0c49df07,0.5415,,33042a3e-5e8e-4375-b964-0fe2252e504c,legal
0001,0001_coder_main_case_8b2,case_8b29225c97,coder_main,7,Could you tell me more about primary challenge?,3,corpus_7d50834d4b2a,0.5339,,af4b9da3-16de-4510-a1cb-2a32e101c884,healthcare
0001,0001_coder_main_case_8b2,case_8b29225c97,coder_main,7,Could you tell me more about primary challenge?,4,corpus_e6d0bcbf3b07,0.5228,,af4b9da3-16de-4510-a1cb-2a32e101c884,healthcare
0001,0001_coder_main_case_8b2,case_8b29225c97,coder_main,7,Could you tell me more about primary challenge?,5,corpus_5b168d44f690,0.5199,,33042a3e-5e8e-4375-b964-0fe2252e504c,legal
0001,0001_coder_main_case_8b2,case_8b29225c97,coder_main,8,Could you tell me more about primary challenge?,1,corpus_76e7114db21a,0.5433,,33042a3e-5e8e-4375-b964-0fe2252e504c,legal
0001,0001_coder_main_case_8b2,case_8b29225c97,coder_main,8,Could you tell me more about primary challenge?,2,corpus_296f0c49df07,0.5415,,33042a3e-5e8e-4375-b964-0fe2252e504c,legal
0001,0001_coder_main_case_8b2,case_8b29225c97,coder_main,8,Could you tell me more about primary challenge?,3,corpus_7d50834d4b2a,0.5339,,af4b9da3-16de-4510-a1cb-2a32e101c884,healthcare
0001,0001_coder_main_case_8b2,case_8b29225c97,coder_main,8,Could you tell me more about primary challenge?,4,corpus_e6d0bcbf3b07,0.5228,,af4b9da3-16de-4510-a1cb-2a32e101c884,healthcare
0001,0001_coder_main_case_8b2,case_8b29225c97,coder_main,8,Could you tell me more about primary challenge?,5,corpus_5b168d44f690,0.5199,,33042a3e-5e8e-4375-b964-0fe2252e504c,legal
0001,0001_coder_main_case_8b2,case_8b29225c97,coder_main,9,Could you tell me more about primary challenge?,1,corpus_76e7114db21a,0.5433,,33042a3e-5e8e-4375-b964-0fe2252e504c,legal
0001,0001_coder_main_case_8b2,case_8b29225c97,coder_main,9,Could you tell me more about primary challenge?,2,corpus_296f0c49df07,0.5415,,33042a3e-5e8e-4375-b964-0fe2252e504c,legal
0001,0001_coder_main_case_8b2,case_8b29225c97,coder_main,9,Could you tell me more about primary challenge?,3,corpus_7d50834d4b2a,0.5339,,af4b9da3-16de-4510-a1cb-2a32e101c884,healthcare
0001,0001_coder_main_case_8b2,case_8b29225c97,coder_main,9,Could you tell me more about primary challenge?,4,corpus_e6d0bcbf3b07,0.5228,,af4b9da3-16de-4510-a1cb-2a32e101c884,healthcare
0001,0001_coder_main_case_8b2,case_8b29225c97,coder_main,9,Could you tell me more about primary challenge?,5,corpus_5b168d44f690,0.5199,,33042a3e-5e8e-4375-b964-0fe2252e504c,legal
0001,0001_coder_main_case_8b2,case_8b29225c97,coder_main,10,Could you tell me more about primary challenge?,1,corpus_76e7114db21a,0.5433,,33042a3e-5e8e-4375-b964-0fe2252e504c,legal
0001,0001_coder_main_case_8b2,case_8b29225c97,coder_main,10,Could you tell me more about primary challenge?,2,corpus_296f0c49df07,0.5415,,33042a3e-5e8e-4375-b964-0fe2252e504c,legal
0001,0001_coder_main_case_8b2,case_8b29225c97,coder_main,10,Could you tell me more about primary challenge?,3,corpus_7d50834d4b2a,0.5339,,af4b9da3-16de-4510-a1cb-2a32e101c884,healthcare
0001,0001_coder_main_case_8b2,case_8b29225c97,coder_main,10,Could you tell me more about primary challenge?,4,corpus_e6d0bcbf3b07,0.5228,,af4b9da3-16de-4510-a1cb-2a32e101c884,healthcare
0001,0001_coder_main_case_8b2,case_8b29225c97,coder_main,10,Could you tell me more about primary challenge?,5,corpus_5b168d44f690,0.5199,,33042a3e-5e8e-4375-b964-0fe2252e504c,legal
0001,0001_coder_main_case_8b2,case_8b29225c97,coder_main,11,Could you tell me more about primary challenge?,1,corpus_76e7114db21a,0.5433,,33042a3e-5e8e-4375-b964-0fe2252e504c,legal
0001,0001_coder_main_case_8b2,case_8b29225c97,coder_main,11,Could you tell me more about primary challenge?,2,corpus_296f0c49df07,0.5415,,33042a3e-5e8e-4375-b964-0fe2252e504c,legal
0001,0001_coder_main_case_8b2,case_8b29225c97,coder_main,11,Could you tell me more about primary challenge?,3,corpus_7d50834d4b2a,0.5339,,af4b9da3-16de-4510-a1cb-2a32e101c884,healthcare
0001,0001_coder_main_case_8b2,case_8b29225c97,coder_main,11,Could you tell me more about primary challenge?,4,corpus_e6d0bcbf3b07,0.5228,,af4b9da3-16de-4510-a1cb-2a32e101c884,healthcare
0001,0001_coder_main_case_8b2,case_8b29225c97,coder_main,11,Could you tell me more about primary challenge?,5,corpus_5b168d44f690,0.5199,,33042a3e-5e8e-4375-b964-0fe2252e504c,legal
0001,0001_coder_main_case_8b2,case_8b29225c97,coder_main,12,Could you tell me more about primary challenge?,1,corpus_76e7114db21a,0.5433,,33042a3e-5e8e-4375-b964-0fe2252e504c,legal
0001,0001_coder_main_case_8b2,case_8b29225c97,coder_main,12,Could you tell me more about primary challenge?,2,corpus_296f0c49df07,0.5415,,33042a3e-5e8e-4375-b964-0fe2252e504c,legal
0001,0001_coder_main_case_8b2,case_8b29225c97,coder_main,12,Could you tell me more about primary challenge?,3,corpus_7d50834d4b2a,0.5339,,af4b9da3-16de-4510-a1cb-2a32e101c884,healthcare
0001,0001_coder_main_case_8b2,case_8b29225c97,coder_main,12,Could you tell me more about primary challenge?,4,corpus_e6d0bcbf3b07,0.5228,,af4b9da3-16de-4510-a1cb-2a32e101c884,healthcare
0001,0001_coder_main_case_8b2,case_8b29225c97,coder_main,12,Could you tell me more about primary challenge?,5,corpus_5b168d44f690,0.5199,,33042a3e-5e8e-4375-b964-0fe2252e504c,legal
0001,0001_coder_main_case_8b2,case_8b29225c97,coder_main,13,How did InnovateTech address the challenges they faced related to employee satisfaction scores and time zones in their Complia project?,1,corpus_6c7017077971,0.6149,,33042a3e-5e8e-4375-b964-0fe2252e504c,legal
0001,0001_coder_main_case_8b2,case_8b29225c97,coder_main,13,How did InnovateTech address the challenges they faced related to employee satisfaction scores and time zones in their Complia project?,2,corpus_598fb7d8bb20,0.6065,,33042a3e-5e8e-4375-b964-0fe2252e504c,legal
0001,0001_coder_main_case_8b2,case_8b29225c97,coder_main,13,How did InnovateTech address the challenges they faced related to employee satisfaction scores and time zones in their Complia project?,3,corpus_cef46e7d54bf,0.5964,,33042a3e-5e8e-4375-b964-0fe2252e504c,legal
0001,0001_coder_main_case_8b2,case_8b29225c97,coder_main,13,How did InnovateTech address the challenges they faced related to employee satisfaction scores and time zones in their Complia project?,4,corpus_4709625e9a6d,0.5925,,33042a3e-5e8e-4375-b964-0fe2252e504c,legal
0001,0001_coder_main_case_8b2,case_8b29225c97,coder_main,13,How did InnovateTech address the challenges they faced related to employee satisfaction scores and time zones in their Complia project?,5,corpus_7dd4c34c90bc,0.5924,,33042a3e-5e8e-4375-b964-0fe2252e504c,legal
0001,0001_coder_main_case_8b2,case_8b29225c97,coder_main,14,Could you tell me more about primary challenge?,1,corpus_6c7017077971,0.6149,,33042a3e-5e8e-4375-b964-0fe2252e504c,legal
0001,0001_coder_main_case_8b2,case_8b29225c97,coder_main,14,Could you tell me more about primary challenge?,2,corpus_598fb7d8bb20,0.6065,,33042a3e-5e8e-4375-b964-0fe2252e504c,legal
0001,0001_coder_main_case_8b2,case_8b29225c97,coder_main,14,Could you tell me more about primary challenge?,3,corpus_cef46e7d54bf,0.5964,,33042a3e-5e8e-4375-b964-0fe2252e504c,legal
0001,0001_coder_main_case_8b2,case_8b29225c97,coder_main,14,Could you tell me more about primary challenge?,4,corpus_4709625e9a6d,0.5925,,33042a3e-5e8e-4375-b964-0fe2252e504c,legal
0001,0001_coder_main_case_8b2,case_8b29225c97,coder_main,14,Could you tell me more about primary challenge?,5,corpus_7dd4c34c90bc,0.5924,,33042a3e-5e8e-4375-b964-0fe2252e504c,legal
0001,0001_coder_main_case_729,case_72932afe74,coder_main,1,Could you tell me more about domain area?,1,corpus_90ca70ad5555,0.5461,,33042a3e-5e8e-4375-b964-0fe2252e504c,legal
0001,0001_coder_main_case_729,case_72932afe74,coder_main,1,Could you tell me more about domain area?,2,corpus_9d5e2ec4aecd,0.5407,,e23add42-dc9f-4b46-aa21-ac722ae16c36,retail
0001,0001_coder_main_case_729,case_72932afe74,coder_main,1,Could you tell me more about domain area?,3,corpus_9bf0a0dbce6d,0.5322,,33042a3e-5e8e-4375-b964-0fe2252e504c,legal
0001,0001_coder_main_case_729,case_72932afe74,coder_main,1,Could you tell me more about domain area?,4,corpus_7f283b2eb59f,0.5189,,33042a3e-5e8e-4375-b964-0fe2252e504c,legal
0001,0001_coder_main_case_729,case_72932afe74,coder_main,1,Could you tell me more about domain area?,5,corpus_4b47604ce9b7,0.518,,33042a3e-5e8e-4375-b964-0fe2252e504c,legal
0001,0001_coder_main_case_729,case_72932afe74,coder_main,2,Could you tell me more about technologies used?,1,corpus_9ee7167294e2,0.542,,af4b9da3-16de-4510-a1cb-2a32e101c884,healthcare
0001,0001_coder_main_case_729,case_72932afe74,coder_main,2,Could you tell me more about technologies used?,2,corpus_b28a48c34168,0.5311,,33042a3e-5e8e-4375-b964-0fe2252e504c,legal
0001,0001_coder_main_case_729,case_72932afe74,coder_main,2,Could you tell me more about technologies used?,3,corpus_581d371a96a8,0.5292,,33042a3e-5e8e-4375-b964-0fe2252e504c,legal
0001,0001_coder_main_case_729,case_72932afe74,coder_main,2,Could you tell me more about technologies used?,4,corpus_ac167edc04d3,0.5289,,33042a3e-5e8e-4375-b964-0fe2252e504c,legal
0001,0001_coder_main_case_729,case_72932afe74,coder_main,2,Could you tell me more about technologies used?,5,corpus_e634e990f73f,0.5272,,33042a3e-5e8e-4375-b964-0fe2252e504c,legal
0001,0001_coder_main_case_729,case_72932afe74,coder_main,3,Could you tell me more about technologies used?,1,corpus_9ee7167294e2,0.542,,af4b9da3-16de-4510-a1cb-2a32e101c884,healthcare
0001,0001_coder_main_case_729,case_72932afe74,coder_main,3,Could you tell me more about technologies used?,2,corpus_b28a48c34168,0.5311,,33042a3e-5e8e-4375-b964-0fe2252e504c,legal
0001,0001_coder_main_case_729,case_72932afe74,coder_main,3,Could you tell me more about technologies used?,3,corpus_581d371a96a8,0.5292,,33042a3e-5e8e-4375-b964-0fe2252e504c,legal
0001,0001_coder_main_case_729,case_72932afe74,coder_main,3,Could you tell me more about technologies used?,4,corpus_ac167edc04d3,0.5289,,33042a3e-5e8e-4375-b964-0fe2252e504c,legal
0001,0001_coder_main_case_729,case_72932afe74,coder_main,3,Could you tell me more about technologies used?,5,corpus_e634e990f73f,0.5272,,33042a3e-5e8e-4375-b964-0fe2252e504c,legal
0001,0001_coder_main_case_729,case_72932afe74,coder_main,4,Could you tell me more about technologies used?,1,corpus_9ee7167294e2,0.542,,af4b9da3-16de-4510-a1cb-2a32e101c884,healthcare
0001,0001_coder_main_case_729,case_72932afe74,coder_main,4,Could you tell me more about technologies used?,2,corpus_b28a48c34168,0.5311,,33042a3e-5e8e-4375-b964-0fe2252e504c,legal
0001,0001_coder_main_case_729,case_72932afe74,coder_main,4,Could you tell me more about technologies used?,3,corpus_581d371a96a8,0.5292,,33042a3e-5e8e-4375-b964-0fe2252e504c,legal
0001,0001_coder_main_case_729,case_72932afe74,coder_main,4,Could you tell me more about technologies used?,4,corpus_ac167edc04d3,0.5289,,33042a3e-5e8e-4375-b964-0fe2252e504c,legal
0001,0001_coder_main_case_729,case_72932afe74,coder_main,4,Could you tell me more about technologies used?,5,corpus_e634e990f73f,0.5272,,33042a3e-5e8e-4375-b964-0fe2252e504c,legal
0001,0001_coder_main_case_729,case_72932afe74,coder_main,5,Could you tell me more about technologies used?,1,corpus_9ee7167294e2,0.542,,af4b9da3-16de-4510-a1cb-2a32e101c884,healthcare
0001,0001_coder_main_case_729,case_72932afe74,coder_main,5,Could you tell me more about technologies used?,2,corpus_b28a48c34168,0.5311,,33042a3e-5e8e-4375-b964-0fe2252e504c,legal
0001,0001_coder_main_case_729,case_72932afe74,coder_main,5,Could you tell me more about technologies used?,3,corpus_581d371a96a8,0.5292,,33042a3e-5e8e-4375-b964-0fe2252e504c,legal
0001,0001_coder_main_case_729,case_72932afe74,coder_main,5,Could you tell me more about technologies used?,4,corpus_ac167edc04d3,0.5289,,33042a3e-5e8e-4375-b964-0fe2252e504c,legal
0001,0001_coder_main_case_729,case_72932afe74,coder_main,5,Could you tell me more about technologies used?,5,corpus_e634e990f73f,0.5272,,33042a3e-5e8e-4375-b964-0fe2252e504c,legal
0001,0001_coder_main_case_729,case_72932afe74,coder_main,6,Could you tell me more about technologies used?,1,corpus_9ee7167294e2,0.542,,af4b9da3-16de-4510-a1cb-2a32e101c884,healthcare
0001,0001_coder_main_case_729,case_72932afe74,coder_main,6,Could you tell me more about technologies used?,2,corpus_b28a48c34168,0.5311,,33042a3e-5e8e-4375-b964-0fe2252e504c,legal
0001,0001_coder_main_case_729,case_72932afe74,coder_main,6,Could you tell me more about technologies used?,3,corpus_581d371a96a8,0.5292,,33042a3e-5e8e-4375-b964-0fe2252e504c,legal
0001,0001_coder_main_case_729,case_72932afe74,coder_main,6,Could you tell me more about technologies used?,4,corpus_ac167edc04d3,0.5289,,33042a3e-5e8e-4375-b964-0fe2252e504c,legal
0001,0001_coder_main_case_729,case_72932afe74,coder_main,6,Could you tell me more about technologies used?,5,corpus_e634e990f73f,0.5272,,33042a3e-5e8e-4375-b964-0fe2252e504c,legal
0001,0001_coder_main_case_729,case_72932afe74,coder_main,7,Could you tell me more about technologies used?,1,corpus_9ee7167294e2,0.542,,af4b9da3-16de-4510-a1cb-2a32e101c884,healthcare
0001,0001_coder_main_case_729,case_72932afe74,coder_main,7,Could you tell me more about technologies used?,2,corpus_b28a48c34168,0.5311,,33042a3e-5e8e-4375-b964-0fe2252e504c,legal
0001,0001_coder_main_case_729,case_72932afe74,coder_main,7,Could you tell me more about technologies used?,3,corpus_581d371a96a8,0.5292,,33042a3e-5e8e-4375-b964-0fe2252e504c,legal
0001,0001_coder_main_case_729,case_72932afe74,coder_main,7,Could you tell me more about technologies used?,4,corpus_ac167edc04d3,0.5289,,33042a3e-5e8e-4375-b964-0fe2252e504c,legal
0001,0001_coder_main_case_729,case_72932afe74,coder_main,7,Could you tell me more about technologies used?,5,corpus_e634e990f73f,0.5272,,33042a3e-5e8e-4375-b964-0fe2252e504c,legal
0001,0001_coder_main_case_729,case_72932afe74,coder_main,8,Could you tell me more about technologies used?,1,corpus_9ee7167294e2,0.542,,af4b9da3-16de-4510-a1cb-2a32e101c884,healthcare
0001,0001_coder_main_case_729,case_72932afe74,coder_main,8,Could you tell me more about technologies used?,2,corpus_b28a48c34168,0.5311,,33042a3e-5e8e-4375-b964-0fe2252e504c,legal
0001,0001_coder_main_case_729,case_72932afe74,coder_main,8,Could you tell me more about technologies used?,3,corpus_581d371a96a8,0.5292,,33042a3e-5e8e-4375-b964-0fe2252e504c,legal
0001,0001_coder_main_case_729,case_72932afe74,coder_main,8,Could you tell me more about technologies used?,4,corpus_ac167edc04d3,0.5289,,33042a3e-5e8e-4375-b964-0fe2252e504c,legal
0001,0001_coder_main_case_729,case_72932afe74,coder_main,8,Could you tell me more about technologies used?,5,corpus_e634e990f73f,0.5272,,33042a3e-5e8e-4375-b964-0fe2252e504c,legal
0001,0001_coder_main_case_729,case_72932afe74,coder_main,9,Could you provide more details on how these technologies enhanced collaboration and communication within the organization?,1,corpus_91f33de58151,0.524,,af4b9da3-16de-4510-a1cb-2a32e101c884,healthcare
0001,0001_coder_main_case_729,case_72932afe74,coder_main,9,Could you provide more details on how these technologies enhanced collaboration and communication within the organization?,2,corpus_d0300aec13ed,0.5138,,33042a3e-5e8e-4375-b964-0fe2252e504c,legal
0001,0001_coder_main_case_729,case_72932afe74,coder_main,9,Could you provide more details on how these technologies enhanced collaboration and communication within the organization?,3,corpus_4757baf89dee,0.5112,,33042a3e-5e8e-4375-b964-0fe2252e504c,legal
0001,0001_coder_main_case_729,case_72932afe74,coder_main,9,Could you provide more details on how these technologies enhanced collaboration and communication within the organization?,4,corpus_4b47604ce9b7,0.5087,,33042a3e-5e8e-4375-b964-0fe2252e504c,legal
0001,0001_coder_main_case_729,case_72932afe74,coder_main,9,Could you provide more details on how these technologies enhanced collaboration and communication within the organization?,5,corpus_f2a638834dda,0.5051,,33042a3e-5e8e-4375-b964-0fe2252e504c,legal
0001,0001_coder_main_case_729,case_72932afe74,coder_main,10,Could you tell me more about technologies used?,1,corpus_9ee7167294e2,0.542,,af4b9da3-16de-4510-a1cb-2a32e101c884,healthcare
0001,0001_coder_main_case_729,case_72932afe74,coder_main,10,Could you tell me more about technologies used?,2,corpus_b28a48c34168,0.5311,,33042a3e-5e8e-4375-b964-0fe2252e504c,legal
0001,0001_coder_main_case_729,case_72932afe74,coder_main,10,Could you tell me more about technologies used?,3,corpus_581d371a96a8,0.5292,,33042a3e-5e8e-4375-b964-0fe2252e504c,legal
0001,0001_coder_main_case_729,case_72932afe74,coder_main,10,Could you tell me more about technologies used?,4,corpus_ac167edc04d3,0.5289,,33042a3e-5e8e-4375-b964-0fe2252e504c,legal
0001,0001_coder_main_case_729,case_72932afe74,coder_main,10,Could you tell me more about technologies used?,5,corpus_e634e990f73f,0.5272,,33042a3e-5e8e-4375-b964-0fe2252e504c,legal
0001,0001_coder_main_case_729,case_72932afe74,coder_main,11,Could you tell me more about technologies used?,1,corpus_9ee7167294e2,0.542,,af4b9da3-16de-4510-a1cb-2a32e101c884,healthcare
0001,0001_coder_main_case_729,case_72932afe74,coder_main,11,Could you tell me more about technologies used?,2,corpus_b28a48c34168,0.5311,,33042a3e-5e8e-4375-b964-0fe2252e504c,legal
0001,0001_coder_main_case_729,case_72932afe74,coder_main,11,Could you tell me more about technologies used?,3,corpus_581d371a96a8,0.5292,,33042a3e-5e8e-4375-b964-0fe2252e504c,legal
0001,0001_coder_main_case_729,case_72932afe74,coder_main,11,Could you tell me more about technologies used?,4,corpus_ac167edc04d3,0.5289,,33042a3e-5e8e-4375-b964-0fe2252e504c,legal
0001,0001_coder_main_case_729,case_72932afe74,coder_main,11,Could you tell me more about technologies used?,5,corpus_e634e990f73f,0.5272,,33042a3e-5e8e-4375-b964-0fe2252e504c,legal
0001,0001_coder_main_case_729,case_72932afe74,coder_main,12,"What specific benefits did the introduction of Zendesk, Salesforce Knowledge, and the AI-powered chatbot have on collaboration and communication within your organization?",1,corpus_9ee7167294e2,0.5456,,af4b9da3-16de-4510-a1cb-2a32e101c884,healthcare
0001,0001_coder_main_case_729,case_72932afe74,coder_main,12,"What specific benefits did the introduction of Zendesk, Salesforce Knowledge, and the AI-powered chatbot have on collaboration and communication within your organization?",2,corpus_93b6b75d8e81,0.5314,,33042a3e-5e8e-4375-b964-0fe2252e504c,legal
0001,0001_coder_main_case_729,case_72932afe74,coder_main,12,"What specific benefits did the introduction of Zendesk, Salesforce Knowledge, and the AI-powered chatbot have on collaboration and communication within your organization?",3,corpus_1caf7bb3735f,0.5191,,33042a3e-5e8e-4375-b964-0fe2252e504c,legal
0001,0001_coder_main_case_729,case_72932afe74,coder_main,12,"What specific benefits did the introduction of Zendesk, Salesforce Knowledge, and the AI-powered chatbot have on collaboration and communication within your organization?",4,corpus_efd7418d8083,0.5173,,33042a3e-5e8e-4375-b964-0fe2252e504c,legal
0001,0001_coder_main_case_729,case_72932afe74,coder_main,12,"What specific benefits did the introduction of Zendesk, Salesforce Knowledge, and the AI-powered chatbot have on collaboration and communication within your organization?",5,corpus_44a45d7d2d99,0.5158,,af4b9da3-16de-4510-a1cb-2a32e101c884,healthcare
0001,0001_coder_main_case_729,case_72932afe74,coder_main,13,Can you provide more information on how these technologies enhanced collaboration and communication within the organization?,1,corpus_91f33de58151,0.524,,af4b9da3-16de-4510-a1cb-2a32e101c884,healthcare
0001,0001_coder_main_case_729,case_72932afe74,coder_main,13,Can you provide more information on how these technologies enhanced collaboration and communication within the organization?,2,corpus_d0300aec13ed,0.5138,,33042a3e-5e8e-4375-b964-0fe2252e504c,legal
0001,0001_coder_main_case_729,case_72932afe74,coder_main,13,Can you provide more information on how these technologies enhanced collaboration and communication within the organization?,3,corpus_4757baf89dee,0.5112,,33042a3e-5e8e-4375-b964-0fe2252e504c,legal
0001,0001_coder_main_case_729,case_72932afe74,coder_main,13,Can you provide more information on how these technologies enhanced collaboration and communication within the organization?,4,corpus_4b47604ce9b7,0.5087,,33042a3e-5e8e-4375-b964-0fe2252e504c,legal
0001,0001_coder_main_case_729,case_72932afe74,coder_main,13,Can you provide more information on how these technologies enhanced collaboration and communication within the organization?,5,corpus_f2a638834dda,0.5051,,33042a3e-5e8e-4375-b964-0fe2252e504c,legal
0001,0001_coder_main_case_729,case_72932afe74,coder_main,14,Could you tell me more about technologies used?,1,corpus_91f33de58151,0.524,,af4b9da3-16de-4510-a1cb-2a32e101c884,healthcare
0001,0001_coder_main_case_729,case_72932afe74,coder_main,14,Could you tell me more about technologies used?,2,corpus_d0300aec13ed,0.5138,,33042a3e-5e8e-4375-b964-0fe2252e504c,legal
0001,0001_coder_main_case_729,case_72932afe74,coder_main,14,Could you tell me more about technologies used?,3,corpus_4757baf89dee,0.5112,,33042a3e-5e8e-4375-b964-0fe2252e504c,legal
0001,0001_coder_main_case_729,case_72932afe74,coder_main,14,Could you tell me more about technologies used?,4,corpus_4b47604ce9b7,0.5087,,33042a3e-5e8e-4375-b964-0fe2252e504c,legal
0001,0001_coder_main_case_729,case_72932afe74,coder_main,14,Could you tell me more about technologies used?,5,corpus_f2a638834dda,0.5051,,33042a3e-5e8e-4375-b964-0fe2252e504c,legal
0001,0001_coder_main_case_8b2,case_8b29225c97,coder_main,1,Could you tell me more about domain area?,1,corpus_aac24ae0a7b4,0.5717,,33042a3e-5e8e-4375-b964-0fe2252e504c,legal
0001,0001_coder_main_case_8b2,case_8b29225c97,coder_main,1,Could you tell me more about domain area?,2,corpus_3e160cb0a1d2,0.5649,,33042a3e-5e8e-4375-b964-0fe2252e504c,legal
0001,0001_coder_main_case_8b2,case_8b29225c97,coder_main,1,Could you tell me more about domain area?,3,corpus_e634e990f73f,0.5647,,33042a3e-5e8e-4375-b964-0fe2252e504c,legal
0001,0001_coder_main_case_8b2,case_8b29225c97,coder_main,1,Could you tell me more about domain area?,4,corpus_d29ad5e339af,0.5512,,33042a3e-5e8e-4375-b964-0fe2252e504c,legal
0001,0001_coder_main_case_8b2,case_8b29225c97,coder_main,1,Could you tell me more about domain area?,5,corpus_611c7d18c7d3,0.5509,,33042a3e-5e8e-4375-b964-0fe2252e504c,legal
0001,0001_coder_main_case_8b2,case_8b29225c97,coder_main,2,Could you tell me more about primary challenge?,1,corpus_76e7114db21a,0.5433,,33042a3e-5e8e-4375-b964-0fe2252e504c,legal
0001,0001_coder_main_case_8b2,case_8b29225c97,coder_main,2,Could you tell me more about primary challenge?,2,corpus_296f0c49df07,0.5415,,33042a3e-5e8e-4375-b964-0fe2252e504c,legal
0001,0001_coder_main_case_8b2,case_8b29225c97,coder_main,2,Could you tell me more about primary challenge?,3,corpus_7d50834d4b2a,0.5339,,af4b9da3-16de-4510-a1cb-2a32e101c884,healthcare
0001,0001_coder_main_case_8b2,case_8b29225c97,coder_main,2,Could you tell me more about primary challenge?,4,corpus_e6d0bcbf3b07,0.5228,,af4b9da3-16de-4510-a1cb-2a32e101c884,healthcare
0001,0001_coder_main_case_8b2,case_8b29225c97,coder_main,2,Could you tell me more about primary challenge?,5,corpus_5b168d44f690,0.5199,,33042a3e-5e8e-4375-b964-0fe2252e504c,legal
0001,0001_coder_main_case_8b2,case_8b29225c97,coder_main,3,Could you tell me more about primary challenge?,1,corpus_76e7114db21a,0.5433,,33042a3e-5e8e-4375-b964-0fe2252e504c,legal
0001,0001_coder_main_case_8b2,case_8b29225c97,coder_main,3,Could you tell me more about primary challenge?,2,corpus_296f0c49df07,0.5415,,33042a3e-5e8e-4375-b964-0fe2252e504c,legal
0001,0001_coder_main_case_8b2,case_8b29225c97,coder_main,3,Could you tell me more about primary challenge?,3,corpus_7d50834d4b2a,0.5339,,af4b9da3-16de-4510-a1cb-2a32e101c884,healthcare
0001,0001_coder_main_case_8b2,case_8b29225c97,coder_main,3,Could you tell me more about primary challenge?,4,corpus_e6d0bcbf3b07,0.5228,,af4b9da3-16de-4510-a1cb-2a32e101c884,healthcare
0001,0001_coder_main_case_8b2,case_8b29225c97,coder_main,3,Could you tell me more about primary challenge?,5,corpus_5b168d44f690,0.5199,,33042a3e-5e8e-4375-b964-0fe2252e504c,legal
0001,0001_coder_main_case_8b2,case_8b29225c97,coder_main,4,"Could you provide more information about the specific challenges faced by employees in the Healthcare Support team, and how InnovateTech addressed them?",1,corpus_96f9ac4f9031,0.5437,,33042a3e-5e8e-4375-b964-0fe2252e504c,legal
0001,0001_coder_main_case_8b2,case_8b29225c97,coder_main,4,"Could you provide more information about the specific challenges faced by employees in the Healthcare Support team, and how InnovateTech addressed them?",2,corpus_4dcf69bf62d5,0.5334,,33042a3e-5e8e-4375-b964-0fe2252e504c,legal
0001,0001_coder_main_case_8b2,case_8b29225c97,coder_main,4,"Could you provide more information about the specific challenges faced by employees in the Healthcare Support team, and how InnovateTech addressed them?",3,corpus_ef1f68ecd93f,0.5304,,33042a3e-5e8e-4375-b964-0fe2252e504c,legal
0001,0001_coder_main_case_8b2,case_8b29225c97,coder_main,4,"Could you provide more information about the specific challenges faced by employees in the Healthcare Support team, and how InnovateTech addressed them?",4,corpus_adcd63ee81c3,0.526,,33042a3e-5e8e-4375-b964-0fe2252e504c,legal
0001,0001_coder_main_case_8b2,case_8b29225c97,coder_main,4,"Could you provide more information about the specific challenges faced by employees in the Healthcare Support team, and how InnovateTech addressed them?",5,corpus_61d61e5d0fac,0.5217,,33042a3e-5e8e-4375-b964-0fe2252e504c,legal
0001,0001_coder_main_case_8b2,case_8b29225c97,coder_main,5,"How did InnovateTech address the challenges faced by the Healthcare Support team, including the lack of a searchable knowledge base and the need for consistent and efficient customer inquiries?",1,corpus_03b24a509cdd,0.564,,33042a3e-5e8e-4375-b964-0fe2252e504c,legal
0001,0001_coder_main_case_8b2,case_8b29225c97,coder_main,5,"How did InnovateTech address the challenges faced by the Healthcare Support team, including the lack of a searchable knowledge base and the need for consistent and efficient customer inquiries?",2,corpus_7d50834d4b2a,0.537,,af4b9da3-16de-4510-a1cb-2a32e101c884,healthcare
0001,0001_coder_main_case_8b2,case_8b29225c97,coder_main,5,"How did InnovateTech address the challenges faced by the Healthcare Support team, including the lack of a searchable knowledge base and the need for consistent and efficient customer inquiries?",3,corpus_724959203852,0.5236,,af4b9da3-16de-4510-a1cb-2a32e101c884,healthcare
0001,0001_coder_main_case_8b2,case_8b29225c97,coder_main,5,"How did InnovateTech address the challenges faced by the Healthcare Support team, including the lack of a searchable knowledge base and the need for consistent and efficient customer inquiries?",4,corpus_4b6e595cf188,0.522,,33042a3e-5e8e-4375-b964-0fe2252e504c,legal
0001,0001_coder_main_case_8b2,case_8b29225c97,coder_main,5,"How did InnovateTech address the challenges faced by the Healthcare Support team, including the lack of a searchable knowledge base and the need for consistent and efficient customer inquiries?",5,corpus_f29a271153e9,0.5209,,33042a3e-5e8e-4375-b964-0fe2252e504c,legal
0001,0001_coder_main_case_8b2,case_8b29225c97,coder_main,6,Could you tell me more about domain area?,1,corpus_aac24ae0a7b4,0.5717,,33042a3e-5e8e-4375-b964-0fe2252e504c,legal
0001,0001_coder_main_case_8b2,case_8b29225c97,coder_main,6,Could you tell me more about domain area?,2,corpus_3e160cb0a1d2,0.5649,,33042a3e-5e8e-4375-b964-0fe2252e504c,legal
0001,0001_coder_main_case_8b2,case_8b29225c97,coder_main,6,Could you tell me more about domain area?,3,corpus_e634e990f73f,0.5647,,33042a3e-5e8e-4375-b964-0fe2252e504c,legal
0001,0001_coder_main_case_8b2,case_8b29225c97,coder_main,6,Could you tell me more about domain area?,4,corpus_d29ad5e339af,0.5512,,33042a3e-5e8e-4375-b964-0fe2252e504c,legal
0001,0001_coder_main_case_8b2,case_8b29225c97,coder_main,6,Could you tell me more about domain area?,5,corpus_611c7d18c7d3,0.5509,,33042a3e-5e8e-4375-b964-0fe2252e504c,legal
0001,0001_coder_main_case_8b2,case_8b29225c97,coder_main,7,Could you tell me more about domain area?,1,corpus_aac24ae0a7b4,0.5717,,33042a3e-5e8e-4375-b964-0fe2252e504c,legal
0001,0001_coder_main_case_8b2,case_8b29225c97,coder_main,7,Could you tell me more about domain area?,2,corpus_3e160cb0a1d2,0.5649,,33042a3e-5e8e-4375-b964-0fe2252e504c,legal
0001,0001_coder_main_case_8b2,case_8b29225c97,coder_main,7,Could you tell me more about domain area?,3,corpus_e634e990f73f,0.5647,,33042a3e-5e8e-4375-b964-0fe2252e504c,legal
0001,0001_coder_main_case_8b2,case_8b29225c97,coder_main,7,Could you tell me more about domain area?,4,corpus_d29ad5e339af,0.5512,,33042a3e-5e8e-4375-b964-0fe2252e504c,legal
0001,0001_coder_main_case_8b2,case_8b29225c97,coder_main,7,Could you tell me more about domain area?,5,corpus_611c7d18c7d3,0.5509,,33042a3e-5e8e-4375-b964-0fe2252e504c,legal
0001,0001_coder_main_case_8b2,case_8b29225c97,coder_main,8,Could you tell me more about domain area?,1,corpus_aac24ae0a7b4,0.5717,,33042a3e-5e8e-4375-b964-0fe2252e504c,legal
0001,0001_coder_main_case_8b2,case_8b29225c97,coder_main,8,Could you tell me more about domain area?,2,corpus_3e160cb0a1d2,0.5649,,33042a3e-5e8e-4375-b964-0fe2252e504c,legal
0001,0001_coder_main_case_8b2,case_8b29225c97,coder_main,8,Could you tell me more about domain area?,3,corpus_e634e990f73f,0.5647,,33042a3e-5e8e-4375-b964-0fe2252e504c,legal
0001,0001_coder_main_case_8b2,case_8b29225c97,coder_main,8,Could you tell me more about domain area?,4,corpus_d29ad5e339af,0.5512,,33042a3e-5e8e-4375-b964-0fe2252e504c,legal
0001,0001_coder_main_case_8b2,case_8b29225c97,coder_main,8,Could you tell me more about domain area?,5,corpus_611c7d18c7d3,0.5509,,33042a3e-5e8e-4375-b964-0fe2252e504c,legal
0001,0001_coder_main_case_8b2,case_8b29225c97,coder_main,9,Could you tell me more about domain area?,1,corpus_aac24ae0a7b4,0.5717,,33042a3e-5e8e-4375-b964-0fe2252e504c,legal
0001,0001_coder_main_case_8b2,case_8b29225c97,coder_main,9,Could you tell me more about domain area?,2,corpus_3e160cb0a1d2,0.5649,,33042a3e-5e8e-4375-b964-0fe2252e504c,legal
0001,0001_coder_main_case_8b2,case_8b29225c97,coder_main,9,Could you tell me more about domain area?,3,corpus_e634e990f73f,0.5647,,33042a3e-5e8e-4375-b964-0fe2252e504c,legal
0001,0001_coder_main_case_8b2,case_8b29225c97,coder_main,9,Could you tell me more about domain area?,4,corpus_d29ad5e339af,0.5512,,33042a3e-5e8e-4375-b964-0fe2252e504c,legal
0001,0001_coder_main_case_8b2,case_8b29225c97,coder_main,9,Could you tell me more about domain area?,5,corpus_611c7d18c7d3,0.5509,,33042a3e-5e8e-4375-b964-0fe2252e504c,legal
0001,0001_coder_main_case_8b2,case_8b29225c97,coder_main,10,Could you tell me more about domain area?,1,corpus_aac24ae0a7b4,0.5717,,33042a3e-5e8e-4375-b964-0fe2252e504c,legal
0001,0001_coder_main_case_8b2,case_8b29225c97,coder_main,10,Could you tell me more about domain area?,2,corpus_3e160cb0a1d2,0.5649,,33042a3e-5e8e-4375-b964-0fe2252e504c,legal
0001,0001_coder_main_case_8b2,case_8b29225c97,coder_main,10,Could you tell me more about domain area?,3,corpus_e634e990f73f,0.5647,,33042a3e-5e8e-4375-b964-0fe2252e504c,legal
0001,0001_coder_main_case_8b2,case_8b29225c97,coder_main,10,Could you tell me more about domain area?,4,corpus_d29ad5e339af,0.5512,,33042a3e-5e8e-4375-b964-0fe2252e504c,legal
0001,0001_coder_main_case_8b2,case_8b29225c97,coder_main,10,Could you tell me more about domain area?,5,corpus_611c7d18c7d3,0.5509,,33042a3e-5e8e-4375-b964-0fe2252e504c,legal
0001,0001_coder_main_case_8b2,case_8b29225c97,coder_main,11,Could you tell me more about domain area?,1,corpus_aac24ae0a7b4,0.5717,,33042a3e-5e8e-4375-b964-0fe2252e504c,legal
0001,0001_coder_main_case_8b2,case_8b29225c97,coder_main,11,Could you tell me more about domain area?,2,corpus_3e160cb0a1d2,0.5649,,33042a3e-5e8e-4375-b964-0fe2252e504c,legal
0001,0001_coder_main_case_8b2,case_8b29225c97,coder_main,11,Could you tell me more about domain area?,3,corpus_e634e990f73f,0.5647,,33042a3e-5e8e-4375-b964-0fe2252e504c,legal
0001,0001_coder_main_case_8b2,case_8b29225c97,coder_main,11,Could you tell me more about domain area?,4,corpus_d29ad5e339af,0.5512,,33042a3e-5e8e-4375-b964-0fe2252e504c,legal
0001,0001_coder_main_case_8b2,case_8b29225c97,coder_main,11,Could you tell me more about domain area?,5,corpus_611c7d18c7d3,0.5509,,33042a3e-5e8e-4375-b964-0fe2252e504c,legal
0001,0001_coder_main_case_8b2,case_8b29225c97,coder_main,12,Could you tell me more about domain area?,1,corpus_aac24ae0a7b4,0.5717,,33042a3e-5e8e-4375-b964-0fe2252e504c,legal
0001,0001_coder_main_case_8b2,case_8b29225c97,coder_main,12,Could you tell me more about domain area?,2,corpus_3e160cb0a1d2,0.5649,,33042a3e-5e8e-4375-b964-0fe2252e504c,legal
0001,0001_coder_main_case_8b2,case_8b29225c97,coder_main,12,Could you tell me more about domain area?,3,corpus_e634e990f73f,0.5647,,33042a3e-5e8e-4375-b964-0fe2252e504c,legal
0001,0001_coder_main_case_8b2,case_8b29225c97,coder_main,12,Could you tell me more about domain area?,4,corpus_d29ad5e339af,0.5512,,33042a3e-5e8e-4375-b964-0fe2252e504c,legal
0001,0001_coder_main_case_8b2,case_8b29225c97,coder_main,12,Could you tell me more about domain area?,5,corpus_611c7d18c7d3,0.5509,,33042a3e-5e8e-4375-b964-0fe2252e504c,legal
0001,0001_coder_main_case_8b2,case_8b29225c97,coder_main,13,Can you elaborate on how the AI-powered search has specifically improved the retrieval of tacit knowledge within your IT department?,1,corpus_93b6b75d8e81,0.5854,,33042a3e-5e8e-4375-b964-0fe2252e504c,legal
0001,0001_coder_main_case_8b2,case_8b29225c97,coder_main,13,Can you elaborate on how the AI-powered search has specifically improved the retrieval of tacit knowledge within your IT department?,2,corpus_3cff9ce2ea6e,0.5662,,33042a3e-5e8e-4375-b964-0fe2252e504c,legal
0001,0001_coder_main_case_8b2,case_8b29225c97,coder_main,13,Can you elaborate on how the AI-powered search has specifically improved the retrieval of tacit knowledge within your IT department?,3,corpus_a6373c55c27b,0.5452,,33042a3e-5e8e-4375-b964-0fe2252e504c,legal
0001,0001_coder_main_case_8b2,case_8b29225c97,coder_main,13,Can you elaborate on how the AI-powered search has specifically improved the retrieval of tacit knowledge within your IT department?,4,corpus_ac167edc04d3,0.5439,,33042a3e-5e8e-4375-b964-0fe2252e504c,legal
0001,0001_coder_main_case_8b2,case_8b29225c97,coder_main,13,Can you elaborate on how the AI-powered search has specifically improved the retrieval of tacit knowledge within your IT department?,5,corpus_562990475cf8,0.5434,,33042a3e-5e8e-4375-b964-0fe2252e504c,legal
0001,0001_coder_main_case_8b2,case_8b29225c97,coder_main,14,Could you tell me more about domain area?,1,corpus_93b6b75d8e81,0.5854,,33042a3e-5e8e-4375-b964-0fe2252e504c,legal
0001,0001_coder_main_case_8b2,case_8b29225c97,coder_main,14,Could you tell me more about domain area?,2,corpus_3cff9ce2ea6e,0.5662,,33042a3e-5e8e-4375-b964-0fe2252e504c,legal
0001,0001_coder_main_case_8b2,case_8b29225c97,coder_main,14,Could you tell me more about domain area?,3,corpus_a6373c55c27b,0.5452,,33042a3e-5e8e-4375-b964-0fe2252e504c,legal
0001,0001_coder_main_case_8b2,case_8b29225c97,coder_main,14,Could you tell me more about domain area?,4,corpus_ac167edc04d3,0.5439,,33042a3e-5e8e-4375-b964-0fe2252e504c,legal
0001,0001_coder_main_case_8b2,case_8b29225c97,coder_main,14,Could you tell me more about domain area?,5,corpus_562990475cf8,0.5434,,33042a3e-5e8e-4375-b964-0fe2252e504c,legal
0002,0002_general_small_case_a62,case_a627525fa9,general_small,1,"Question: Could you explain how your team has recently faced a significant technical change or operational chaullenge, and what prompted it?",1,corpus_209220826904,0.4917,,e23add42-dc9f-4b46-aa21-ac722ae16c36,retail
0002,0002_general_small_case_a62,case_a627525fa9,general_small,1,"Question: Could you explain how your team has recently faced a significant technical change or operational chaullenge, and what prompted it?",2,corpus_f1dbaf55f517,0.4492,,e23add42-dc9f-4b46-aa21-ac722ae16c36,retail
0002,0002_general_small_case_a62,case_a627525fa9,general_small,1,"Question: Could you explain how your team has recently faced a significant technical change or operational chaullenge, and what prompted it?",3,corpus_989cdbc88c17,0.4383,,e23add42-dc9f-4b46-aa21-ac722ae16c36,retail
0002,0002_general_small_case_a62,case_a627525fa9,general_small,1,"Question: Could you explain how your team has recently faced a significant technical change or operational chaullenge, and what prompted it?",4,corpus_ac167edc04d3,0.4356,,33042a3e-5e8e-4375-b964-0fe2252e504c,legal
0002,0002_general_small_case_a62,case_a627525fa9,general_small,1,"Question: Could you explain how your team has recently faced a significant technical change or operational chaullenge, and what prompted it?",5,corpus_fcffcdc1e2e9,0.423,,33042a3e-5e8e-4375-b964-0fe2252e504c,legal
0002,0002_general_small_case_a62,case_a627525fa9,general_small,2,"Question: Could you describe a significant project, technical change, or operational chaullenge your team has faced recently, and what prompted it?",1,corpus_f1dbaf55f517,0.4808,,e23add42-dc9f-4b46-aa21-ac722ae16c36,retail
0002,0002_general_small_case_a62,case_a627525fa9,general_small,2,"Question: Could you describe a significant project, technical change, or operational chaullenge your team has faced recently, and what prompted it?",2,corpus_4d57172d11c6,0.462,,33042a3e-5e8e-4375-b964-0fe2252e504c,legal
0002,0002_general_small_case_a62,case_a627525fa9,general_small,2,"Question: Could you describe a significant project, technical change, or operational chaullenge your team has faced recently, and what prompted it?",3,corpus_ac167edc04d3,0.46,,33042a3e-5e8e-4375-b964-0fe2252e504c,legal
0002,0002_general_small_case_a62,case_a627525fa9,general_small,2,"Question: Could you describe a significant project, technical change, or operational chaullenge your team has faced recently, and what prompted it?",4,corpus_a3b9f7d6021d,0.4568,,e23add42-dc9f-4b46-aa21-ac722ae16c36,retail
0002,0002_general_small_case_a62,case_a627525fa9,general_small,2,"Question: Could you describe a significant project, technical change, or operational chaullenge your team has faced recently, and what prompted it?",5,corpus_10489208225e,0.4521,,33042a3e-5e8e-4375-b964-0fe2252e504c,legal
0002,0002_general_small_case_a62,case_a627525fa9,general_small,3,"Question: Could you describe a significant project, technical change, or operational chaullenge your team has faced recently, and what prompted it?",1,corpus_f1dbaf55f517,0.4808,,e23add42-dc9f-4b46-aa21-ac722ae16c36,retail
0002,0002_general_small_case_a62,case_a627525fa9,general_small,3,"Question: Could you describe a significant project, technical change, or operational chaullenge your team has faced recently, and what prompted it?",2,corpus_4d57172d11c6,0.462,,33042a3e-5e8e-4375-b964-0fe2252e504c,legal
0002,0002_general_small_case_a62,case_a627525fa9,general_small,3,"Question: Could you describe a significant project, technical change, or operational chaullenge your team has faced recently, and what prompted it?",3,corpus_ac167edc04d3,0.46,,33042a3e-5e8e-4375-b964-0fe2252e504c,legal
0002,0002_general_small_case_a62,case_a627525fa9,general_small,3,"Question: Could you describe a significant project, technical change, or operational chaullenge your team has faced recently, and what prompted it?",4,corpus_a3b9f7d6021d,0.4568,,e23add42-dc9f-4b46-aa21-ac722ae16c36,retail
0002,0002_general_small_case_a62,case_a627525fa9,general_small,3,"Question: Could you describe a significant project, technical change, or operational chaullenge your team has faced recently, and what prompted it?",5,corpus_10489208225e,0.4521,,33042a3e-5e8e-4375-b964-0fe2252e504c,legal
0002,0002_general_small_case_a62,case_a627525fa9,general_small,4,"Question: Could you describe a significant project, technical change, or operational chaullenge your team has faced recently, and what prompted it?",1,corpus_f1dbaf55f517,0.4808,,e23add42-dc9f-4b46-aa21-ac722ae16c36,retail
0002,0002_general_small_case_a62,case_a627525fa9,general_small,4,"Question: Could you describe a significant project, technical change, or operational chaullenge your team has faced recently, and what prompted it?",2,corpus_4d57172d11c6,0.462,,33042a3e-5e8e-4375-b964-0fe2252e504c,legal
0002,0002_general_small_case_a62,case_a627525fa9,general_small,4,"Question: Could you describe a significant project, technical change, or operational chaullenge your team has faced recently, and what prompted it?",3,corpus_ac167edc04d3,0.46,,33042a3e-5e8e-4375-b964-0fe2252e504c,legal
0002,0002_general_small_case_a62,case_a627525fa9,general_small,4,"Question: Could you describe a significant project, technical change, or operational chaullenge your team has faced recently, and what prompted it?",4,corpus_a3b9f7d6021d,0.4568,,e23add42-dc9f-4b46-aa21-ac722ae16c36,retail
0002,0002_general_small_case_a62,case_a627525fa9,general_small,4,"Question: Could you describe a significant project, technical change, or operational chaullenge your team has faced recently, and what prompted it?",5,corpus_10489208225e,0.4521,,33042a3e-5e8e-4375-b964-0fe2252e504c,legal
0002,0002_general_small_case_a62,case_a627525fa9,general_small,5,Question: Could you provide more information on how your team resolved a significant technical change or operational chaullenge recently?,1,corpus_209220826904,0.5234,,e23add42-dc9f-4b46-aa21-ac722ae16c36,retail
0002,0002_general_small_case_a62,case_a627525fa9,general_small,5,Question: Could you provide more information on how your team resolved a significant technical change or operational chaullenge recently?,2,corpus_fcffcdc1e2e9,0.4957,,33042a3e-5e8e-4375-b964-0fe2252e504c,legal
0002,0002_general_small_case_a62,case_a627525fa9,general_small,5,Question: Could you provide more information on how your team resolved a significant technical change or operational chaullenge recently?,3,corpus_c61456086ff7,0.4913,,af4b9da3-16de-4510-a1cb-2a32e101c884,healthcare
0002,0002_general_small_case_a62,case_a627525fa9,general_small,5,Question: Could you provide more information on how your team resolved a significant technical change or operational chaullenge recently?,4,corpus_4709625e9a6d,0.4906,,33042a3e-5e8e-4375-b964-0fe2252e504c,legal
0002,0002_general_small_case_a62,case_a627525fa9,general_small,5,Question: Could you provide more information on how your team resolved a significant technical change or operational chaullenge recently?,5,corpus_ac167edc04d3,0.4905,,33042a3e-5e8e-4375-b964-0fe2252e504c,legal
0002,0002_general_small_case_a62,case_a627525fa9,general_small,6,QUESTION: Could you provide more information on how your team resolved a significant technical change or operational chaullenge recently?,1,corpus_209220826904,0.5234,,e23add42-dc9f-4b46-aa21-ac722ae16c36,retail
0002,0002_general_small_case_a62,case_a627525fa9,general_small,6,QUESTION: Could you provide more information on how your team resolved a significant technical change or operational chaullenge recently?,2,corpus_fcffcdc1e2e9,0.4957,,33042a3e-5e8e-4375-b964-0fe2252e504c,legal
0002,0002_general_small_case_a62,case_a627525fa9,general_small,6,QUESTION: Could you provide more information on how your team resolved a significant technical change or operational chaullenge recently?,3,corpus_c61456086ff7,0.4913,,af4b9da3-16de-4510-a1cb-2a32e101c884,healthcare
0002,0002_general_small_case_a62,case_a627525fa9,general_small,6,QUESTION: Could you provide more information on how your team resolved a significant technical change or operational chaullenge recently?,4,corpus_4709625e9a6d,0.4906,,33042a3e-5e8e-4375-b964-0fe2252e504c,legal
0002,0002_general_small_case_a62,case_a627525fa9,general_small,6,QUESTION: Could you provide more information on how your team resolved a significant technical change or operational chaullenge recently?,5,corpus_ac167edc04d3,0.4905,,33042a3e-5e8e-4375-b964-0fe2252e504c,legal
0002,0002_general_small_case_a62,case_a627525fa9,general_small,7,Question: Could you provide more information on how your team resolved a significant technical change or operational chaullenge recently?,1,corpus_209220826904,0.5234,,e23add42-dc9f-4b46-aa21-ac722ae16c36,retail
0002,0002_general_small_case_a62,case_a627525fa9,general_small,7,Question: Could you provide more information on how your team resolved a significant technical change or operational chaullenge recently?,2,corpus_fcffcdc1e2e9,0.4957,,33042a3e-5e8e-4375-b964-0fe2252e504c,legal
0002,0002_general_small_case_a62,case_a627525fa9,general_small,7,Question: Could you provide more information on how your team resolved a significant technical change or operational chaullenge recently?,3,corpus_c61456086ff7,0.4913,,af4b9da3-16de-4510-a1cb-2a32e101c884,healthcare
0002,0002_general_small_case_a62,case_a627525fa9,general_small,7,Question: Could you provide more information on how your team resolved a significant technical change or operational chaullenge recently?,4,corpus_4709625e9a6d,0.4906,,33042a3e-5e8e-4375-b964-0fe2252e504c,legal
0002,0002_general_small_case_a62,case_a627525fa9,general_small,7,Question: Could you provide more information on how your team resolved a significant technical change or operational chaullenge recently?,5,corpus_ac167edc04d3,0.4905,,33042a3e-5e8e-4375-b964-0fe2252e504c,legal
0002,0002_general_small_case_a62,case_a627525fa9,general_small,8,"Question: Could you describe a significant project, technical change, or operational chaullenge your team has faced recently, and what prompted it?",1,corpus_f1dbaf55f517,0.4808,,e23add42-dc9f-4b46-aa21-ac722ae16c36,retail
0002,0002_general_small_case_a62,case_a627525fa9,general_small,8,"Question: Could you describe a significant project, technical change, or operational chaullenge your team has faced recently, and what prompted it?",2,corpus_4d57172d11c6,0.462,,33042a3e-5e8e-4375-b964-0fe2252e504c,legal
0002,0002_general_small_case_a62,case_a627525fa9,general_small,8,"Question: Could you describe a significant project, technical change, or operational chaullenge your team has faced recently, and what prompted it?",3,corpus_ac167edc04d3,0.46,,33042a3e-5e8e-4375-b964-0fe2252e504c,legal
0002,0002_general_small_case_a62,case_a627525fa9,general_small,8,"Question: Could you describe a significant project, technical change, or operational chaullenge your team has faced recently, and what prompted it?",4,corpus_a3b9f7d6021d,0.4568,,e23add42-dc9f-4b46-aa21-ac722ae16c36,retail
0002,0002_general_small_case_a62,case_a627525fa9,general_small,8,"Question: Could you describe a significant project, technical change, or operational chaullenge your team has faced recently, and what prompted it?",5,corpus_10489208225e,0.4521,,33042a3e-5e8e-4375-b964-0fe2252e504c,legal
0002,0002_general_small_case_a62,case_a627525fa9,general_small,9,"Question: Could you describe a recent project, technical change, or operational chaullenge your team has faced and how it prompted it?",1,corpus_209220826904,0.5082,,e23add42-dc9f-4b46-aa21-ac722ae16c36,retail
0002,0002_general_small_case_a62,case_a627525fa9,general_small,9,"Question: Could you describe a recent project, technical change, or operational chaullenge your team has faced and how it prompted it?",2,corpus_4709625e9a6d,0.469,,33042a3e-5e8e-4375-b964-0fe2252e504c,legal
0002,0002_general_small_case_a62,case_a627525fa9,general_small,9,"Question: Could you describe a recent project, technical change, or operational chaullenge your team has faced and how it prompted it?",3,corpus_c61456086ff7,0.4679,,af4b9da3-16de-4510-a1cb-2a32e101c884,healthcare
0002,0002_general_small_case_a62,case_a627525fa9,general_small,9,"Question: Could you describe a recent project, technical change, or operational chaullenge your team has faced and how it prompted it?",4,corpus_906224994f0a,0.4659,,33042a3e-5e8e-4375-b964-0fe2252e504c,legal
0002,0002_general_small_case_a62,case_a627525fa9,general_small,9,"Question: Could you describe a recent project, technical change, or operational chaullenge your team has faced and how it prompted it?",5,corpus_fcffcdc1e2e9,0.4658,,33042a3e-5e8e-4375-b964-0fe2252e504c,legal
0002,0002_general_small_case_a62,case_a627525fa9,general_small,10,Question: Could you provide more information on the root cause of the significant technical change or operational chaullenge your team has faced recently?,1,corpus_972dc4d8c499,0.5264,,33042a3e-5e8e-4375-b964-0fe2252e504c,legal
0002,0002_general_small_case_a62,case_a627525fa9,general_small,10,Question: Could you provide more information on the root cause of the significant technical change or operational chaullenge your team has faced recently?,2,corpus_ac167edc04d3,0.5202,,33042a3e-5e8e-4375-b964-0fe2252e504c,legal
0002,0002_general_small_case_a62,case_a627525fa9,general_small,10,Question: Could you provide more information on the root cause of the significant technical change or operational chaullenge your team has faced recently?,3,corpus_fcffcdc1e2e9,0.5197,,33042a3e-5e8e-4375-b964-0fe2252e504c,legal
0002,0002_general_small_case_a62,case_a627525fa9,general_small,10,Question: Could you provide more information on the root cause of the significant technical change or operational chaullenge your team has faced recently?,4,corpus_3cff9ce2ea6e,0.5104,,33042a3e-5e8e-4375-b964-0fe2252e504c,legal
0002,0002_general_small_case_a62,case_a627525fa9,general_small,10,Question: Could you provide more information on the root cause of the significant technical change or operational chaullenge your team has faced recently?,5,corpus_8fa3f94489d5,0.5102,,33042a3e-5e8e-4375-b964-0fe2252e504c,legal
0002,0002_general_small_case_a62,case_a627525fa9,general_small,11,QUESTION: Could you provide more information on the specific AI-driven techniques your team is using to improve knowledge capture and retrieval during a recent technical change or operational chaullen,1,corpus_25d9678ca161,0.6398,,e23add42-dc9f-4b46-aa21-ac722ae16c36,retail
0002,0002_general_small_case_a62,case_a627525fa9,general_small,11,QUESTION: Could you provide more information on the specific AI-driven techniques your team is using to improve knowledge capture and retrieval during a recent technical change or operational chaullen,2,corpus_a3b9f7d6021d,0.538,,e23add42-dc9f-4b46-aa21-ac722ae16c36,retail
0002,0002_general_small_case_a62,case_a627525fa9,general_small,11,QUESTION: Could you provide more information on the specific AI-driven techniques your team is using to improve knowledge capture and retrieval during a recent technical change or operational chaullen,3,corpus_96f9ac4f9031,0.5082,,33042a3e-5e8e-4375-b964-0fe2252e504c,legal
0002,0002_general_small_case_a62,case_a627525fa9,general_small,11,QUESTION: Could you provide more information on the specific AI-driven techniques your team is using to improve knowledge capture and retrieval during a recent technical change or operational chaullen,4,corpus_a4a10ef4ae34,0.5039,,33042a3e-5e8e-4375-b964-0fe2252e504c,legal
0002,0002_general_small_case_a62,case_a627525fa9,general_small,11,QUESTION: Could you provide more information on the specific AI-driven techniques your team is using to improve knowledge capture and retrieval during a recent technical change or operational chaullen,5,corpus_f29a271153e9,0.5027,,33042a3e-5e8e-4375-b964-0fe2252e504c,legal
0002,0002_general_small_case_a62,case_a627525fa9,general_small,12,Question: Could you provide more information on the specific AI-driven techniques your team is using to improve knowledge capture and retrieval during a recent technical change or operational chaullen,1,corpus_25d9678ca161,0.6398,,e23add42-dc9f-4b46-aa21-ac722ae16c36,retail
0002,0002_general_small_case_a62,case_a627525fa9,general_small,12,Question: Could you provide more information on the specific AI-driven techniques your team is using to improve knowledge capture and retrieval during a recent technical change or operational chaullen,2,corpus_a3b9f7d6021d,0.538,,e23add42-dc9f-4b46-aa21-ac722ae16c36,retail
0002,0002_general_small_case_a62,case_a627525fa9,general_small,12,Question: Could you provide more information on the specific AI-driven techniques your team is using to improve knowledge capture and retrieval during a recent technical change or operational chaullen,3,corpus_96f9ac4f9031,0.5082,,33042a3e-5e8e-4375-b964-0fe2252e504c,legal
0002,0002_general_small_case_a62,case_a627525fa9,general_small,12,Question: Could you provide more information on the specific AI-driven techniques your team is using to improve knowledge capture and retrieval during a recent technical change or operational chaullen,4,corpus_a4a10ef4ae34,0.5039,,33042a3e-5e8e-4375-b964-0fe2252e504c,legal
0002,0002_general_small_case_a62,case_a627525fa9,general_small,12,Question: Could you provide more information on the specific AI-driven techniques your team is using to improve knowledge capture and retrieval during a recent technical change or operational chaullen,5,corpus_f29a271153e9,0.5027,,33042a3e-5e8e-4375-b964-0fe2252e504c,legal
0002,0002_general_small_case_a62,case_a627525fa9,general_small,13,Could you tell me more about primary challenge?,1,corpus_9d2db1b0788c,0.4414,,33042a3e-5e8e-4375-b964-0fe2252e504c,legal
0002,0002_general_small_case_a62,case_a627525fa9,general_small,13,Could you tell me more about primary challenge?,2,corpus_96f9ac4f9031,0.4376,,33042a3e-5e8e-4375-b964-0fe2252e504c,legal
0002,0002_general_small_case_a62,case_a627525fa9,general_small,13,Could you tell me more about primary challenge?,3,corpus_d03a736a7273,0.4308,,33042a3e-5e8e-4375-b964-0fe2252e504c,legal
0002,0002_general_small_case_a62,case_a627525fa9,general_small,13,Could you tell me more about primary challenge?,4,corpus_4dcf69bf62d5,0.4252,,33042a3e-5e8e-4375-b964-0fe2252e504c,legal
0002,0002_general_small_case_a62,case_a627525fa9,general_small,13,Could you tell me more about primary challenge?,5,corpus_db9362e0b6cb,0.424,,33042a3e-5e8e-4375-b964-0fe2252e504c,legal
0002,0002_general_small_case_a62,case_a627525fa9,general_small,14,Question: Could you provide more information on the root cause of the significant technical change or operational chaullenge your team has faced recently?,1,corpus_9d2db1b0788c,0.4414,,33042a3e-5e8e-4375-b964-0fe2252e504c,legal
0002,0002_general_small_case_a62,case_a627525fa9,general_small,14,Question: Could you provide more information on the root cause of the significant technical change or operational chaullenge your team has faced recently?,2,corpus_96f9ac4f9031,0.4376,,33042a3e-5e8e-4375-b964-0fe2252e504c,legal
0002,0002_general_small_case_a62,case_a627525fa9,general_small,14,Question: Could you provide more information on the root cause of the significant technical change or operational chaullenge your team has faced recently?,3,corpus_d03a736a7273,0.4308,,33042a3e-5e8e-4375-b964-0fe2252e504c,legal
0002,0002_general_small_case_a62,case_a627525fa9,general_small,14,Question: Could you provide more information on the root cause of the significant technical change or operational chaullenge your team has faced recently?,4,corpus_4dcf69bf62d5,0.4252,,33042a3e-5e8e-4375-b964-0fe2252e504c,legal
0002,0002_general_small_case_a62,case_a627525fa9,general_small,14,Question: Could you provide more information on the root cause of the significant technical change or operational chaullenge your team has faced recently?,5,corpus_db9362e0b6cb,0.424,,33042a3e-5e8e-4375-b964-0fe2252e504c,legal
0002,0002_general_small_case_8b2,case_8b29225c97,general_small,1,"Question: What prompted the Tools Technologies: SharePoint, Microsoft Teams, Power BI team at GlobalFin Corp. To implement a comprehensive knowledge management strategy, and what was the approach they",1,corpus_b63b93d7463a,0.5709,,33042a3e-5e8e-4375-b964-0fe2252e504c,legal
0002,0002_general_small_case_8b2,case_8b29225c97,general_small,1,"Question: What prompted the Tools Technologies: SharePoint, Microsoft Teams, Power BI team at GlobalFin Corp. To implement a comprehensive knowledge management strategy, and what was the approach they",2,corpus_d29ad5e339af,0.5701,,33042a3e-5e8e-4375-b964-0fe2252e504c,legal
0002,0002_general_small_case_8b2,case_8b29225c97,general_small,1,"Question: What prompted the Tools Technologies: SharePoint, Microsoft Teams, Power BI team at GlobalFin Corp. To implement a comprehensive knowledge management strategy, and what was the approach they",3,corpus_aac24ae0a7b4,0.5601,,33042a3e-5e8e-4375-b964-0fe2252e504c,legal
0002,0002_general_small_case_8b2,case_8b29225c97,general_small,1,"Question: What prompted the Tools Technologies: SharePoint, Microsoft Teams, Power BI team at GlobalFin Corp. To implement a comprehensive knowledge management strategy, and what was the approach they",4,corpus_4c1078ca06ee,0.5559,,33042a3e-5e8e-4375-b964-0fe2252e504c,legal
0002,0002_general_small_case_8b2,case_8b29225c97,general_small,1,"Question: What prompted the Tools Technologies: SharePoint, Microsoft Teams, Power BI team at GlobalFin Corp. To implement a comprehensive knowledge management strategy, and what was the approach they",5,corpus_f27bc6a36166,0.5541,,33042a3e-5e8e-4375-b964-0fe2252e504c,legal
0002,0002_general_small_case_8b2,case_8b29225c97,general_small,2,"Question: What prompted the Tools Technologies: SharePoint, Microsoft Teams, Power BI team at GlobalFin Corp. To implement a comprehensive knowledge management strategy, and what was the approach they",1,corpus_b63b93d7463a,0.5709,,33042a3e-5e8e-4375-b964-0fe2252e504c,legal
0002,0002_general_small_case_8b2,case_8b29225c97,general_small,2,"Question: What prompted the Tools Technologies: SharePoint, Microsoft Teams, Power BI team at GlobalFin Corp. To implement a comprehensive knowledge management strategy, and what was the approach they",2,corpus_d29ad5e339af,0.5701,,33042a3e-5e8e-4375-b964-0fe2252e504c,legal
0002,0002_general_small_case_8b2,case_8b29225c97,general_small,2,"Question: What prompted the Tools Technologies: SharePoint, Microsoft Teams, Power BI team at GlobalFin Corp. To implement a comprehensive knowledge management strategy, and what was the approach they",3,corpus_aac24ae0a7b4,0.5601,,33042a3e-5e8e-4375-b964-0fe2252e504c,legal
0002,0002_general_small_case_8b2,case_8b29225c97,general_small,2,"Question: What prompted the Tools Technologies: SharePoint, Microsoft Teams, Power BI team at GlobalFin Corp. To implement a comprehensive knowledge management strategy, and what was the approach they",4,corpus_4c1078ca06ee,0.5559,,33042a3e-5e8e-4375-b964-0fe2252e504c,legal
0002,0002_general_small_case_8b2,case_8b29225c97,general_small,2,"Question: What prompted the Tools Technologies: SharePoint, Microsoft Teams, Power BI team at GlobalFin Corp. To implement a comprehensive knowledge management strategy, and what was the approach they",5,corpus_f27bc6a36166,0.5541,,33042a3e-5e8e-4375-b964-0fe2252e504c,legal
0002,0002_general_small_case_8b2,case_8b29225c97,general_small,3,"QUESTION: What were the specific challenges that GlobalFin Corp. Faced while implementing an effective knowledge management strategy, and how did the Tools Technologies: SharePoint, Microsoft Teams, P",1,corpus_d80f614a69a6,0.6553,,33042a3e-5e8e-4375-b964-0fe2252e504c,legal
0002,0002_general_small_case_8b2,case_8b29225c97,general_small,3,"QUESTION: What were the specific challenges that GlobalFin Corp. Faced while implementing an effective knowledge management strategy, and how did the Tools Technologies: SharePoint, Microsoft Teams, P",2,corpus_4d1e0dc0de5a,0.6405,,33042a3e-5e8e-4375-b964-0fe2252e504c,legal
0002,0002_general_small_case_8b2,case_8b29225c97,general_small,3,"QUESTION: What were the specific challenges that GlobalFin Corp. Faced while implementing an effective knowledge management strategy, and how did the Tools Technologies: SharePoint, Microsoft Teams, P",3,corpus_282d90937e3a,0.6182,,33042a3e-5e8e-4375-b964-0fe2252e504c,legal
0002,0002_general_small_case_8b2,case_8b29225c97,general_small,3,"QUESTION: What were the specific challenges that GlobalFin Corp. Faced while implementing an effective knowledge management strategy, and how did the Tools Technologies: SharePoint, Microsoft Teams, P",4,corpus_a4a5458d48ea,0.6086,,af4b9da3-16de-4510-a1cb-2a32e101c884,healthcare
0002,0002_general_small_case_8b2,case_8b29225c97,general_small,3,"QUESTION: What were the specific challenges that GlobalFin Corp. Faced while implementing an effective knowledge management strategy, and how did the Tools Technologies: SharePoint, Microsoft Teams, P",5,corpus_27d3cb5db196,0.5968,,33042a3e-5e8e-4375-b964-0fe2252e504c,legal
0002,0002_general_small_case_8b2,case_8b29225c97,general_small,4,"Question: What was the approach taken by the Tools Technologies: SharePoint, Microsoft Teams, Power BI team at GlobalFin Corp. To address the specific chaleznges they faced while implementing an effec",1,corpus_d80f614a69a6,0.6553,,33042a3e-5e8e-4375-b964-0fe2252e504c,legal
0002,0002_general_small_case_8b2,case_8b29225c97,general_small,4,"Question: What was the approach taken by the Tools Technologies: SharePoint, Microsoft Teams, Power BI team at GlobalFin Corp. To address the specific chaleznges they faced while implementing an effec",2,corpus_4d1e0dc0de5a,0.6405,,33042a3e-5e8e-4375-b964-0fe2252e504c,legal
0002,0002_general_small_case_8b2,case_8b29225c97,general_small,4,"Question: What was the approach taken by the Tools Technologies: SharePoint, Microsoft Teams, Power BI team at GlobalFin Corp. To address the specific chaleznges they faced while implementing an effec",3,corpus_282d90937e3a,0.6182,,33042a3e-5e8e-4375-b964-0fe2252e504c,legal
0002,0002_general_small_case_8b2,case_8b29225c97,general_small,4,"Question: What was the approach taken by the Tools Technologies: SharePoint, Microsoft Teams, Power BI team at GlobalFin Corp. To address the specific chaleznges they faced while implementing an effec",4,corpus_a4a5458d48ea,0.6086,,af4b9da3-16de-4510-a1cb-2a32e101c884,healthcare
0002,0002_general_small_case_8b2,case_8b29225c97,general_small,4,"Question: What was the approach taken by the Tools Technologies: SharePoint, Microsoft Teams, Power BI team at GlobalFin Corp. To address the specific chaleznges they faced while implementing an effec",5,corpus_27d3cb5db196,0.5968,,33042a3e-5e8e-4375-b964-0fe2252e504c,legal
0002,0002_general_small_case_8b2,case_8b29225c97,general_small,5,"Question: Can you provide a detailed explanation for the specific approaches taken by the Tools Technologies: SharePoint, Microsoft Teams, Power BI team at GlobalFin Corp. To address the specific chal",1,corpus_4d1e0dc0de5a,0.6325,,33042a3e-5e8e-4375-b964-0fe2252e504c,legal
0002,0002_general_small_case_8b2,case_8b29225c97,general_small,5,"Question: Can you provide a detailed explanation for the specific approaches taken by the Tools Technologies: SharePoint, Microsoft Teams, Power BI team at GlobalFin Corp. To address the specific chal",2,corpus_8fa3f94489d5,0.6173,,33042a3e-5e8e-4375-b964-0fe2252e504c,legal
0002,0002_general_small_case_8b2,case_8b29225c97,general_small,5,"Question: Can you provide a detailed explanation for the specific approaches taken by the Tools Technologies: SharePoint, Microsoft Teams, Power BI team at GlobalFin Corp. To address the specific chal",3,corpus_972dc4d8c499,0.5954,,33042a3e-5e8e-4375-b964-0fe2252e504c,legal
0002,0002_general_small_case_8b2,case_8b29225c97,general_small,5,"Question: Can you provide a detailed explanation for the specific approaches taken by the Tools Technologies: SharePoint, Microsoft Teams, Power BI team at GlobalFin Corp. To address the specific chal",4,corpus_d80f614a69a6,0.5891,,33042a3e-5e8e-4375-b964-0fe2252e504c,legal
0002,0002_general_small_case_8b2,case_8b29225c97,general_small,5,"Question: Can you provide a detailed explanation for the specific approaches taken by the Tools Technologies: SharePoint, Microsoft Teams, Power BI team at GlobalFin Corp. To address the specific chal",5,corpus_4709625e9a6d,0.5832,,33042a3e-5e8e-4375-b964-0fe2252e504c,legal
0002,0002_general_small_case_8b2,case_8b29225c97,general_small,6,Could you tell me more about people involved?,1,corpus_e97e4473aecb,0.5593,,33042a3e-5e8e-4375-b964-0fe2252e504c,legal
0002,0002_general_small_case_8b2,case_8b29225c97,general_small,6,Could you tell me more about people involved?,2,corpus_e18a0723143e,0.558,,33042a3e-5e8e-4375-b964-0fe2252e504c,legal
0002,0002_general_small_case_8b2,case_8b29225c97,general_small,6,Could you tell me more about people involved?,3,corpus_6ba9cedfd395,0.5517,,33042a3e-5e8e-4375-b964-0fe2252e504c,legal
0002,0002_general_small_case_8b2,case_8b29225c97,general_small,6,Could you tell me more about people involved?,4,corpus_03d4008b65fb,0.5513,,33042a3e-5e8e-4375-b964-0fe2252e504c,legal
0002,0002_general_small_case_8b2,case_8b29225c97,general_small,6,Could you tell me more about people involved?,5,corpus_4abfbd0e94db,0.5493,,af4b9da3-16de-4510-a1cb-2a32e101c884,healthcare
0002,0002_general_small_case_8b2,case_8b29225c97,general_small,7,"Question: Can you provide a detailed explanation for the specific approaches taken by the Tools Technologies: SharePoint, Microsoft Teams, Power BI team at GlobalFin Corp. To address the specific chal",1,corpus_4d1e0dc0de5a,0.6325,,33042a3e-5e8e-4375-b964-0fe2252e504c,legal
0002,0002_general_small_case_8b2,case_8b29225c97,general_small,7,"Question: Can you provide a detailed explanation for the specific approaches taken by the Tools Technologies: SharePoint, Microsoft Teams, Power BI team at GlobalFin Corp. To address the specific chal",2,corpus_8fa3f94489d5,0.6173,,33042a3e-5e8e-4375-b964-0fe2252e504c,legal
0002,0002_general_small_case_8b2,case_8b29225c97,general_small,7,"Question: Can you provide a detailed explanation for the specific approaches taken by the Tools Technologies: SharePoint, Microsoft Teams, Power BI team at GlobalFin Corp. To address the specific chal",3,corpus_972dc4d8c499,0.5954,,33042a3e-5e8e-4375-b964-0fe2252e504c,legal
0002,0002_general_small_case_8b2,case_8b29225c97,general_small,7,"Question: Can you provide a detailed explanation for the specific approaches taken by the Tools Technologies: SharePoint, Microsoft Teams, Power BI team at GlobalFin Corp. To address the specific chal",4,corpus_d80f614a69a6,0.5891,,33042a3e-5e8e-4375-b964-0fe2252e504c,legal
0002,0002_general_small_case_8b2,case_8b29225c97,general_small,7,"Question: Can you provide a detailed explanation for the specific approaches taken by the Tools Technologies: SharePoint, Microsoft Teams, Power BI team at GlobalFin Corp. To address the specific chal",5,corpus_4709625e9a6d,0.5832,,33042a3e-5e8e-4375-b964-0fe2252e504c,legal
0002,0002_general_small_case_8b2,case_8b29225c97,general_small,8,"Question: Can you provide a detailed explanation for the specific approaches taken by the Tools Technologies: SharePoint, Microsoft Teams, Power BI team at GlobalFin Corp. To address the specific chal",1,corpus_4d1e0dc0de5a,0.6325,,33042a3e-5e8e-4375-b964-0fe2252e504c,legal
0002,0002_general_small_case_8b2,case_8b29225c97,general_small,8,"Question: Can you provide a detailed explanation for the specific approaches taken by the Tools Technologies: SharePoint, Microsoft Teams, Power BI team at GlobalFin Corp. To address the specific chal",2,corpus_8fa3f94489d5,0.6173,,33042a3e-5e8e-4375-b964-0fe2252e504c,legal
0002,0002_general_small_case_8b2,case_8b29225c97,general_small,8,"Question: Can you provide a detailed explanation for the specific approaches taken by the Tools Technologies: SharePoint, Microsoft Teams, Power BI team at GlobalFin Corp. To address the specific chal",3,corpus_972dc4d8c499,0.5954,,33042a3e-5e8e-4375-b964-0fe2252e504c,legal
0002,0002_general_small_case_8b2,case_8b29225c97,general_small,8,"Question: Can you provide a detailed explanation for the specific approaches taken by the Tools Technologies: SharePoint, Microsoft Teams, Power BI team at GlobalFin Corp. To address the specific chal",4,corpus_d80f614a69a6,0.5891,,33042a3e-5e8e-4375-b964-0fe2252e504c,legal
0002,0002_general_small_case_8b2,case_8b29225c97,general_small,8,"Question: Can you provide a detailed explanation for the specific approaches taken by the Tools Technologies: SharePoint, Microsoft Teams, Power BI team at GlobalFin Corp. To address the specific chal",5,corpus_4709625e9a6d,0.5832,,33042a3e-5e8e-4375-b964-0fe2252e504c,legal
0002,0002_general_small_case_8b2,case_8b29225c97,general_small,9,Could you tell me more about people involved?,1,corpus_e97e4473aecb,0.5593,,33042a3e-5e8e-4375-b964-0fe2252e504c,legal
0002,0002_general_small_case_8b2,case_8b29225c97,general_small,9,Could you tell me more about people involved?,2,corpus_e18a0723143e,0.558,,33042a3e-5e8e-4375-b964-0fe2252e504c,legal
0002,0002_general_small_case_8b2,case_8b29225c97,general_small,9,Could you tell me more about people involved?,3,corpus_6ba9cedfd395,0.5517,,33042a3e-5e8e-4375-b964-0fe2252e504c,legal
0002,0002_general_small_case_8b2,case_8b29225c97,general_small,9,Could you tell me more about people involved?,4,corpus_03d4008b65fb,0.5513,,33042a3e-5e8e-4375-b964-0fe2252e504c,legal
0002,0002_general_small_case_8b2,case_8b29225c97,general_small,9,Could you tell me more about people involved?,5,corpus_4abfbd0e94db,0.5493,,af4b9da3-16de-4510-a1cb-2a32e101c884,healthcare
0002,0002_general_small_case_8b2,case_8b29225c97,general_small,10,"Question: Can you provide a detailed explanation for the specific approaches taken by the Tools Technologies: SharePoint, Microsoft Teams, and Power BI team at GlobalFin Corp. To address the specific ",1,corpus_d80f614a69a6,0.6741,,33042a3e-5e8e-4375-b964-0fe2252e504c,legal
0002,0002_general_small_case_8b2,case_8b29225c97,general_small,10,"Question: Can you provide a detailed explanation for the specific approaches taken by the Tools Technologies: SharePoint, Microsoft Teams, and Power BI team at GlobalFin Corp. To address the specific ",2,corpus_4d1e0dc0de5a,0.648,,33042a3e-5e8e-4375-b964-0fe2252e504c,legal
0002,0002_general_small_case_8b2,case_8b29225c97,general_small,10,"Question: Can you provide a detailed explanation for the specific approaches taken by the Tools Technologies: SharePoint, Microsoft Teams, and Power BI team at GlobalFin Corp. To address the specific ",3,corpus_282d90937e3a,0.6242,,33042a3e-5e8e-4375-b964-0fe2252e504c,legal
0002,0002_general_small_case_8b2,case_8b29225c97,general_small,10,"Question: Can you provide a detailed explanation for the specific approaches taken by the Tools Technologies: SharePoint, Microsoft Teams, and Power BI team at GlobalFin Corp. To address the specific ",4,corpus_8fa3f94489d5,0.6169,,33042a3e-5e8e-4375-b964-0fe2252e504c,legal
0002,0002_general_small_case_8b2,case_8b29225c97,general_small,10,"Question: Can you provide a detailed explanation for the specific approaches taken by the Tools Technologies: SharePoint, Microsoft Teams, and Power BI team at GlobalFin Corp. To address the specific ",5,corpus_a4a5458d48ea,0.6131,,af4b9da3-16de-4510-a1cb-2a32e101c884,healthcare
0002,0002_general_small_case_8b2,case_8b29225c97,general_small,11,"Question: Can you provide a detailed explanation for the specific approaches taken by the Tools Technologies: SharePoint, Microsoft Teams, and Power BI team at GlobalFin Corp. To address the specific ",1,corpus_d80f614a69a6,0.6741,,33042a3e-5e8e-4375-b964-0fe2252e504c,legal
0002,0002_general_small_case_8b2,case_8b29225c97,general_small,11,"Question: Can you provide a detailed explanation for the specific approaches taken by the Tools Technologies: SharePoint, Microsoft Teams, and Power BI team at GlobalFin Corp. To address the specific ",2,corpus_4d1e0dc0de5a,0.648,,33042a3e-5e8e-4375-b964-0fe2252e504c,legal
0002,0002_general_small_case_8b2,case_8b29225c97,general_small,11,"Question: Can you provide a detailed explanation for the specific approaches taken by the Tools Technologies: SharePoint, Microsoft Teams, and Power BI team at GlobalFin Corp. To address the specific ",3,corpus_282d90937e3a,0.6242,,33042a3e-5e8e-4375-b964-0fe2252e504c,legal
0002,0002_general_small_case_8b2,case_8b29225c97,general_small,11,"Question: Can you provide a detailed explanation for the specific approaches taken by the Tools Technologies: SharePoint, Microsoft Teams, and Power BI team at GlobalFin Corp. To address the specific ",4,corpus_8fa3f94489d5,0.6169,,33042a3e-5e8e-4375-b964-0fe2252e504c,legal
0002,0002_general_small_case_8b2,case_8b29225c97,general_small,11,"Question: Can you provide a detailed explanation for the specific approaches taken by the Tools Technologies: SharePoint, Microsoft Teams, and Power BI team at GlobalFin Corp. To address the specific ",5,corpus_a4a5458d48ea,0.6131,,af4b9da3-16de-4510-a1cb-2a32e101c884,healthcare
0002,0002_general_small_case_8b2,case_8b29225c97,general_small,12,"Question: Can you provide a detailed explanation for the specific approaches taken by the Tools Technologies: SharePoint, Microsoft Teams, and Power BI team at GlobalFin Corp. To address the specific ",1,corpus_d80f614a69a6,0.6741,,33042a3e-5e8e-4375-b964-0fe2252e504c,legal
0002,0002_general_small_case_8b2,case_8b29225c97,general_small,12,"Question: Can you provide a detailed explanation for the specific approaches taken by the Tools Technologies: SharePoint, Microsoft Teams, and Power BI team at GlobalFin Corp. To address the specific ",2,corpus_4d1e0dc0de5a,0.648,,33042a3e-5e8e-4375-b964-0fe2252e504c,legal
0002,0002_general_small_case_8b2,case_8b29225c97,general_small,12,"Question: Can you provide a detailed explanation for the specific approaches taken by the Tools Technologies: SharePoint, Microsoft Teams, and Power BI team at GlobalFin Corp. To address the specific ",3,corpus_282d90937e3a,0.6242,,33042a3e-5e8e-4375-b964-0fe2252e504c,legal
0002,0002_general_small_case_8b2,case_8b29225c97,general_small,12,"Question: Can you provide a detailed explanation for the specific approaches taken by the Tools Technologies: SharePoint, Microsoft Teams, and Power BI team at GlobalFin Corp. To address the specific ",4,corpus_8fa3f94489d5,0.6169,,33042a3e-5e8e-4375-b964-0fe2252e504c,legal
0002,0002_general_small_case_8b2,case_8b29225c97,general_small,12,"Question: Can you provide a detailed explanation for the specific approaches taken by the Tools Technologies: SharePoint, Microsoft Teams, and Power BI team at GlobalFin Corp. To address the specific ",5,corpus_a4a5458d48ea,0.6131,,af4b9da3-16de-4510-a1cb-2a32e101c884,healthcare
0002,0002_general_small_case_8b2,case_8b29225c97,general_small,13,"Question: Could you provide a detailed explanation for the specific approaches taken by the Tools Technologies: SharePoint, Microsoft Teams, and Power BI team at GlobalFin Corp. To address the specifi",1,corpus_d80f614a69a6,0.6741,,33042a3e-5e8e-4375-b964-0fe2252e504c,legal
0002,0002_general_small_case_8b2,case_8b29225c97,general_small,13,"Question: Could you provide a detailed explanation for the specific approaches taken by the Tools Technologies: SharePoint, Microsoft Teams, and Power BI team at GlobalFin Corp. To address the specifi",2,corpus_4d1e0dc0de5a,0.648,,33042a3e-5e8e-4375-b964-0fe2252e504c,legal
0002,0002_general_small_case_8b2,case_8b29225c97,general_small,13,"Question: Could you provide a detailed explanation for the specific approaches taken by the Tools Technologies: SharePoint, Microsoft Teams, and Power BI team at GlobalFin Corp. To address the specifi",3,corpus_282d90937e3a,0.6242,,33042a3e-5e8e-4375-b964-0fe2252e504c,legal
0002,0002_general_small_case_8b2,case_8b29225c97,general_small,13,"Question: Could you provide a detailed explanation for the specific approaches taken by the Tools Technologies: SharePoint, Microsoft Teams, and Power BI team at GlobalFin Corp. To address the specifi",4,corpus_8fa3f94489d5,0.6169,,33042a3e-5e8e-4375-b964-0fe2252e504c,legal
0002,0002_general_small_case_8b2,case_8b29225c97,general_small,13,"Question: Could you provide a detailed explanation for the specific approaches taken by the Tools Technologies: SharePoint, Microsoft Teams, and Power BI team at GlobalFin Corp. To address the specifi",5,corpus_a4a5458d48ea,0.6131,,af4b9da3-16de-4510-a1cb-2a32e101c884,healthcare
0002,0002_general_small_case_8b2,case_8b29225c97,general_small,14,Could you tell me more about people involved?,1,corpus_d80f614a69a6,0.6741,,33042a3e-5e8e-4375-b964-0fe2252e504c,legal
0002,0002_general_small_case_8b2,case_8b29225c97,general_small,14,Could you tell me more about people involved?,2,corpus_4d1e0dc0de5a,0.648,,33042a3e-5e8e-4375-b964-0fe2252e504c,legal
0002,0002_general_small_case_8b2,case_8b29225c97,general_small,14,Could you tell me more about people involved?,3,corpus_282d90937e3a,0.6242,,33042a3e-5e8e-4375-b964-0fe2252e504c,legal
0002,0002_general_small_case_8b2,case_8b29225c97,general_small,14,Could you tell me more about people involved?,4,corpus_8fa3f94489d5,0.6169,,33042a3e-5e8e-4375-b964-0fe2252e504c,legal
0002,0002_general_small_case_8b2,case_8b29225c97,general_small,14,Could you tell me more about people involved?,5,corpus_a4a5458d48ea,0.6131,,af4b9da3-16de-4510-a1cb-2a32e101c884,healthcare
0002,0002_general_small_case_a62,case_a627525fa9,general_small,1,"Question: What was the primary cause of the significant project, technical change, or operational chaullenge your team faced recently?",1,corpus_a3b9f7d6021d,0.4835,,e23add42-dc9f-4b46-aa21-ac722ae16c36,retail
0002,0002_general_small_case_a62,case_a627525fa9,general_small,1,"Question: What was the primary cause of the significant project, technical change, or operational chaullenge your team faced recently?",2,corpus_8fa3f94489d5,0.4685,,33042a3e-5e8e-4375-b964-0fe2252e504c,legal
0002,0002_general_small_case_a62,case_a627525fa9,general_small,1,"Question: What was the primary cause of the significant project, technical change, or operational chaullenge your team faced recently?",3,corpus_4d57172d11c6,0.4661,,33042a3e-5e8e-4375-b964-0fe2252e504c,legal
0002,0002_general_small_case_a62,case_a627525fa9,general_small,1,"Question: What was the primary cause of the significant project, technical change, or operational chaullenge your team faced recently?",4,corpus_972dc4d8c499,0.458,,33042a3e-5e8e-4375-b964-0fe2252e504c,legal
0002,0002_general_small_case_a62,case_a627525fa9,general_small,1,"Question: What was the primary cause of the significant project, technical change, or operational chaullenge your team faced recently?",5,corpus_9d2db1b0788c,0.4565,,33042a3e-5e8e-4375-b964-0fe2252e504c,legal
0002,0002_general_small_case_a62,case_a627525fa9,general_small,2,"Question: What was the primary cause of the significant project, technical change, or operational chaullenge your team faced recently?",1,corpus_a3b9f7d6021d,0.4835,,e23add42-dc9f-4b46-aa21-ac722ae16c36,retail
0002,0002_general_small_case_a62,case_a627525fa9,general_small,2,"Question: What was the primary cause of the significant project, technical change, or operational chaullenge your team faced recently?",2,corpus_8fa3f94489d5,0.4685,,33042a3e-5e8e-4375-b964-0fe2252e504c,legal
0002,0002_general_small_case_a62,case_a627525fa9,general_small,2,"Question: What was the primary cause of the significant project, technical change, or operational chaullenge your team faced recently?",3,corpus_4d57172d11c6,0.4661,,33042a3e-5e8e-4375-b964-0fe2252e504c,legal
0002,0002_general_small_case_a62,case_a627525fa9,general_small,2,"Question: What was the primary cause of the significant project, technical change, or operational chaullenge your team faced recently?",4,corpus_972dc4d8c499,0.458,,33042a3e-5e8e-4375-b964-0fe2252e504c,legal
0002,0002_general_small_case_a62,case_a627525fa9,general_small,2,"Question: What was the primary cause of the significant project, technical change, or operational chaullenge your team faced recently?",5,corpus_9d2db1b0788c,0.4565,,33042a3e-5e8e-4375-b964-0fe2252e504c,legal
0002,0002_general_small_case_a62,case_a627525fa9,general_small,3,"Question: What was the primary cause of the significant project, technical change, or operational chaullenge your team faced recently?",1,corpus_a3b9f7d6021d,0.4835,,e23add42-dc9f-4b46-aa21-ac722ae16c36,retail
0002,0002_general_small_case_a62,case_a627525fa9,general_small,3,"Question: What was the primary cause of the significant project, technical change, or operational chaullenge your team faced recently?",2,corpus_8fa3f94489d5,0.4685,,33042a3e-5e8e-4375-b964-0fe2252e504c,legal
0002,0002_general_small_case_a62,case_a627525fa9,general_small,3,"Question: What was the primary cause of the significant project, technical change, or operational chaullenge your team faced recently?",3,corpus_4d57172d11c6,0.4661,,33042a3e-5e8e-4375-b964-0fe2252e504c,legal
0002,0002_general_small_case_a62,case_a627525fa9,general_small,3,"Question: What was the primary cause of the significant project, technical change, or operational chaullenge your team faced recently?",4,corpus_972dc4d8c499,0.458,,33042a3e-5e8e-4375-b964-0fe2252e504c,legal
0002,0002_general_small_case_a62,case_a627525fa9,general_small,3,"Question: What was the primary cause of the significant project, technical change, or operational chaullenge your team faced recently?",5,corpus_9d2db1b0788c,0.4565,,33042a3e-5e8e-4375-b964-0fe2252e504c,legal
0002,0002_general_small_case_a62,case_a627525fa9,general_small,4,"Question: What was the primary cause of the significant project, technical change, or operational chaullenge your team faced recently?",1,corpus_a3b9f7d6021d,0.4835,,e23add42-dc9f-4b46-aa21-ac722ae16c36,retail
0002,0002_general_small_case_a62,case_a627525fa9,general_small,4,"Question: What was the primary cause of the significant project, technical change, or operational chaullenge your team faced recently?",2,corpus_8fa3f94489d5,0.4685,,33042a3e-5e8e-4375-b964-0fe2252e504c,legal
0002,0002_general_small_case_a62,case_a627525fa9,general_small,4,"Question: What was the primary cause of the significant project, technical change, or operational chaullenge your team faced recently?",3,corpus_4d57172d11c6,0.4661,,33042a3e-5e8e-4375-b964-0fe2252e504c,legal
0002,0002_general_small_case_a62,case_a627525fa9,general_small,4,"Question: What was the primary cause of the significant project, technical change, or operational chaullenge your team faced recently?",4,corpus_972dc4d8c499,0.458,,33042a3e-5e8e-4375-b964-0fe2252e504c,legal
0002,0002_general_small_case_a62,case_a627525fa9,general_small,4,"Question: What was the primary cause of the significant project, technical change, or operational chaullenge your team faced recently?",5,corpus_9d2db1b0788c,0.4565,,33042a3e-5e8e-4375-b964-0fe2252e504c,legal
0002,0002_general_small_case_a62,case_a627525fa9,general_small,5,Question: Can you provide a detailed explanation on how the technology used by the company to aggregate information across the entire organization or for groups such as project teams impacted the proj,1,corpus_a3b9f7d6021d,0.624,,e23add42-dc9f-4b46-aa21-ac722ae16c36,retail
0002,0002_general_small_case_a62,case_a627525fa9,general_small,5,Question: Can you provide a detailed explanation on how the technology used by the company to aggregate information across the entire organization or for groups such as project teams impacted the proj,2,corpus_275389ac844a,0.5945,,33042a3e-5e8e-4375-b964-0fe2252e504c,legal
0002,0002_general_small_case_a62,case_a627525fa9,general_small,5,Question: Can you provide a detailed explanation on how the technology used by the company to aggregate information across the entire organization or for groups such as project teams impacted the proj,3,corpus_f3266ad28daf,0.593,,33042a3e-5e8e-4375-b964-0fe2252e504c,legal
0002,0002_general_small_case_a62,case_a627525fa9,general_small,5,Question: Can you provide a detailed explanation on how the technology used by the company to aggregate information across the entire organization or for groups such as project teams impacted the proj,4,corpus_fcffcdc1e2e9,0.577,,33042a3e-5e8e-4375-b964-0fe2252e504c,legal
0002,0002_general_small_case_a62,case_a627525fa9,general_small,5,Question: Can you provide a detailed explanation on how the technology used by the company to aggregate information across the entire organization or for groups such as project teams impacted the proj,5,corpus_4d1e0dc0de5a,0.576,,33042a3e-5e8e-4375-b964-0fe2252e504c,legal
0002,0002_general_small_case_a62,case_a627525fa9,general_small,6,Question: Can you provide a detailed explanation on how the technology used by the company to aggregate information across the entire organization or for groups such as project teams impacted the proj,1,corpus_a3b9f7d6021d,0.624,,e23add42-dc9f-4b46-aa21-ac722ae16c36,retail
0002,0002_general_small_case_a62,case_a627525fa9,general_small,6,Question: Can you provide a detailed explanation on how the technology used by the company to aggregate information across the entire organization or for groups such as project teams impacted the proj,2,corpus_275389ac844a,0.5945,,33042a3e-5e8e-4375-b964-0fe2252e504c,legal
0002,0002_general_small_case_a62,case_a627525fa9,general_small,6,Question: Can you provide a detailed explanation on how the technology used by the company to aggregate information across the entire organization or for groups such as project teams impacted the proj,3,corpus_f3266ad28daf,0.593,,33042a3e-5e8e-4375-b964-0fe2252e504c,legal
0002,0002_general_small_case_a62,case_a627525fa9,general_small,6,Question: Can you provide a detailed explanation on how the technology used by the company to aggregate information across the entire organization or for groups such as project teams impacted the proj,4,corpus_fcffcdc1e2e9,0.577,,33042a3e-5e8e-4375-b964-0fe2252e504c,legal
0002,0002_general_small_case_a62,case_a627525fa9,general_small,6,Question: Can you provide a detailed explanation on how the technology used by the company to aggregate information across the entire organization or for groups such as project teams impacted the proj,5,corpus_4d1e0dc0de5a,0.576,,33042a3e-5e8e-4375-b964-0fe2252e504c,legal
0002,0002_general_small_case_a62,case_a627525fa9,general_small,7,Question: Can you provide a detailed explanation on how the technology used by the company to aggregate information across the entire organization or for groups such as project teams impacted the proj,1,corpus_a3b9f7d6021d,0.624,,e23add42-dc9f-4b46-aa21-ac722ae16c36,retail
0002,0002_general_small_case_a62,case_a627525fa9,general_small,7,Question: Can you provide a detailed explanation on how the technology used by the company to aggregate information across the entire organization or for groups such as project teams impacted the proj,2,corpus_275389ac844a,0.5945,,33042a3e-5e8e-4375-b964-0fe2252e504c,legal
0002,0002_general_small_case_a62,case_a627525fa9,general_small,7,Question: Can you provide a detailed explanation on how the technology used by the company to aggregate information across the entire organization or for groups such as project teams impacted the proj,3,corpus_f3266ad28daf,0.593,,33042a3e-5e8e-4375-b964-0fe2252e504c,legal
0002,0002_general_small_case_a62,case_a627525fa9,general_small,7,Question: Can you provide a detailed explanation on how the technology used by the company to aggregate information across the entire organization or for groups such as project teams impacted the proj,4,corpus_fcffcdc1e2e9,0.577,,33042a3e-5e8e-4375-b964-0fe2252e504c,legal
0002,0002_general_small_case_a62,case_a627525fa9,general_small,7,Question: Can you provide a detailed explanation on how the technology used by the company to aggregate information across the entire organization or for groups such as project teams impacted the proj,5,corpus_4d1e0dc0de5a,0.576,,33042a3e-5e8e-4375-b964-0fe2252e504c,legal
0002,0002_general_small_case_a62,case_a627525fa9,general_small,8,Question: Can you provide a detailed explanation on how the technology used by the company to aggregate information across the entire organization or for groups such as project teams impacted the proj,1,corpus_a3b9f7d6021d,0.624,,e23add42-dc9f-4b46-aa21-ac722ae16c36,retail
0002,0002_general_small_case_a62,case_a627525fa9,general_small,8,Question: Can you provide a detailed explanation on how the technology used by the company to aggregate information across the entire organization or for groups such as project teams impacted the proj,2,corpus_275389ac844a,0.5945,,33042a3e-5e8e-4375-b964-0fe2252e504c,legal
0002,0002_general_small_case_a62,case_a627525fa9,general_small,8,Question: Can you provide a detailed explanation on how the technology used by the company to aggregate information across the entire organization or for groups such as project teams impacted the proj,3,corpus_f3266ad28daf,0.593,,33042a3e-5e8e-4375-b964-0fe2252e504c,legal
0002,0002_general_small_case_a62,case_a627525fa9,general_small,8,Question: Can you provide a detailed explanation on how the technology used by the company to aggregate information across the entire organization or for groups such as project teams impacted the proj,4,corpus_fcffcdc1e2e9,0.577,,33042a3e-5e8e-4375-b964-0fe2252e504c,legal
0002,0002_general_small_case_a62,case_a627525fa9,general_small,8,Question: Can you provide a detailed explanation on how the technology used by the company to aggregate information across the entire organization or for groups such as project teams impacted the proj,5,corpus_4d1e0dc0de5a,0.576,,33042a3e-5e8e-4375-b964-0fe2252e504c,legal
0002,0002_general_small_case_a62,case_a627525fa9,general_small,9,Could you tell me more about primary challenge?,1,corpus_9d2db1b0788c,0.4414,,33042a3e-5e8e-4375-b964-0fe2252e504c,legal
0002,0002_general_small_case_a62,case_a627525fa9,general_small,9,Could you tell me more about primary challenge?,2,corpus_96f9ac4f9031,0.4376,,33042a3e-5e8e-4375-b964-0fe2252e504c,legal
0002,0002_general_small_case_a62,case_a627525fa9,general_small,9,Could you tell me more about primary challenge?,3,corpus_d03a736a7273,0.4308,,33042a3e-5e8e-4375-b964-0fe2252e504c,legal
0002,0002_general_small_case_a62,case_a627525fa9,general_small,9,Could you tell me more about primary challenge?,4,corpus_4dcf69bf62d5,0.4252,,33042a3e-5e8e-4375-b964-0fe2252e504c,legal
0002,0002_general_small_case_a62,case_a627525fa9,general_small,9,Could you tell me more about primary challenge?,5,corpus_db9362e0b6cb,0.424,,33042a3e-5e8e-4375-b964-0fe2252e504c,legal
0002,0002_general_small_case_a62,case_a627525fa9,general_small,10,Question: Can you provide a detailed explanation on how the technology used by the company to aggregate information across the entire organization or for groups such as project teams impacted the proj,1,corpus_a3b9f7d6021d,0.624,,e23add42-dc9f-4b46-aa21-ac722ae16c36,retail
0002,0002_general_small_case_a62,case_a627525fa9,general_small,10,Question: Can you provide a detailed explanation on how the technology used by the company to aggregate information across the entire organization or for groups such as project teams impacted the proj,2,corpus_275389ac844a,0.5945,,33042a3e-5e8e-4375-b964-0fe2252e504c,legal
0002,0002_general_small_case_a62,case_a627525fa9,general_small,10,Question: Can you provide a detailed explanation on how the technology used by the company to aggregate information across the entire organization or for groups such as project teams impacted the proj,3,corpus_f3266ad28daf,0.593,,33042a3e-5e8e-4375-b964-0fe2252e504c,legal
0002,0002_general_small_case_a62,case_a627525fa9,general_small,10,Question: Can you provide a detailed explanation on how the technology used by the company to aggregate information across the entire organization or for groups such as project teams impacted the proj,4,corpus_fcffcdc1e2e9,0.577,,33042a3e-5e8e-4375-b964-0fe2252e504c,legal
0002,0002_general_small_case_a62,case_a627525fa9,general_small,10,Question: Can you provide a detailed explanation on how the technology used by the company to aggregate information across the entire organization or for groups such as project teams impacted the proj,5,corpus_4d1e0dc0de5a,0.576,,33042a3e-5e8e-4375-b964-0fe2252e504c,legal
0002,0002_general_small_case_a62,case_a627525fa9,general_small,11,Question: Can you provide a detailed explanation on how the technology used by the company to aggregate information across the entire organization or for groups such as project teams impacted the proj,1,corpus_a3b9f7d6021d,0.624,,e23add42-dc9f-4b46-aa21-ac722ae16c36,retail
0002,0002_general_small_case_a62,case_a627525fa9,general_small,11,Question: Can you provide a detailed explanation on how the technology used by the company to aggregate information across the entire organization or for groups such as project teams impacted the proj,2,corpus_275389ac844a,0.5945,,33042a3e-5e8e-4375-b964-0fe2252e504c,legal
0002,0002_general_small_case_a62,case_a627525fa9,general_small,11,Question: Can you provide a detailed explanation on how the technology used by the company to aggregate information across the entire organization or for groups such as project teams impacted the proj,3,corpus_f3266ad28daf,0.593,,33042a3e-5e8e-4375-b964-0fe2252e504c,legal
0002,0002_general_small_case_a62,case_a627525fa9,general_small,11,Question: Can you provide a detailed explanation on how the technology used by the company to aggregate information across the entire organization or for groups such as project teams impacted the proj,4,corpus_fcffcdc1e2e9,0.577,,33042a3e-5e8e-4375-b964-0fe2252e504c,legal
0002,0002_general_small_case_a62,case_a627525fa9,general_small,11,Question: Can you provide a detailed explanation on how the technology used by the company to aggregate information across the entire organization or for groups such as project teams impacted the proj,5,corpus_4d1e0dc0de5a,0.576,,33042a3e-5e8e-4375-b964-0fe2252e504c,legal
0002,0002_general_small_case_a62,case_a627525fa9,general_small,12,Question: Can you provide a detailed explanation on how the technology used by the company to aggregate information across the entire organization or for groups such as project teams impacted the proj,1,corpus_a3b9f7d6021d,0.624,,e23add42-dc9f-4b46-aa21-ac722ae16c36,retail
0002,0002_general_small_case_a62,case_a627525fa9,general_small,12,Question: Can you provide a detailed explanation on how the technology used by the company to aggregate information across the entire organization or for groups such as project teams impacted the proj,2,corpus_275389ac844a,0.5945,,33042a3e-5e8e-4375-b964-0fe2252e504c,legal
0002,0002_general_small_case_a62,case_a627525fa9,general_small,12,Question: Can you provide a detailed explanation on how the technology used by the company to aggregate information across the entire organization or for groups such as project teams impacted the proj,3,corpus_f3266ad28daf,0.593,,33042a3e-5e8e-4375-b964-0fe2252e504c,legal
0002,0002_general_small_case_a62,case_a627525fa9,general_small,12,Question: Can you provide a detailed explanation on how the technology used by the company to aggregate information across the entire organization or for groups such as project teams impacted the proj,4,corpus_fcffcdc1e2e9,0.577,,33042a3e-5e8e-4375-b964-0fe2252e504c,legal
0002,0002_general_small_case_a62,case_a627525fa9,general_small,12,Question: Can you provide a detailed explanation on how the technology used by the company to aggregate information across the entire organization or for groups such as project teams impacted the proj,5,corpus_4d1e0dc0de5a,0.576,,33042a3e-5e8e-4375-b964-0fe2252e504c,legal
0002,0002_general_small_case_a62,case_a627525fa9,general_small,13,Question: Can you provide a detailed explanation on how the technology used by the company to aggregate information across the entire organization or for groups such as project teams impacted the proj,1,corpus_a3b9f7d6021d,0.624,,e23add42-dc9f-4b46-aa21-ac722ae16c36,retail
0002,0002_general_small_case_a62,case_a627525fa9,general_small,13,Question: Can you provide a detailed explanation on how the technology used by the company to aggregate information across the entire organization or for groups such as project teams impacted the proj,2,corpus_275389ac844a,0.5945,,33042a3e-5e8e-4375-b964-0fe2252e504c,legal
0002,0002_general_small_case_a62,case_a627525fa9,general_small,13,Question: Can you provide a detailed explanation on how the technology used by the company to aggregate information across the entire organization or for groups such as project teams impacted the proj,3,corpus_f3266ad28daf,0.593,,33042a3e-5e8e-4375-b964-0fe2252e504c,legal
0002,0002_general_small_case_a62,case_a627525fa9,general_small,13,Question: Can you provide a detailed explanation on how the technology used by the company to aggregate information across the entire organization or for groups such as project teams impacted the proj,4,corpus_fcffcdc1e2e9,0.577,,33042a3e-5e8e-4375-b964-0fe2252e504c,legal
0002,0002_general_small_case_a62,case_a627525fa9,general_small,13,Question: Can you provide a detailed explanation on how the technology used by the company to aggregate information across the entire organization or for groups such as project teams impacted the proj,5,corpus_4d1e0dc0de5a,0.576,,33042a3e-5e8e-4375-b964-0fe2252e504c,legal
0002,0002_general_small_case_a62,case_a627525fa9,general_small,14,Could you tell me more about primary challenge?,1,corpus_a3b9f7d6021d,0.624,,e23add42-dc9f-4b46-aa21-ac722ae16c36,retail
0002,0002_general_small_case_a62,case_a627525fa9,general_small,14,Could you tell me more about primary challenge?,2,corpus_275389ac844a,0.5945,,33042a3e-5e8e-4375-b964-0fe2252e504c,legal
0002,0002_general_small_case_a62,case_a627525fa9,general_small,14,Could you tell me more about primary challenge?,3,corpus_f3266ad28daf,0.593,,33042a3e-5e8e-4375-b964-0fe2252e504c,legal
0002,0002_general_small_case_a62,case_a627525fa9,general_small,14,Could you tell me more about primary challenge?,4,corpus_fcffcdc1e2e9,0.577,,33042a3e-5e8e-4375-b964-0fe2252e504c,legal
0002,0002_general_small_case_a62,case_a627525fa9,general_small,14,Could you tell me more about primary challenge?,5,corpus_4d1e0dc0de5a,0.576,,33042a3e-5e8e-4375-b964-0fe2252e504c,legal
0002,0002_general_small_case_a62,case_a627525fa9,general_small,1,Question: Could you explain how the sharing of relevant knowledge across teams and departmental boundaries can promote knowledge transfer and overcome knowledge transfer barriers in MNCs?,1,corpus_209220826904,0.5548,,e23add42-dc9f-4b46-aa21-ac722ae16c36,retail
0002,0002_general_small_case_a62,case_a627525fa9,general_small,1,Question: Could you explain how the sharing of relevant knowledge across teams and departmental boundaries can promote knowledge transfer and overcome knowledge transfer barriers in MNCs?,2,corpus_45c3f23ed7eb,0.4944,,e23add42-dc9f-4b46-aa21-ac722ae16c36,retail
0002,0002_general_small_case_a62,case_a627525fa9,general_small,1,Question: Could you explain how the sharing of relevant knowledge across teams and departmental boundaries can promote knowledge transfer and overcome knowledge transfer barriers in MNCs?,3,corpus_9cfdf1737cea,0.4939,,33042a3e-5e8e-4375-b964-0fe2252e504c,legal
0002,0002_general_small_case_a62,case_a627525fa9,general_small,1,Question: Could you explain how the sharing of relevant knowledge across teams and departmental boundaries can promote knowledge transfer and overcome knowledge transfer barriers in MNCs?,4,corpus_9d5e2ec4aecd,0.4897,,e23add42-dc9f-4b46-aa21-ac722ae16c36,retail
0002,0002_general_small_case_a62,case_a627525fa9,general_small,1,Question: Could you explain how the sharing of relevant knowledge across teams and departmental boundaries can promote knowledge transfer and overcome knowledge transfer barriers in MNCs?,5,corpus_4b47604ce9b7,0.4852,,33042a3e-5e8e-4375-b964-0fe2252e504c,legal
0002,0002_general_small_case_a62,case_a627525fa9,general_small,2,Question: Could you explain how the sharing of relevant knowledge across teams and departmental boundaries can promote knowledge transfer and overcome knowledge transfer barriers in MNCs?,1,corpus_209220826904,0.5548,,e23add42-dc9f-4b46-aa21-ac722ae16c36,retail
0002,0002_general_small_case_a62,case_a627525fa9,general_small,2,Question: Could you explain how the sharing of relevant knowledge across teams and departmental boundaries can promote knowledge transfer and overcome knowledge transfer barriers in MNCs?,2,corpus_45c3f23ed7eb,0.4944,,e23add42-dc9f-4b46-aa21-ac722ae16c36,retail
0002,0002_general_small_case_a62,case_a627525fa9,general_small,2,Question: Could you explain how the sharing of relevant knowledge across teams and departmental boundaries can promote knowledge transfer and overcome knowledge transfer barriers in MNCs?,3,corpus_9cfdf1737cea,0.4939,,33042a3e-5e8e-4375-b964-0fe2252e504c,legal
0002,0002_general_small_case_a62,case_a627525fa9,general_small,2,Question: Could you explain how the sharing of relevant knowledge across teams and departmental boundaries can promote knowledge transfer and overcome knowledge transfer barriers in MNCs?,4,corpus_9d5e2ec4aecd,0.4897,,e23add42-dc9f-4b46-aa21-ac722ae16c36,retail
0002,0002_general_small_case_a62,case_a627525fa9,general_small,2,Question: Could you explain how the sharing of relevant knowledge across teams and departmental boundaries can promote knowledge transfer and overcome knowledge transfer barriers in MNCs?,5,corpus_4b47604ce9b7,0.4852,,33042a3e-5e8e-4375-b964-0fe2252e504c,legal
0002,0002_general_small_case_a62,case_a627525fa9,general_small,3,"Question: Could you provide examples of specific knowledge transfer strategies that have been successful in overcoming knowledge transfer barriers in MNCs, and how they have been implemented in practi",1,corpus_4244f436fae8,0.5287,,e23add42-dc9f-4b46-aa21-ac722ae16c36,retail
0002,0002_general_small_case_a62,case_a627525fa9,general_small,3,"Question: Could you provide examples of specific knowledge transfer strategies that have been successful in overcoming knowledge transfer barriers in MNCs, and how they have been implemented in practi",2,corpus_90ca70ad5555,0.5224,,33042a3e-5e8e-4375-b964-0fe2252e504c,legal
0002,0002_general_small_case_a62,case_a627525fa9,general_small,3,"Question: Could you provide examples of specific knowledge transfer strategies that have been successful in overcoming knowledge transfer barriers in MNCs, and how they have been implemented in practi",3,corpus_dd46ff047548,0.5204,,33042a3e-5e8e-4375-b964-0fe2252e504c,legal
0002,0002_general_small_case_a62,case_a627525fa9,general_small,3,"Question: Could you provide examples of specific knowledge transfer strategies that have been successful in overcoming knowledge transfer barriers in MNCs, and how they have been implemented in practi",4,corpus_a3b9f7d6021d,0.5178,,e23add42-dc9f-4b46-aa21-ac722ae16c36,retail
0002,0002_general_small_case_a62,case_a627525fa9,general_small,3,"Question: Could you provide examples of specific knowledge transfer strategies that have been successful in overcoming knowledge transfer barriers in MNCs, and how they have been implemented in practi",5,corpus_9d5e2ec4aecd,0.5161,,e23add42-dc9f-4b46-aa21-ac722ae16c36,retail
0002,0002_general_small_case_a62,case_a627525fa9,general_small,4,"Question: Could you provide examples of specific knowledge transfer strategies that have been successful in overcoming knowledge transfer barriers in MNCs, and how they have been implemented in practi",1,corpus_4244f436fae8,0.5287,,e23add42-dc9f-4b46-aa21-ac722ae16c36,retail
0002,0002_general_small_case_a62,case_a627525fa9,general_small,4,"Question: Could you provide examples of specific knowledge transfer strategies that have been successful in overcoming knowledge transfer barriers in MNCs, and how they have been implemented in practi",2,corpus_90ca70ad5555,0.5224,,33042a3e-5e8e-4375-b964-0fe2252e504c,legal
0002,0002_general_small_case_a62,case_a627525fa9,general_small,4,"Question: Could you provide examples of specific knowledge transfer strategies that have been successful in overcoming knowledge transfer barriers in MNCs, and how they have been implemented in practi",3,corpus_dd46ff047548,0.5204,,33042a3e-5e8e-4375-b964-0fe2252e504c,legal
0002,0002_general_small_case_a62,case_a627525fa9,general_small,4,"Question: Could you provide examples of specific knowledge transfer strategies that have been successful in overcoming knowledge transfer barriers in MNCs, and how they have been implemented in practi",4,corpus_a3b9f7d6021d,0.5178,,e23add42-dc9f-4b46-aa21-ac722ae16c36,retail
0002,0002_general_small_case_a62,case_a627525fa9,general_small,4,"Question: Could you provide examples of specific knowledge transfer strategies that have been successful in overcoming knowledge transfer barriers in MNCs, and how they have been implemented in practi",5,corpus_9d5e2ec4aecd,0.5161,,e23add42-dc9f-4b46-aa21-ac722ae16c36,retail
0002,0002_general_small_case_a62,case_a627525fa9,general_small,5,"Question: Could you provide examples of specific knowledge transfer strategies that have been successful in overcoming knowledge transfer barriers in MNCs, and how they have been implemented in practi",1,corpus_4244f436fae8,0.5287,,e23add42-dc9f-4b46-aa21-ac722ae16c36,retail
0002,0002_general_small_case_a62,case_a627525fa9,general_small,5,"Question: Could you provide examples of specific knowledge transfer strategies that have been successful in overcoming knowledge transfer barriers in MNCs, and how they have been implemented in practi",2,corpus_90ca70ad5555,0.5224,,33042a3e-5e8e-4375-b964-0fe2252e504c,legal
0002,0002_general_small_case_a62,case_a627525fa9,general_small,5,"Question: Could you provide examples of specific knowledge transfer strategies that have been successful in overcoming knowledge transfer barriers in MNCs, and how they have been implemented in practi",3,corpus_dd46ff047548,0.5204,,33042a3e-5e8e-4375-b964-0fe2252e504c,legal
0002,0002_general_small_case_a62,case_a627525fa9,general_small,5,"Question: Could you provide examples of specific knowledge transfer strategies that have been successful in overcoming knowledge transfer barriers in MNCs, and how they have been implemented in practi",4,corpus_a3b9f7d6021d,0.5178,,e23add42-dc9f-4b46-aa21-ac722ae16c36,retail
0002,0002_general_small_case_a62,case_a627525fa9,general_small,5,"Question: Could you provide examples of specific knowledge transfer strategies that have been successful in overcoming knowledge transfer barriers in MNCs, and how they have been implemented in practi",5,corpus_9d5e2ec4aecd,0.5161,,e23add42-dc9f-4b46-aa21-ac722ae16c36,retail
0002,0002_general_small_case_a62,case_a627525fa9,general_small,6,Could you tell me more about domain area?,1,corpus_9d2db1b0788c,0.4414,,33042a3e-5e8e-4375-b964-0fe2252e504c,legal
0002,0002_general_small_case_a62,case_a627525fa9,general_small,6,Could you tell me more about domain area?,2,corpus_96f9ac4f9031,0.4376,,33042a3e-5e8e-4375-b964-0fe2252e504c,legal
0002,0002_general_small_case_a62,case_a627525fa9,general_small,6,Could you tell me more about domain area?,3,corpus_d03a736a7273,0.4308,,33042a3e-5e8e-4375-b964-0fe2252e504c,legal
0002,0002_general_small_case_a62,case_a627525fa9,general_small,6,Could you tell me more about domain area?,4,corpus_4dcf69bf62d5,0.4252,,33042a3e-5e8e-4375-b964-0fe2252e504c,legal
0002,0002_general_small_case_a62,case_a627525fa9,general_small,6,Could you tell me more about domain area?,5,corpus_db9362e0b6cb,0.424,,33042a3e-5e8e-4375-b964-0fe2252e504c,legal
0002,0002_general_small_case_a62,case_a627525fa9,general_small,7,"Question: Could you provide examples of specific knowledge transfer strategies that have been successful in overcoming knowledge transfer barriers in MNCs, and how they have been implemented in practi",1,corpus_4244f436fae8,0.5287,,e23add42-dc9f-4b46-aa21-ac722ae16c36,retail
0002,0002_general_small_case_a62,case_a627525fa9,general_small,7,"Question: Could you provide examples of specific knowledge transfer strategies that have been successful in overcoming knowledge transfer barriers in MNCs, and how they have been implemented in practi",2,corpus_90ca70ad5555,0.5224,,33042a3e-5e8e-4375-b964-0fe2252e504c,legal
0002,0002_general_small_case_a62,case_a627525fa9,general_small,7,"Question: Could you provide examples of specific knowledge transfer strategies that have been successful in overcoming knowledge transfer barriers in MNCs, and how they have been implemented in practi",3,corpus_dd46ff047548,0.5204,,33042a3e-5e8e-4375-b964-0fe2252e504c,legal
0002,0002_general_small_case_a62,case_a627525fa9,general_small,7,"Question: Could you provide examples of specific knowledge transfer strategies that have been successful in overcoming knowledge transfer barriers in MNCs, and how they have been implemented in practi",4,corpus_a3b9f7d6021d,0.5178,,e23add42-dc9f-4b46-aa21-ac722ae16c36,retail
0002,0002_general_small_case_a62,case_a627525fa9,general_small,7,"Question: Could you provide examples of specific knowledge transfer strategies that have been successful in overcoming knowledge transfer barriers in MNCs, and how they have been implemented in practi",5,corpus_9d5e2ec4aecd,0.5161,,e23add42-dc9f-4b46-aa21-ac722ae16c36,retail
0002,0002_general_small_case_a62,case_a627525fa9,general_small,8,"Question: Could you explain the significance of knowledge transfer strategies in overcoming knowledge transfer barriers in MNCs, and how they have been implemented in practice?",1,corpus_d80f614a69a6,0.5155,,33042a3e-5e8e-4375-b964-0fe2252e504c,legal
0002,0002_general_small_case_a62,case_a627525fa9,general_small,8,"Question: Could you explain the significance of knowledge transfer strategies in overcoming knowledge transfer barriers in MNCs, and how they have been implemented in practice?",2,corpus_90ca70ad5555,0.5142,,33042a3e-5e8e-4375-b964-0fe2252e504c,legal
0002,0002_general_small_case_a62,case_a627525fa9,general_small,8,"Question: Could you explain the significance of knowledge transfer strategies in overcoming knowledge transfer barriers in MNCs, and how they have been implemented in practice?",3,corpus_209220826904,0.5132,,e23add42-dc9f-4b46-aa21-ac722ae16c36,retail
0002,0002_general_small_case_a62,case_a627525fa9,general_small,8,"Question: Could you explain the significance of knowledge transfer strategies in overcoming knowledge transfer barriers in MNCs, and how they have been implemented in practice?",4,corpus_c61456086ff7,0.509,,af4b9da3-16de-4510-a1cb-2a32e101c884,healthcare
0002,0002_general_small_case_a62,case_a627525fa9,general_small,8,"Question: Could you explain the significance of knowledge transfer strategies in overcoming knowledge transfer barriers in MNCs, and how they have been implemented in practice?",5,corpus_fcffcdc1e2e9,0.5078,,33042a3e-5e8e-4375-b964-0fe2252e504c,legal
0002,0002_general_small_case_a62,case_a627525fa9,general_small,9,Could you tell me more about primary challenge?,1,corpus_9d2db1b0788c,0.4414,,33042a3e-5e8e-4375-b964-0fe2252e504c,legal
0002,0002_general_small_case_a62,case_a627525fa9,general_small,9,Could you tell me more about primary challenge?,2,corpus_96f9ac4f9031,0.4376,,33042a3e-5e8e-4375-b964-0fe2252e504c,legal
0002,0002_general_small_case_a62,case_a627525fa9,general_small,9,Could you tell me more about primary challenge?,3,corpus_d03a736a7273,0.4308,,33042a3e-5e8e-4375-b964-0fe2252e504c,legal
0002,0002_general_small_case_a62,case_a627525fa9,general_small,9,Could you tell me more about primary challenge?,4,corpus_4dcf69bf62d5,0.4252,,33042a3e-5e8e-4375-b964-0fe2252e504c,legal
0002,0002_general_small_case_a62,case_a627525fa9,general_small,9,Could you tell me more about primary challenge?,5,corpus_db9362e0b6cb,0.424,,33042a3e-5e8e-4375-b964-0fe2252e504c,legal
0002,0002_general_small_case_a62,case_a627525fa9,general_small,10,Question: Could you provide an overview of the latest research on knowledge transfer barriers in MNCs and how they have been addressed?,1,corpus_209220826904,0.5559,,e23add42-dc9f-4b46-aa21-ac722ae16c36,retail
0002,0002_general_small_case_a62,case_a627525fa9,general_small,10,Question: Could you provide an overview of the latest research on knowledge transfer barriers in MNCs and how they have been addressed?,2,corpus_d80f614a69a6,0.5206,,33042a3e-5e8e-4375-b964-0fe2252e504c,legal
0002,0002_general_small_case_a62,case_a627525fa9,general_small,10,Question: Could you provide an overview of the latest research on knowledge transfer barriers in MNCs and how they have been addressed?,3,corpus_9cfdf1737cea,0.52,,33042a3e-5e8e-4375-b964-0fe2252e504c,legal
0002,0002_general_small_case_a62,case_a627525fa9,general_small,10,Question: Could you provide an overview of the latest research on knowledge transfer barriers in MNCs and how they have been addressed?,4,corpus_9d5e2ec4aecd,0.5127,,e23add42-dc9f-4b46-aa21-ac722ae16c36,retail
0002,0002_general_small_case_a62,case_a627525fa9,general_small,10,Question: Could you provide an overview of the latest research on knowledge transfer barriers in MNCs and how they have been addressed?,5,corpus_4b47604ce9b7,0.5122,,33042a3e-5e8e-4375-b964-0fe2252e504c,legal
0002,0002_general_small_case_a62,case_a627525fa9,general_small,11,Question: Could you provide an overview of the latest research on knowledge transfer barriers in MNCs and how they have been addressed?,1,corpus_209220826904,0.5559,,e23add42-dc9f-4b46-aa21-ac722ae16c36,retail
0002,0002_general_small_case_a62,case_a627525fa9,general_small,11,Question: Could you provide an overview of the latest research on knowledge transfer barriers in MNCs and how they have been addressed?,2,corpus_d80f614a69a6,0.5206,,33042a3e-5e8e-4375-b964-0fe2252e504c,legal
0002,0002_general_small_case_a62,case_a627525fa9,general_small,11,Question: Could you provide an overview of the latest research on knowledge transfer barriers in MNCs and how they have been addressed?,3,corpus_9cfdf1737cea,0.52,,33042a3e-5e8e-4375-b964-0fe2252e504c,legal
0002,0002_general_small_case_a62,case_a627525fa9,general_small,11,Question: Could you provide an overview of the latest research on knowledge transfer barriers in MNCs and how they have been addressed?,4,corpus_9d5e2ec4aecd,0.5127,,e23add42-dc9f-4b46-aa21-ac722ae16c36,retail
0002,0002_general_small_case_a62,case_a627525fa9,general_small,11,Question: Could you provide an overview of the latest research on knowledge transfer barriers in MNCs and how they have been addressed?,5,corpus_4b47604ce9b7,0.5122,,33042a3e-5e8e-4375-b964-0fe2252e504c,legal
0002,0002_general_small_case_a62,case_a627525fa9,general_small,12,Question: Could you provide an overview of the latest research on knowledge transfer barriers in MNCs and how they have been addressed?,1,corpus_209220826904,0.5559,,e23add42-dc9f-4b46-aa21-ac722ae16c36,retail
0002,0002_general_small_case_a62,case_a627525fa9,general_small,12,Question: Could you provide an overview of the latest research on knowledge transfer barriers in MNCs and how they have been addressed?,2,corpus_d80f614a69a6,0.5206,,33042a3e-5e8e-4375-b964-0fe2252e504c,legal
0002,0002_general_small_case_a62,case_a627525fa9,general_small,12,Question: Could you provide an overview of the latest research on knowledge transfer barriers in MNCs and how they have been addressed?,3,corpus_9cfdf1737cea,0.52,,33042a3e-5e8e-4375-b964-0fe2252e504c,legal
0002,0002_general_small_case_a62,case_a627525fa9,general_small,12,Question: Could you provide an overview of the latest research on knowledge transfer barriers in MNCs and how they have been addressed?,4,corpus_9d5e2ec4aecd,0.5127,,e23add42-dc9f-4b46-aa21-ac722ae16c36,retail
0002,0002_general_small_case_a62,case_a627525fa9,general_small,12,Question: Could you provide an overview of the latest research on knowledge transfer barriers in MNCs and how they have been addressed?,5,corpus_4b47604ce9b7,0.5122,,33042a3e-5e8e-4375-b964-0fe2252e504c,legal
0002,0002_general_small_case_a62,case_a627525fa9,general_small,13,Question: Could you provide an overview of the latest research on knowledge transfer barriers in MNCs and how they have been addressed?,1,corpus_209220826904,0.5559,,e23add42-dc9f-4b46-aa21-ac722ae16c36,retail
0002,0002_general_small_case_a62,case_a627525fa9,general_small,13,Question: Could you provide an overview of the latest research on knowledge transfer barriers in MNCs and how they have been addressed?,2,corpus_d80f614a69a6,0.5206,,33042a3e-5e8e-4375-b964-0fe2252e504c,legal
0002,0002_general_small_case_a62,case_a627525fa9,general_small,13,Question: Could you provide an overview of the latest research on knowledge transfer barriers in MNCs and how they have been addressed?,3,corpus_9cfdf1737cea,0.52,,33042a3e-5e8e-4375-b964-0fe2252e504c,legal
0002,0002_general_small_case_a62,case_a627525fa9,general_small,13,Question: Could you provide an overview of the latest research on knowledge transfer barriers in MNCs and how they have been addressed?,4,corpus_9d5e2ec4aecd,0.5127,,e23add42-dc9f-4b46-aa21-ac722ae16c36,retail
0002,0002_general_small_case_a62,case_a627525fa9,general_small,13,Question: Could you provide an overview of the latest research on knowledge transfer barriers in MNCs and how they have been addressed?,5,corpus_4b47604ce9b7,0.5122,,33042a3e-5e8e-4375-b964-0fe2252e504c,legal
0002,0002_general_small_case_a62,case_a627525fa9,general_small,14,Could you tell me more about primary challenge?,1,corpus_209220826904,0.5559,,e23add42-dc9f-4b46-aa21-ac722ae16c36,retail
0002,0002_general_small_case_a62,case_a627525fa9,general_small,14,Could you tell me more about primary challenge?,2,corpus_d80f614a69a6,0.5206,,33042a3e-5e8e-4375-b964-0fe2252e504c,legal
0002,0002_general_small_case_a62,case_a627525fa9,general_small,14,Could you tell me more about primary challenge?,3,corpus_9cfdf1737cea,0.52,,33042a3e-5e8e-4375-b964-0fe2252e504c,legal
0002,0002_general_small_case_a62,case_a627525fa9,general_small,14,Could you tell me more about primary challenge?,4,corpus_9d5e2ec4aecd,0.5127,,e23add42-dc9f-4b46-aa21-ac722ae16c36,retail
0002,0002_general_small_case_a62,case_a627525fa9,general_small,14,Could you tell me more about primary challenge?,5,corpus_4b47604ce9b7,0.5122,,33042a3e-5e8e-4375-b964-0fe2252e504c,legal
0002,0002_general_small_case_a62,case_a627525fa9,general_small,1,"Question: Can you explain the implications of the recent insufficient knowledge-based operational chaullenge your team faced, and how did the team respond to it?",1,corpus_209220826904,0.5122,,e23add42-dc9f-4b46-aa21-ac722ae16c36,retail
0002,0002_general_small_case_a62,case_a627525fa9,general_small,1,"Question: Can you explain the implications of the recent insufficient knowledge-based operational chaullenge your team faced, and how did the team respond to it?",2,corpus_989cdbc88c17,0.508,,e23add42-dc9f-4b46-aa21-ac722ae16c36,retail
0002,0002_general_small_case_a62,case_a627525fa9,general_small,1,"Question: Can you explain the implications of the recent insufficient knowledge-based operational chaullenge your team faced, and how did the team respond to it?",3,corpus_f1dbaf55f517,0.493,,e23add42-dc9f-4b46-aa21-ac722ae16c36,retail
0002,0002_general_small_case_a62,case_a627525fa9,general_small,1,"Question: Can you explain the implications of the recent insufficient knowledge-based operational chaullenge your team faced, and how did the team respond to it?",4,corpus_fdc18a2962cd,0.4826,,e23add42-dc9f-4b46-aa21-ac722ae16c36,retail
0002,0002_general_small_case_a62,case_a627525fa9,general_small,1,"Question: Can you explain the implications of the recent insufficient knowledge-based operational chaullenge your team faced, and how did the team respond to it?",5,corpus_fcffcdc1e2e9,0.4762,,33042a3e-5e8e-4375-b964-0fe2252e504c,legal
0002,0002_general_small_case_a62,case_a627525fa9,general_small,2,"Question: Can you explain the lessons learned from the recent insufficient knowledge-based operational chaullenge your team faced, and how did the team respond to them?",1,corpus_4b47604ce9b7,0.5344,,33042a3e-5e8e-4375-b964-0fe2252e504c,legal
0002,0002_general_small_case_a62,case_a627525fa9,general_small,2,"Question: Can you explain the lessons learned from the recent insufficient knowledge-based operational chaullenge your team faced, and how did the team respond to them?",2,corpus_c61456086ff7,0.5276,,af4b9da3-16de-4510-a1cb-2a32e101c884,healthcare
0002,0002_general_small_case_a62,case_a627525fa9,general_small,2,"Question: Can you explain the lessons learned from the recent insufficient knowledge-based operational chaullenge your team faced, and how did the team respond to them?",3,corpus_9cfdf1737cea,0.5256,,33042a3e-5e8e-4375-b964-0fe2252e504c,legal
0002,0002_general_small_case_a62,case_a627525fa9,general_small,2,"Question: Can you explain the lessons learned from the recent insufficient knowledge-based operational chaullenge your team faced, and how did the team respond to them?",4,corpus_4244f436fae8,0.5256,,e23add42-dc9f-4b46-aa21-ac722ae16c36,retail
0002,0002_general_small_case_a62,case_a627525fa9,general_small,2,"Question: Can you explain the lessons learned from the recent insufficient knowledge-based operational chaullenge your team faced, and how did the team respond to them?",5,corpus_90ca70ad5555,0.5236,,33042a3e-5e8e-4375-b964-0fe2252e504c,legal
0002,0002_general_small_case_a62,case_a627525fa9,general_small,3,Could you tell me more about primary challenge?,1,corpus_9d2db1b0788c,0.4414,,33042a3e-5e8e-4375-b964-0fe2252e504c,legal
0002,0002_general_small_case_a62,case_a627525fa9,general_small,3,Could you tell me more about primary challenge?,2,corpus_96f9ac4f9031,0.4376,,33042a3e-5e8e-4375-b964-0fe2252e504c,legal
0002,0002_general_small_case_a62,case_a627525fa9,general_small,3,Could you tell me more about primary challenge?,3,corpus_d03a736a7273,0.4308,,33042a3e-5e8e-4375-b964-0fe2252e504c,legal
0002,0002_general_small_case_a62,case_a627525fa9,general_small,3,Could you tell me more about primary challenge?,4,corpus_4dcf69bf62d5,0.4252,,33042a3e-5e8e-4375-b964-0fe2252e504c,legal
0002,0002_general_small_case_a62,case_a627525fa9,general_small,3,Could you tell me more about primary challenge?,5,corpus_db9362e0b6cb,0.424,,33042a3e-5e8e-4375-b964-0fe2252e504c,legal
0002,0002_general_small_case_a62,case_a627525fa9,general_small,4,"Question: Can you explain the role of people involved in the recent insufficient knowledge-based operational chaullenge your team faced, and how the team responded to it?",1,corpus_209220826904,0.5122,,e23add42-dc9f-4b46-aa21-ac722ae16c36,retail
0002,0002_general_small_case_a62,case_a627525fa9,general_small,4,"Question: Can you explain the role of people involved in the recent insufficient knowledge-based operational chaullenge your team faced, and how the team responded to it?",2,corpus_989cdbc88c17,0.508,,e23add42-dc9f-4b46-aa21-ac722ae16c36,retail
0002,0002_general_small_case_a62,case_a627525fa9,general_small,4,"Question: Can you explain the role of people involved in the recent insufficient knowledge-based operational chaullenge your team faced, and how the team responded to it?",3,corpus_f1dbaf55f517,0.493,,e23add42-dc9f-4b46-aa21-ac722ae16c36,retail
0002,0002_general_small_case_a62,case_a627525fa9,general_small,4,"Question: Can you explain the role of people involved in the recent insufficient knowledge-based operational chaullenge your team faced, and how the team responded to it?",4,corpus_fdc18a2962cd,0.4826,,e23add42-dc9f-4b46-aa21-ac722ae16c36,retail
0002,0002_general_small_case_a62,case_a627525fa9,general_small,4,"Question: Can you explain the role of people involved in the recent insufficient knowledge-based operational chaullenge your team faced, and how the team responded to it?",5,corpus_fcffcdc1e2e9,0.4762,,33042a3e-5e8e-4375-b964-0fe2252e504c,legal
0002,0002_general_small_case_a62,case_a627525fa9,general_small,5,"Question: Could you explain the role of the people involved in the recent insufficient knowledge-based operational chaullenge your team faced, and how the team responded to it?",1,corpus_209220826904,0.5122,,e23add42-dc9f-4b46-aa21-ac722ae16c36,retail
0002,0002_general_small_case_a62,case_a627525fa9,general_small,5,"Question: Could you explain the role of the people involved in the recent insufficient knowledge-based operational chaullenge your team faced, and how the team responded to it?",2,corpus_989cdbc88c17,0.508,,e23add42-dc9f-4b46-aa21-ac722ae16c36,retail
0002,0002_general_small_case_a62,case_a627525fa9,general_small,5,"Question: Could you explain the role of the people involved in the recent insufficient knowledge-based operational chaullenge your team faced, and how the team responded to it?",3,corpus_f1dbaf55f517,0.493,,e23add42-dc9f-4b46-aa21-ac722ae16c36,retail
0002,0002_general_small_case_a62,case_a627525fa9,general_small,5,"Question: Could you explain the role of the people involved in the recent insufficient knowledge-based operational chaullenge your team faced, and how the team responded to it?",4,corpus_fdc18a2962cd,0.4826,,e23add42-dc9f-4b46-aa21-ac722ae16c36,retail
0002,0002_general_small_case_a62,case_a627525fa9,general_small,5,"Question: Could you explain the role of the people involved in the recent insufficient knowledge-based operational chaullenge your team faced, and how the team responded to it?",5,corpus_fcffcdc1e2e9,0.4762,,33042a3e-5e8e-4375-b964-0fe2252e504c,legal
0002,0002_general_small_case_a62,case_a627525fa9,general_small,6,Could you tell me more about domain area?,1,corpus_9d2db1b0788c,0.4414,,33042a3e-5e8e-4375-b964-0fe2252e504c,legal
0002,0002_general_small_case_a62,case_a627525fa9,general_small,6,Could you tell me more about domain area?,2,corpus_96f9ac4f9031,0.4376,,33042a3e-5e8e-4375-b964-0fe2252e504c,legal
0002,0002_general_small_case_a62,case_a627525fa9,general_small,6,Could you tell me more about domain area?,3,corpus_d03a736a7273,0.4308,,33042a3e-5e8e-4375-b964-0fe2252e504c,legal
0002,0002_general_small_case_a62,case_a627525fa9,general_small,6,Could you tell me more about domain area?,4,corpus_4dcf69bf62d5,0.4252,,33042a3e-5e8e-4375-b964-0fe2252e504c,legal
0002,0002_general_small_case_a62,case_a627525fa9,general_small,6,Could you tell me more about domain area?,5,corpus_db9362e0b6cb,0.424,,33042a3e-5e8e-4375-b964-0fe2252e504c,legal
0002,0002_general_small_case_a62,case_a627525fa9,general_small,7,"Question: Could you explain the role of the people involved in the recent insufficient knowledge-based operational chaullenge your team faced, and how the team responded to it?",1,corpus_209220826904,0.5122,,e23add42-dc9f-4b46-aa21-ac722ae16c36,retail
0002,0002_general_small_case_a62,case_a627525fa9,general_small,7,"Question: Could you explain the role of the people involved in the recent insufficient knowledge-based operational chaullenge your team faced, and how the team responded to it?",2,corpus_989cdbc88c17,0.508,,e23add42-dc9f-4b46-aa21-ac722ae16c36,retail
0002,0002_general_small_case_a62,case_a627525fa9,general_small,7,"Question: Could you explain the role of the people involved in the recent insufficient knowledge-based operational chaullenge your team faced, and how the team responded to it?",3,corpus_f1dbaf55f517,0.493,,e23add42-dc9f-4b46-aa21-ac722ae16c36,retail
0002,0002_general_small_case_a62,case_a627525fa9,general_small,7,"Question: Could you explain the role of the people involved in the recent insufficient knowledge-based operational chaullenge your team faced, and how the team responded to it?",4,corpus_fdc18a2962cd,0.4826,,e23add42-dc9f-4b46-aa21-ac722ae16c36,retail
0002,0002_general_small_case_a62,case_a627525fa9,general_small,7,"Question: Could you explain the role of the people involved in the recent insufficient knowledge-based operational chaullenge your team faced, and how the team responded to it?",5,corpus_fcffcdc1e2e9,0.4762,,33042a3e-5e8e-4375-b964-0fe2252e504c,legal
0002,0002_general_small_case_a62,case_a627525fa9,general_small,8,"Question: Could you describe the role of the people involved in the recent insufficient knowledge-based operational chaullenge your team faced, and how the team responded to it?",1,corpus_209220826904,0.5122,,e23add42-dc9f-4b46-aa21-ac722ae16c36,retail
0002,0002_general_small_case_a62,case_a627525fa9,general_small,8,"Question: Could you describe the role of the people involved in the recent insufficient knowledge-based operational chaullenge your team faced, and how the team responded to it?",2,corpus_989cdbc88c17,0.508,,e23add42-dc9f-4b46-aa21-ac722ae16c36,retail
0002,0002_general_small_case_a62,case_a627525fa9,general_small,8,"Question: Could you describe the role of the people involved in the recent insufficient knowledge-based operational chaullenge your team faced, and how the team responded to it?",3,corpus_f1dbaf55f517,0.493,,e23add42-dc9f-4b46-aa21-ac722ae16c36,retail
0002,0002_general_small_case_a62,case_a627525fa9,general_small,8,"Question: Could you describe the role of the people involved in the recent insufficient knowledge-based operational chaullenge your team faced, and how the team responded to it?",4,corpus_fdc18a2962cd,0.4826,,e23add42-dc9f-4b46-aa21-ac722ae16c36,retail
0002,0002_general_small_case_a62,case_a627525fa9,general_small,8,"Question: Could you describe the role of the people involved in the recent insufficient knowledge-based operational chaullenge your team faced, and how the team responded to it?",5,corpus_fcffcdc1e2e9,0.4762,,33042a3e-5e8e-4375-b964-0fe2252e504c,legal
0002,0002_general_small_case_a62,case_a627525fa9,general_small,9,Could you tell me more about domain area?,1,corpus_9d2db1b0788c,0.4414,,33042a3e-5e8e-4375-b964-0fe2252e504c,legal
0002,0002_general_small_case_a62,case_a627525fa9,general_small,9,Could you tell me more about domain area?,2,corpus_96f9ac4f9031,0.4376,,33042a3e-5e8e-4375-b964-0fe2252e504c,legal
0002,0002_general_small_case_a62,case_a627525fa9,general_small,9,Could you tell me more about domain area?,3,corpus_d03a736a7273,0.4308,,33042a3e-5e8e-4375-b964-0fe2252e504c,legal
0002,0002_general_small_case_a62,case_a627525fa9,general_small,9,Could you tell me more about domain area?,4,corpus_4dcf69bf62d5,0.4252,,33042a3e-5e8e-4375-b964-0fe2252e504c,legal
0002,0002_general_small_case_a62,case_a627525fa9,general_small,9,Could you tell me more about domain area?,5,corpus_db9362e0b6cb,0.424,,33042a3e-5e8e-4375-b964-0fe2252e504c,legal
0002,0002_general_small_case_a62,case_a627525fa9,general_small,10,"Question: Could you explain the role of the people involved in the recent insufficient knowledge-based operational chaullenge your team faced, and how the team responded to it?",1,corpus_209220826904,0.5122,,e23add42-dc9f-4b46-aa21-ac722ae16c36,retail
0002,0002_general_small_case_a62,case_a627525fa9,general_small,10,"Question: Could you explain the role of the people involved in the recent insufficient knowledge-based operational chaullenge your team faced, and how the team responded to it?",2,corpus_989cdbc88c17,0.508,,e23add42-dc9f-4b46-aa21-ac722ae16c36,retail
0002,0002_general_small_case_a62,case_a627525fa9,general_small,10,"Question: Could you explain the role of the people involved in the recent insufficient knowledge-based operational chaullenge your team faced, and how the team responded to it?",3,corpus_f1dbaf55f517,0.493,,e23add42-dc9f-4b46-aa21-ac722ae16c36,retail
0002,0002_general_small_case_a62,case_a627525fa9,general_small,10,"Question: Could you explain the role of the people involved in the recent insufficient knowledge-based operational chaullenge your team faced, and how the team responded to it?",4,corpus_fdc18a2962cd,0.4826,,e23add42-dc9f-4b46-aa21-ac722ae16c36,retail
0002,0002_general_small_case_a62,case_a627525fa9,general_small,10,"Question: Could you explain the role of the people involved in the recent insufficient knowledge-based operational chaullenge your team faced, and how the team responded to it?",5,corpus_fcffcdc1e2e9,0.4762,,33042a3e-5e8e-4375-b964-0fe2252e504c,legal
0002,0002_general_small_case_a62,case_a627525fa9,general_small,11,"Question: Could you explain the significance of the recent insufficient knowledge-based operational chaullenge your team faced, and how the team responded to it?",1,corpus_209220826904,0.5122,,e23add42-dc9f-4b46-aa21-ac722ae16c36,retail
0002,0002_general_small_case_a62,case_a627525fa9,general_small,11,"Question: Could you explain the significance of the recent insufficient knowledge-based operational chaullenge your team faced, and how the team responded to it?",2,corpus_989cdbc88c17,0.508,,e23add42-dc9f-4b46-aa21-ac722ae16c36,retail
0002,0002_general_small_case_a62,case_a627525fa9,general_small,11,"Question: Could you explain the significance of the recent insufficient knowledge-based operational chaullenge your team faced, and how the team responded to it?",3,corpus_f1dbaf55f517,0.493,,e23add42-dc9f-4b46-aa21-ac722ae16c36,retail
0002,0002_general_small_case_a62,case_a627525fa9,general_small,11,"Question: Could you explain the significance of the recent insufficient knowledge-based operational chaullenge your team faced, and how the team responded to it?",4,corpus_fdc18a2962cd,0.4826,,e23add42-dc9f-4b46-aa21-ac722ae16c36,retail
0002,0002_general_small_case_a62,case_a627525fa9,general_small,11,"Question: Could you explain the significance of the recent insufficient knowledge-based operational chaullenge your team faced, and how the team responded to it?",5,corpus_fcffcdc1e2e9,0.4762,,33042a3e-5e8e-4375-b964-0fe2252e504c,legal
0002,0002_general_small_case_a62,case_a627525fa9,general_small,12,"Question: Could you explain the role of the people involved in the recent insufficient knowledge-based operational chaullenge your team faced, and how the team responded to it?",1,corpus_209220826904,0.5122,,e23add42-dc9f-4b46-aa21-ac722ae16c36,retail
0002,0002_general_small_case_a62,case_a627525fa9,general_small,12,"Question: Could you explain the role of the people involved in the recent insufficient knowledge-based operational chaullenge your team faced, and how the team responded to it?",2,corpus_989cdbc88c17,0.508,,e23add42-dc9f-4b46-aa21-ac722ae16c36,retail
0002,0002_general_small_case_a62,case_a627525fa9,general_small,12,"Question: Could you explain the role of the people involved in the recent insufficient knowledge-based operational chaullenge your team faced, and how the team responded to it?",3,corpus_f1dbaf55f517,0.493,,e23add42-dc9f-4b46-aa21-ac722ae16c36,retail
0002,0002_general_small_case_a62,case_a627525fa9,general_small,12,"Question: Could you explain the role of the people involved in the recent insufficient knowledge-based operational chaullenge your team faced, and how the team responded to it?",4,corpus_fdc18a2962cd,0.4826,,e23add42-dc9f-4b46-aa21-ac722ae16c36,retail
0002,0002_general_small_case_a62,case_a627525fa9,general_small,12,"Question: Could you explain the role of the people involved in the recent insufficient knowledge-based operational chaullenge your team faced, and how the team responded to it?",5,corpus_fcffcdc1e2e9,0.4762,,33042a3e-5e8e-4375-b964-0fe2252e504c,legal
0002,0002_general_small_case_a62,case_a627525fa9,general_small,13,Question: Could you provide more details on the specific challenges the team faced in the recent insufficient knowledge-based operational chaullenge and how they responded to them?,1,corpus_209220826904,0.5456,,e23add42-dc9f-4b46-aa21-ac722ae16c36,retail
0002,0002_general_small_case_a62,case_a627525fa9,general_small,13,Question: Could you provide more details on the specific challenges the team faced in the recent insufficient knowledge-based operational chaullenge and how they responded to them?,2,corpus_93b6b75d8e81,0.5149,,33042a3e-5e8e-4375-b964-0fe2252e504c,legal
0002,0002_general_small_case_a62,case_a627525fa9,general_small,13,Question: Could you provide more details on the specific challenges the team faced in the recent insufficient knowledge-based operational chaullenge and how they responded to them?,3,corpus_c61456086ff7,0.5116,,af4b9da3-16de-4510-a1cb-2a32e101c884,healthcare
0002,0002_general_small_case_a62,case_a627525fa9,general_small,13,Question: Could you provide more details on the specific challenges the team faced in the recent insufficient knowledge-based operational chaullenge and how they responded to them?,4,corpus_4709625e9a6d,0.5079,,33042a3e-5e8e-4375-b964-0fe2252e504c,legal
0002,0002_general_small_case_a62,case_a627525fa9,general_small,13,Question: Could you provide more details on the specific challenges the team faced in the recent insufficient knowledge-based operational chaullenge and how they responded to them?,5,corpus_8c5ce31c651e,0.5054,,33042a3e-5e8e-4375-b964-0fe2252e504c,legal
0002,0002_general_small_case_a62,case_a627525fa9,general_small,14,Could you tell me more about domain area?,1,corpus_209220826904,0.5456,,e23add42-dc9f-4b46-aa21-ac722ae16c36,retail
0002,0002_general_small_case_a62,case_a627525fa9,general_small,14,Could you tell me more about domain area?,2,corpus_93b6b75d8e81,0.5149,,33042a3e-5e8e-4375-b964-0fe2252e504c,legal
0002,0002_general_small_case_a62,case_a627525fa9,general_small,14,Could you tell me more about domain area?,3,corpus_c61456086ff7,0.5116,,af4b9da3-16de-4510-a1cb-2a32e101c884,healthcare
0002,0002_general_small_case_a62,case_a627525fa9,general_small,14,Could you tell me more about domain area?,4,corpus_4709625e9a6d,0.5079,,33042a3e-5e8e-4375-b964-0fe2252e504c,legal
0002,0002_general_small_case_a62,case_a627525fa9,general_small,14,Could you tell me more about domain area?,5,corpus_8c5ce31c651e,0.5054,,33042a3e-5e8e-4375-b964-0fe2252e504c,legal
0002,0002_general_main_case_a62,case_a627525fa9,general_main,1,Could you describe any specific issues or challenges your team encountered related to knowledge retention and sharing in the context of implementing new technologies like Jira and Confluence?,1,corpus_25d9678ca161,0.6921,,e23add42-dc9f-4b46-aa21-ac722ae16c36,retail
0002,0002_general_main_case_a62,case_a627525fa9,general_main,1,Could you describe any specific issues or challenges your team encountered related to knowledge retention and sharing in the context of implementing new technologies like Jira and Confluence?,2,corpus_f29a271153e9,0.524,,33042a3e-5e8e-4375-b964-0fe2252e504c,legal
0002,0002_general_main_case_a62,case_a627525fa9,general_main,1,Could you describe any specific issues or challenges your team encountered related to knowledge retention and sharing in the context of implementing new technologies like Jira and Confluence?,3,corpus_4244f436fae8,0.5209,,e23add42-dc9f-4b46-aa21-ac722ae16c36,retail
0002,0002_general_main_case_a62,case_a627525fa9,general_main,1,Could you describe any specific issues or challenges your team encountered related to knowledge retention and sharing in the context of implementing new technologies like Jira and Confluence?,4,corpus_a3b9f7d6021d,0.5193,,e23add42-dc9f-4b46-aa21-ac722ae16c36,retail
0002,0002_general_main_case_a62,case_a627525fa9,general_main,1,Could you describe any specific issues or challenges your team encountered related to knowledge retention and sharing in the context of implementing new technologies like Jira and Confluence?,5,corpus_fcffcdc1e2e9,0.5159,,33042a3e-5e8e-4375-b964-0fe2252e504c,legal
0002,0002_general_main_case_a62,case_a627525fa9,general_main,2,Could you provide more details on how your team implemented new technologies like Jira and Confluence to improve knowledge retention and sharing?,1,corpus_25d9678ca161,0.5741,,e23add42-dc9f-4b46-aa21-ac722ae16c36,retail
0002,0002_general_main_case_a62,case_a627525fa9,general_main,2,Could you provide more details on how your team implemented new technologies like Jira and Confluence to improve knowledge retention and sharing?,2,corpus_f29a271153e9,0.5615,,33042a3e-5e8e-4375-b964-0fe2252e504c,legal
0002,0002_general_main_case_a62,case_a627525fa9,general_main,2,Could you provide more details on how your team implemented new technologies like Jira and Confluence to improve knowledge retention and sharing?,3,corpus_a3b9f7d6021d,0.5614,,e23add42-dc9f-4b46-aa21-ac722ae16c36,retail
0002,0002_general_main_case_a62,case_a627525fa9,general_main,2,Could you provide more details on how your team implemented new technologies like Jira and Confluence to improve knowledge retention and sharing?,4,corpus_4b47604ce9b7,0.5601,,33042a3e-5e8e-4375-b964-0fe2252e504c,legal
0002,0002_general_main_case_a62,case_a627525fa9,general_main,2,Could you provide more details on how your team implemented new technologies like Jira and Confluence to improve knowledge retention and sharing?,5,corpus_4d1e0dc0de5a,0.5571,,33042a3e-5e8e-4375-b964-0fe2252e504c,legal
0002,0002_general_main_case_a62,case_a627525fa9,general_main,3,Could you elaborate on the specific strategies or methods your team used to ensure the effective implementation and utilization of Jira and Confluence to enhance knowledge retention and sharing?,1,corpus_9d5e2ec4aecd,0.546,,e23add42-dc9f-4b46-aa21-ac722ae16c36,retail
0002,0002_general_main_case_a62,case_a627525fa9,general_main,3,Could you elaborate on the specific strategies or methods your team used to ensure the effective implementation and utilization of Jira and Confluence to enhance knowledge retention and sharing?,2,corpus_90ca70ad5555,0.5274,,33042a3e-5e8e-4375-b964-0fe2252e504c,legal
0002,0002_general_main_case_a62,case_a627525fa9,general_main,3,Could you elaborate on the specific strategies or methods your team used to ensure the effective implementation and utilization of Jira and Confluence to enhance knowledge retention and sharing?,3,corpus_25d9678ca161,0.5245,,e23add42-dc9f-4b46-aa21-ac722ae16c36,retail
0002,0002_general_main_case_a62,case_a627525fa9,general_main,3,Could you elaborate on the specific strategies or methods your team used to ensure the effective implementation and utilization of Jira and Confluence to enhance knowledge retention and sharing?,4,corpus_edcf4f47eb6f,0.5202,,e23add42-dc9f-4b46-aa21-ac722ae16c36,retail
0002,0002_general_main_case_a62,case_a627525fa9,general_main,3,Could you elaborate on the specific strategies or methods your team used to ensure the effective implementation and utilization of Jira and Confluence to enhance knowledge retention and sharing?,5,corpus_a3b9f7d6021d,0.5187,,e23add42-dc9f-4b46-aa21-ac722ae16c36,retail
0002,0002_general_main_case_a62,case_a627525fa9,general_main,4,"Could you describe how your team addressed the challenges you mentioned regarding knowledge retention and sharing, particularly with the implementation of Jira and Confluence?",1,corpus_9d5e2ec4aecd,0.5527,,e23add42-dc9f-4b46-aa21-ac722ae16c36,retail
0002,0002_general_main_case_a62,case_a627525fa9,general_main,4,"Could you describe how your team addressed the challenges you mentioned regarding knowledge retention and sharing, particularly with the implementation of Jira and Confluence?",2,corpus_90ca70ad5555,0.5278,,33042a3e-5e8e-4375-b964-0fe2252e504c,legal
0002,0002_general_main_case_a62,case_a627525fa9,general_main,4,"Could you describe how your team addressed the challenges you mentioned regarding knowledge retention and sharing, particularly with the implementation of Jira and Confluence?",3,corpus_25d9678ca161,0.5253,,e23add42-dc9f-4b46-aa21-ac722ae16c36,retail
0002,0002_general_main_case_a62,case_a627525fa9,general_main,4,"Could you describe how your team addressed the challenges you mentioned regarding knowledge retention and sharing, particularly with the implementation of Jira and Confluence?",4,corpus_a3b9f7d6021d,0.5235,,e23add42-dc9f-4b46-aa21-ac722ae16c36,retail
0002,0002_general_main_case_a62,case_a627525fa9,general_main,4,"Could you describe how your team addressed the challenges you mentioned regarding knowledge retention and sharing, particularly with the implementation of Jira and Confluence?",5,corpus_edcf4f47eb6f,0.5182,,e23add42-dc9f-4b46-aa21-ac722ae16c36,retail
0002,0002_general_main_case_a62,case_a627525fa9,general_main,5,"Could you provide more details on how your team addressed the challenges you mentioned regarding knowledge retention and sharing, particularly with the implementation of Jira and Confluence?",1,corpus_9d5e2ec4aecd,0.5706,,e23add42-dc9f-4b46-aa21-ac722ae16c36,retail
0002,0002_general_main_case_a62,case_a627525fa9,general_main,5,"Could you provide more details on how your team addressed the challenges you mentioned regarding knowledge retention and sharing, particularly with the implementation of Jira and Confluence?",2,corpus_25d9678ca161,0.5547,,e23add42-dc9f-4b46-aa21-ac722ae16c36,retail
0002,0002_general_main_case_a62,case_a627525fa9,general_main,5,"Could you provide more details on how your team addressed the challenges you mentioned regarding knowledge retention and sharing, particularly with the implementation of Jira and Confluence?",3,corpus_a3b9f7d6021d,0.5484,,e23add42-dc9f-4b46-aa21-ac722ae16c36,retail
0002,0002_general_main_case_a62,case_a627525fa9,general_main,5,"Could you provide more details on how your team addressed the challenges you mentioned regarding knowledge retention and sharing, particularly with the implementation of Jira and Confluence?",4,corpus_90ca70ad5555,0.5461,,33042a3e-5e8e-4375-b964-0fe2252e504c,legal
0002,0002_general_main_case_a62,case_a627525fa9,general_main,5,"Could you provide more details on how your team addressed the challenges you mentioned regarding knowledge retention and sharing, particularly with the implementation of Jira and Confluence?",5,corpus_fdc18a2962cd,0.5431,,e23add42-dc9f-4b46-aa21-ac722ae16c36,retail
0002,0002_general_main_case_a62,case_a627525fa9,general_main,6,"Could you describe the specific challenges your team faced related to knowledge retention and sharing when implementing Jira and Confluence, and how these challenges were resolved?",1,corpus_9d5e2ec4aecd,0.5706,,e23add42-dc9f-4b46-aa21-ac722ae16c36,retail
0002,0002_general_main_case_a62,case_a627525fa9,general_main,6,"Could you describe the specific challenges your team faced related to knowledge retention and sharing when implementing Jira and Confluence, and how these challenges were resolved?",2,corpus_25d9678ca161,0.5547,,e23add42-dc9f-4b46-aa21-ac722ae16c36,retail
0002,0002_general_main_case_a62,case_a627525fa9,general_main,6,"Could you describe the specific challenges your team faced related to knowledge retention and sharing when implementing Jira and Confluence, and how these challenges were resolved?",3,corpus_a3b9f7d6021d,0.5484,,e23add42-dc9f-4b46-aa21-ac722ae16c36,retail
0002,0002_general_main_case_a62,case_a627525fa9,general_main,6,"Could you describe the specific challenges your team faced related to knowledge retention and sharing when implementing Jira and Confluence, and how these challenges were resolved?",4,corpus_90ca70ad5555,0.5461,,33042a3e-5e8e-4375-b964-0fe2252e504c,legal
0002,0002_general_main_case_a62,case_a627525fa9,general_main,6,"Could you describe the specific challenges your team faced related to knowledge retention and sharing when implementing Jira and Confluence, and how these challenges were resolved?",5,corpus_fdc18a2962cd,0.5431,,e23add42-dc9f-4b46-aa21-ac722ae16c36,retail
0002,0002_general_main_case_a62,case_a627525fa9,general_main,7,Could you describe the specific strategies or methods your team used to ensure the effective implementation and utilization of Jira and Confluence to enhance knowledge retention and sharing?,1,corpus_9d5e2ec4aecd,0.546,,e23add42-dc9f-4b46-aa21-ac722ae16c36,retail
0002,0002_general_main_case_a62,case_a627525fa9,general_main,7,Could you describe the specific strategies or methods your team used to ensure the effective implementation and utilization of Jira and Confluence to enhance knowledge retention and sharing?,2,corpus_90ca70ad5555,0.5274,,33042a3e-5e8e-4375-b964-0fe2252e504c,legal
0002,0002_general_main_case_a62,case_a627525fa9,general_main,7,Could you describe the specific strategies or methods your team used to ensure the effective implementation and utilization of Jira and Confluence to enhance knowledge retention and sharing?,3,corpus_25d9678ca161,0.5245,,e23add42-dc9f-4b46-aa21-ac722ae16c36,retail
0002,0002_general_main_case_a62,case_a627525fa9,general_main,7,Could you describe the specific strategies or methods your team used to ensure the effective implementation and utilization of Jira and Confluence to enhance knowledge retention and sharing?,4,corpus_edcf4f47eb6f,0.5202,,e23add42-dc9f-4b46-aa21-ac722ae16c36,retail
0002,0002_general_main_case_a62,case_a627525fa9,general_main,7,Could you describe the specific strategies or methods your team used to ensure the effective implementation and utilization of Jira and Confluence to enhance knowledge retention and sharing?,5,corpus_a3b9f7d6021d,0.5187,,e23add42-dc9f-4b46-aa21-ac722ae16c36,retail
0002,0002_general_main_case_a62,case_a627525fa9,general_main,8,"Could you describe the specific challenges your team faced related to knowledge retention and sharing when implementing Jira and Confluence, and how these challenges were resolved?",1,corpus_9d5e2ec4aecd,0.5706,,e23add42-dc9f-4b46-aa21-ac722ae16c36,retail
0002,0002_general_main_case_a62,case_a627525fa9,general_main,8,"Could you describe the specific challenges your team faced related to knowledge retention and sharing when implementing Jira and Confluence, and how these challenges were resolved?",2,corpus_25d9678ca161,0.5547,,e23add42-dc9f-4b46-aa21-ac722ae16c36,retail
0002,0002_general_main_case_a62,case_a627525fa9,general_main,8,"Could you describe the specific challenges your team faced related to knowledge retention and sharing when implementing Jira and Confluence, and how these challenges were resolved?",3,corpus_a3b9f7d6021d,0.5484,,e23add42-dc9f-4b46-aa21-ac722ae16c36,retail
0002,0002_general_main_case_a62,case_a627525fa9,general_main,8,"Could you describe the specific challenges your team faced related to knowledge retention and sharing when implementing Jira and Confluence, and how these challenges were resolved?",4,corpus_90ca70ad5555,0.5461,,33042a3e-5e8e-4375-b964-0fe2252e504c,legal
0002,0002_general_main_case_a62,case_a627525fa9,general_main,8,"Could you describe the specific challenges your team faced related to knowledge retention and sharing when implementing Jira and Confluence, and how these challenges were resolved?",5,corpus_fdc18a2962cd,0.5431,,e23add42-dc9f-4b46-aa21-ac722ae16c36,retail
0002,0002_general_main_case_a62,case_a627525fa9,general_main,9,Could you describe the specific strategies or methods your team used to ensure the effective implementation and utilization of Jira and Confluence to enhance knowledge retention and sharing?,1,corpus_9d5e2ec4aecd,0.546,,e23add42-dc9f-4b46-aa21-ac722ae16c36,retail
0002,0002_general_main_case_a62,case_a627525fa9,general_main,9,Could you describe the specific strategies or methods your team used to ensure the effective implementation and utilization of Jira and Confluence to enhance knowledge retention and sharing?,2,corpus_90ca70ad5555,0.5274,,33042a3e-5e8e-4375-b964-0fe2252e504c,legal
0002,0002_general_main_case_a62,case_a627525fa9,general_main,9,Could you describe the specific strategies or methods your team used to ensure the effective implementation and utilization of Jira and Confluence to enhance knowledge retention and sharing?,3,corpus_25d9678ca161,0.5245,,e23add42-dc9f-4b46-aa21-ac722ae16c36,retail
0002,0002_general_main_case_a62,case_a627525fa9,general_main,9,Could you describe the specific strategies or methods your team used to ensure the effective implementation and utilization of Jira and Confluence to enhance knowledge retention and sharing?,4,corpus_edcf4f47eb6f,0.5202,,e23add42-dc9f-4b46-aa21-ac722ae16c36,retail
0002,0002_general_main_case_a62,case_a627525fa9,general_main,9,Could you describe the specific strategies or methods your team used to ensure the effective implementation and utilization of Jira and Confluence to enhance knowledge retention and sharing?,5,corpus_a3b9f7d6021d,0.5187,,e23add42-dc9f-4b46-aa21-ac722ae16c36,retail
0002,0002_general_main_case_a62,case_a627525fa9,general_main,10,Could you elaborate on the specific strategies your team utilized to ensure the effective implementation and utilization of Jira and Confluence in enhancing knowledge retention and sharing?,1,corpus_9d5e2ec4aecd,0.546,,e23add42-dc9f-4b46-aa21-ac722ae16c36,retail
0002,0002_general_main_case_a62,case_a627525fa9,general_main,10,Could you elaborate on the specific strategies your team utilized to ensure the effective implementation and utilization of Jira and Confluence in enhancing knowledge retention and sharing?,2,corpus_90ca70ad5555,0.5274,,33042a3e-5e8e-4375-b964-0fe2252e504c,legal
0002,0002_general_main_case_a62,case_a627525fa9,general_main,10,Could you elaborate on the specific strategies your team utilized to ensure the effective implementation and utilization of Jira and Confluence in enhancing knowledge retention and sharing?,3,corpus_25d9678ca161,0.5245,,e23add42-dc9f-4b46-aa21-ac722ae16c36,retail
0002,0002_general_main_case_a62,case_a627525fa9,general_main,10,Could you elaborate on the specific strategies your team utilized to ensure the effective implementation and utilization of Jira and Confluence in enhancing knowledge retention and sharing?,4,corpus_edcf4f47eb6f,0.5202,,e23add42-dc9f-4b46-aa21-ac722ae16c36,retail
0002,0002_general_main_case_a62,case_a627525fa9,general_main,10,Could you elaborate on the specific strategies your team utilized to ensure the effective implementation and utilization of Jira and Confluence in enhancing knowledge retention and sharing?,5,corpus_a3b9f7d6021d,0.5187,,e23add42-dc9f-4b46-aa21-ac722ae16c36,retail
0002,0002_general_main_case_a62,case_a627525fa9,general_main,11,Could you elaborate on the specific strategies your team utilized to ensure the effective implementation and utilization of Jira and Confluence to enhance knowledge retention and sharing?,1,corpus_9d5e2ec4aecd,0.546,,e23add42-dc9f-4b46-aa21-ac722ae16c36,retail
0002,0002_general_main_case_a62,case_a627525fa9,general_main,11,Could you elaborate on the specific strategies your team utilized to ensure the effective implementation and utilization of Jira and Confluence to enhance knowledge retention and sharing?,2,corpus_90ca70ad5555,0.5274,,33042a3e-5e8e-4375-b964-0fe2252e504c,legal
0002,0002_general_main_case_a62,case_a627525fa9,general_main,11,Could you elaborate on the specific strategies your team utilized to ensure the effective implementation and utilization of Jira and Confluence to enhance knowledge retention and sharing?,3,corpus_25d9678ca161,0.5245,,e23add42-dc9f-4b46-aa21-ac722ae16c36,retail
0002,0002_general_main_case_a62,case_a627525fa9,general_main,11,Could you elaborate on the specific strategies your team utilized to ensure the effective implementation and utilization of Jira and Confluence to enhance knowledge retention and sharing?,4,corpus_edcf4f47eb6f,0.5202,,e23add42-dc9f-4b46-aa21-ac722ae16c36,retail
0002,0002_general_main_case_a62,case_a627525fa9,general_main,11,Could you elaborate on the specific strategies your team utilized to ensure the effective implementation and utilization of Jira and Confluence to enhance knowledge retention and sharing?,5,corpus_a3b9f7d6021d,0.5187,,e23add42-dc9f-4b46-aa21-ac722ae16c36,retail
0002,0002_general_main_case_a62,case_a627525fa9,general_main,12,Could you describe the specific strategies or methods your team utilized to ensure the effective implementation and utilization of Jira and Confluence to enhance knowledge retention and sharing?,1,corpus_9d5e2ec4aecd,0.546,,e23add42-dc9f-4b46-aa21-ac722ae16c36,retail
0002,0002_general_main_case_a62,case_a627525fa9,general_main,12,Could you describe the specific strategies or methods your team utilized to ensure the effective implementation and utilization of Jira and Confluence to enhance knowledge retention and sharing?,2,corpus_90ca70ad5555,0.5274,,33042a3e-5e8e-4375-b964-0fe2252e504c,legal
0002,0002_general_main_case_a62,case_a627525fa9,general_main,12,Could you describe the specific strategies or methods your team utilized to ensure the effective implementation and utilization of Jira and Confluence to enhance knowledge retention and sharing?,3,corpus_25d9678ca161,0.5245,,e23add42-dc9f-4b46-aa21-ac722ae16c36,retail
0002,0002_general_main_case_a62,case_a627525fa9,general_main,12,Could you describe the specific strategies or methods your team utilized to ensure the effective implementation and utilization of Jira and Confluence to enhance knowledge retention and sharing?,4,corpus_edcf4f47eb6f,0.5202,,e23add42-dc9f-4b46-aa21-ac722ae16c36,retail
0002,0002_general_main_case_a62,case_a627525fa9,general_main,12,Could you describe the specific strategies or methods your team utilized to ensure the effective implementation and utilization of Jira and Confluence to enhance knowledge retention and sharing?,5,corpus_a3b9f7d6021d,0.5187,,e23add42-dc9f-4b46-aa21-ac722ae16c36,retail
0002,0002_general_main_case_a62,case_a627525fa9,general_main,13,Could you describe the specific strategies or methods your team utilized to ensure the effective implementation and utilization of Jira and Confluence in enhancing knowledge retention and sharing?,1,corpus_9d5e2ec4aecd,0.546,,e23add42-dc9f-4b46-aa21-ac722ae16c36,retail
0002,0002_general_main_case_a62,case_a627525fa9,general_main,13,Could you describe the specific strategies or methods your team utilized to ensure the effective implementation and utilization of Jira and Confluence in enhancing knowledge retention and sharing?,2,corpus_90ca70ad5555,0.5274,,33042a3e-5e8e-4375-b964-0fe2252e504c,legal
0002,0002_general_main_case_a62,case_a627525fa9,general_main,13,Could you describe the specific strategies or methods your team utilized to ensure the effective implementation and utilization of Jira and Confluence in enhancing knowledge retention and sharing?,3,corpus_25d9678ca161,0.5245,,e23add42-dc9f-4b46-aa21-ac722ae16c36,retail
0002,0002_general_main_case_a62,case_a627525fa9,general_main,13,Could you describe the specific strategies or methods your team utilized to ensure the effective implementation and utilization of Jira and Confluence in enhancing knowledge retention and sharing?,4,corpus_edcf4f47eb6f,0.5202,,e23add42-dc9f-4b46-aa21-ac722ae16c36,retail
0002,0002_general_main_case_a62,case_a627525fa9,general_main,13,Could you describe the specific strategies or methods your team utilized to ensure the effective implementation and utilization of Jira and Confluence in enhancing knowledge retention and sharing?,5,corpus_a3b9f7d6021d,0.5187,,e23add42-dc9f-4b46-aa21-ac722ae16c36,retail
0002,0002_general_main_case_a62,case_a627525fa9,general_main,14,Could you elaborate on the specific strategies or methods your team utilized to ensure the effective implementation and utilization of Jira and Confluence in enhancing knowledge retention and sharing?,1,corpus_9d5e2ec4aecd,0.546,,e23add42-dc9f-4b46-aa21-ac722ae16c36,retail
0002,0002_general_main_case_a62,case_a627525fa9,general_main,14,Could you elaborate on the specific strategies or methods your team utilized to ensure the effective implementation and utilization of Jira and Confluence in enhancing knowledge retention and sharing?,2,corpus_90ca70ad5555,0.5274,,33042a3e-5e8e-4375-b964-0fe2252e504c,legal
0002,0002_general_main_case_a62,case_a627525fa9,general_main,14,Could you elaborate on the specific strategies or methods your team utilized to ensure the effective implementation and utilization of Jira and Confluence in enhancing knowledge retention and sharing?,3,corpus_25d9678ca161,0.5245,,e23add42-dc9f-4b46-aa21-ac722ae16c36,retail
0002,0002_general_main_case_a62,case_a627525fa9,general_main,14,Could you elaborate on the specific strategies or methods your team utilized to ensure the effective implementation and utilization of Jira and Confluence in enhancing knowledge retention and sharing?,4,corpus_edcf4f47eb6f,0.5202,,e23add42-dc9f-4b46-aa21-ac722ae16c36,retail
0002,0002_general_main_case_a62,case_a627525fa9,general_main,14,Could you elaborate on the specific strategies or methods your team utilized to ensure the effective implementation and utilization of Jira and Confluence in enhancing knowledge retention and sharing?,5,corpus_a3b9f7d6021d,0.5187,,e23add42-dc9f-4b46-aa21-ac722ae16c36,retail
0002,0002_general_main_case_8b2,case_8b29225c97,general_main,1,Can you elaborate on the specific challenges faced by the team at GlobalFin Corp. in implementing a centralized knowledge management system?,1,corpus_0e194da4092c,0.6051,,33042a3e-5e8e-4375-b964-0fe2252e504c,legal
0002,0002_general_main_case_8b2,case_8b29225c97,general_main,1,Can you elaborate on the specific challenges faced by the team at GlobalFin Corp. in implementing a centralized knowledge management system?,2,corpus_fcffcdc1e2e9,0.5851,,33042a3e-5e8e-4375-b964-0fe2252e504c,legal
0002,0002_general_main_case_8b2,case_8b29225c97,general_main,1,Can you elaborate on the specific challenges faced by the team at GlobalFin Corp. in implementing a centralized knowledge management system?,3,corpus_7fa3bd5aef67,0.5833,,33042a3e-5e8e-4375-b964-0fe2252e504c,legal
0002,0002_general_main_case_8b2,case_8b29225c97,general_main,1,Can you elaborate on the specific challenges faced by the team at GlobalFin Corp. in implementing a centralized knowledge management system?,4,corpus_93b6b75d8e81,0.5723,,33042a3e-5e8e-4375-b964-0fe2252e504c,legal
0002,0002_general_main_case_8b2,case_8b29225c97,general_main,1,Can you elaborate on the specific challenges faced by the team at GlobalFin Corp. in implementing a centralized knowledge management system?,5,corpus_2baf82713a47,0.571,,33042a3e-5e8e-4375-b964-0fe2252e504c,legal
0002,0002_general_main_case_8b2,case_8b29225c97,general_main,2,Could you describe in more detail the specific challenges GlobalFin Corp. faced when integrating the HR knowledge base with their existing systems?,1,corpus_10f78a871ce1,0.668,,33042a3e-5e8e-4375-b964-0fe2252e504c,legal
0002,0002_general_main_case_8b2,case_8b29225c97,general_main,2,Could you describe in more detail the specific challenges GlobalFin Corp. faced when integrating the HR knowledge base with their existing systems?,2,corpus_0e194da4092c,0.6606,,33042a3e-5e8e-4375-b964-0fe2252e504c,legal
0002,0002_general_main_case_8b2,case_8b29225c97,general_main,2,Could you describe in more detail the specific challenges GlobalFin Corp. faced when integrating the HR knowledge base with their existing systems?,3,corpus_7a70a0136feb,0.6292,,33042a3e-5e8e-4375-b964-0fe2252e504c,legal
0002,0002_general_main_case_8b2,case_8b29225c97,general_main,2,Could you describe in more detail the specific challenges GlobalFin Corp. faced when integrating the HR knowledge base with their existing systems?,4,corpus_ce9d7a4f9aaf,0.6058,,33042a3e-5e8e-4375-b964-0fe2252e504c,legal
0002,0002_general_main_case_8b2,case_8b29225c97,general_main,2,Could you describe in more detail the specific challenges GlobalFin Corp. faced when integrating the HR knowledge base with their existing systems?,5,corpus_7fa3bd5aef67,0.5966,,33042a3e-5e8e-4375-b964-0fe2252e504c,legal
0002,0002_general_main_case_8b2,case_8b29225c97,general_main,3,"How did GlobalFin Corp. overcome the challenges in integrating the HR knowledge base with their existing systems, and what were the specific improvements they achieved?",1,corpus_906224994f0a,0.5919,,33042a3e-5e8e-4375-b964-0fe2252e504c,legal
0002,0002_general_main_case_8b2,case_8b29225c97,general_main,3,"How did GlobalFin Corp. overcome the challenges in integrating the HR knowledge base with their existing systems, and what were the specific improvements they achieved?",2,corpus_2baf82713a47,0.5829,,33042a3e-5e8e-4375-b964-0fe2252e504c,legal
0002,0002_general_main_case_8b2,case_8b29225c97,general_main,3,"How did GlobalFin Corp. overcome the challenges in integrating the HR knowledge base with their existing systems, and what were the specific improvements they achieved?",3,corpus_eb07283f38c2,0.5588,,33042a3e-5e8e-4375-b964-0fe2252e504c,legal
0002,0002_general_main_case_8b2,case_8b29225c97,general_main,3,"How did GlobalFin Corp. overcome the challenges in integrating the HR knowledge base with their existing systems, and what were the specific improvements they achieved?",4,corpus_d29ad5e339af,0.5566,,33042a3e-5e8e-4375-b964-0fe2252e504c,legal
0002,0002_general_main_case_8b2,case_8b29225c97,general_main,3,"How did GlobalFin Corp. overcome the challenges in integrating the HR knowledge base with their existing systems, and what were the specific improvements they achieved?",5,corpus_023876f89100,0.5562,,33042a3e-5e8e-4375-b964-0fe2252e504c,legal
0002,0002_general_main_case_8b2,case_8b29225c97,general_main,4,"How did GlobalFin Corp. initially plan to integrate their HR knowledge base with their existing systems, and what were the initial challenges they encountered?",1,corpus_7a70a0136feb,0.6323,,33042a3e-5e8e-4375-b964-0fe2252e504c,legal
0002,0002_general_main_case_8b2,case_8b29225c97,general_main,4,"How did GlobalFin Corp. initially plan to integrate their HR knowledge base with their existing systems, and what were the initial challenges they encountered?",2,corpus_adcd63ee81c3,0.5764,,33042a3e-5e8e-4375-b964-0fe2252e504c,legal
0002,0002_general_main_case_8b2,case_8b29225c97,general_main,4,"How did GlobalFin Corp. initially plan to integrate their HR knowledge base with their existing systems, and what were the initial challenges they encountered?",3,corpus_efd7418d8083,0.5655,,33042a3e-5e8e-4375-b964-0fe2252e504c,legal
0002,0002_general_main_case_8b2,case_8b29225c97,general_main,4,"How did GlobalFin Corp. initially plan to integrate their HR knowledge base with their existing systems, and what were the initial challenges they encountered?",4,corpus_1e31124f7ccd,0.5642,,33042a3e-5e8e-4375-b964-0fe2252e504c,legal
0002,0002_general_main_case_8b2,case_8b29225c97,general_main,4,"How did GlobalFin Corp. initially plan to integrate their HR knowledge base with their existing systems, and what were the initial challenges they encountered?",5,corpus_6c7017077971,0.5608,,33042a3e-5e8e-4375-b964-0fe2252e504c,legal
0002,0002_general_main_case_8b2,case_8b29225c97,general_main,5,Could you provide more details on the specific improvements GlobalFin Corp. achieved through their centralized HR knowledge base implementation?,1,corpus_275389ac844a,0.6135,,33042a3e-5e8e-4375-b964-0fe2252e504c,legal
0002,0002_general_main_case_8b2,case_8b29225c97,general_main,5,Could you provide more details on the specific improvements GlobalFin Corp. achieved through their centralized HR knowledge base implementation?,2,corpus_7fa3bd5aef67,0.6011,,33042a3e-5e8e-4375-b964-0fe2252e504c,legal
0002,0002_general_main_case_8b2,case_8b29225c97,general_main,5,Could you provide more details on the specific improvements GlobalFin Corp. achieved through their centralized HR knowledge base implementation?,3,corpus_0e194da4092c,0.5981,,33042a3e-5e8e-4375-b964-0fe2252e504c,legal
0002,0002_general_main_case_8b2,case_8b29225c97,general_main,5,Could you provide more details on the specific improvements GlobalFin Corp. achieved through their centralized HR knowledge base implementation?,4,corpus_4709625e9a6d,0.5938,,33042a3e-5e8e-4375-b964-0fe2252e504c,legal
0002,0002_general_main_case_8b2,case_8b29225c97,general_main,5,Could you provide more details on the specific improvements GlobalFin Corp. achieved through their centralized HR knowledge base implementation?,5,corpus_fcffcdc1e2e9,0.5889,,33042a3e-5e8e-4375-b964-0fe2252e504c,legal
0002,0002_general_main_case_8b2,case_8b29225c97,general_main,6,"What specific improvements did GlobalFin Corp. achieve through their centralized HR knowledge base implementation, and how did they address the initial challenges they encountered when integrating the",1,corpus_0e194da4092c,0.6456,,33042a3e-5e8e-4375-b964-0fe2252e504c,legal
0002,0002_general_main_case_8b2,case_8b29225c97,general_main,6,"What specific improvements did GlobalFin Corp. achieve through their centralized HR knowledge base implementation, and how did they address the initial challenges they encountered when integrating the",2,corpus_39bd8962e3d1,0.6348,,33042a3e-5e8e-4375-b964-0fe2252e504c,legal
0002,0002_general_main_case_8b2,case_8b29225c97,general_main,6,"What specific improvements did GlobalFin Corp. achieve through their centralized HR knowledge base implementation, and how did they address the initial challenges they encountered when integrating the",3,corpus_10f78a871ce1,0.6345,,33042a3e-5e8e-4375-b964-0fe2252e504c,legal
0002,0002_general_main_case_8b2,case_8b29225c97,general_main,6,"What specific improvements did GlobalFin Corp. achieve through their centralized HR knowledge base implementation, and how did they address the initial challenges they encountered when integrating the",4,corpus_4d57172d11c6,0.6344,,33042a3e-5e8e-4375-b964-0fe2252e504c,legal
0002,0002_general_main_case_8b2,case_8b29225c97,general_main,6,"What specific improvements did GlobalFin Corp. achieve through their centralized HR knowledge base implementation, and how did they address the initial challenges they encountered when integrating the",5,corpus_209eb8a4f449,0.625,,33042a3e-5e8e-4375-b964-0fe2252e504c,legal
0002,0002_general_main_case_8b2,case_8b29225c97,general_main,7,"How did PowerSource address the challenges they encountered when integrating the HR knowledge base with their existing systems, and what specific improvements did they achieve?",1,corpus_93b6b75d8e81,0.6267,,33042a3e-5e8e-4375-b964-0fe2252e504c,legal
0002,0002_general_main_case_8b2,case_8b29225c97,general_main,7,"How did PowerSource address the challenges they encountered when integrating the HR knowledge base with their existing systems, and what specific improvements did they achieve?",2,corpus_972dc4d8c499,0.6253,,33042a3e-5e8e-4375-b964-0fe2252e504c,legal
0002,0002_general_main_case_8b2,case_8b29225c97,general_main,7,"How did PowerSource address the challenges they encountered when integrating the HR knowledge base with their existing systems, and what specific improvements did they achieve?",3,corpus_e634e990f73f,0.6253,,33042a3e-5e8e-4375-b964-0fe2252e504c,legal
0002,0002_general_main_case_8b2,case_8b29225c97,general_main,7,"How did PowerSource address the challenges they encountered when integrating the HR knowledge base with their existing systems, and what specific improvements did they achieve?",4,corpus_3cff9ce2ea6e,0.618,,33042a3e-5e8e-4375-b964-0fe2252e504c,legal
0002,0002_general_main_case_8b2,case_8b29225c97,general_main,7,"How did PowerSource address the challenges they encountered when integrating the HR knowledge base with their existing systems, and what specific improvements did they achieve?",5,corpus_a6373c55c27b,0.606,,33042a3e-5e8e-4375-b964-0fe2252e504c,legal
0002,0002_general_main_case_8b2,case_8b29225c97,general_main,8,"What specific improvements did PowerSource achieve through their centralized HR knowledge base implementation, and how did they address the initial challenges they encountered when integrating the sys",1,corpus_0e194da4092c,0.6456,,33042a3e-5e8e-4375-b964-0fe2252e504c,legal
0002,0002_general_main_case_8b2,case_8b29225c97,general_main,8,"What specific improvements did PowerSource achieve through their centralized HR knowledge base implementation, and how did they address the initial challenges they encountered when integrating the sys",2,corpus_39bd8962e3d1,0.6348,,33042a3e-5e8e-4375-b964-0fe2252e504c,legal
0002,0002_general_main_case_8b2,case_8b29225c97,general_main,8,"What specific improvements did PowerSource achieve through their centralized HR knowledge base implementation, and how did they address the initial challenges they encountered when integrating the sys",3,corpus_10f78a871ce1,0.6345,,33042a3e-5e8e-4375-b964-0fe2252e504c,legal
0002,0002_general_main_case_8b2,case_8b29225c97,general_main,8,"What specific improvements did PowerSource achieve through their centralized HR knowledge base implementation, and how did they address the initial challenges they encountered when integrating the sys",4,corpus_4d57172d11c6,0.6344,,33042a3e-5e8e-4375-b964-0fe2252e504c,legal
0002,0002_general_main_case_8b2,case_8b29225c97,general_main,8,"What specific improvements did PowerSource achieve through their centralized HR knowledge base implementation, and how did they address the initial challenges they encountered when integrating the sys",5,corpus_209eb8a4f449,0.625,,33042a3e-5e8e-4375-b964-0fe2252e504c,legal
0002,0002_general_main_case_8b2,case_8b29225c97,general_main,9,"Can you provide more details on the initial challenges PowerSource encountered when integrating the HR knowledge base with their existing systems, and how they addressed these challenges?",1,corpus_0e194da4092c,0.6374,,33042a3e-5e8e-4375-b964-0fe2252e504c,legal
0002,0002_general_main_case_8b2,case_8b29225c97,general_main,9,"Can you provide more details on the initial challenges PowerSource encountered when integrating the HR knowledge base with their existing systems, and how they addressed these challenges?",2,corpus_10f78a871ce1,0.6248,,33042a3e-5e8e-4375-b964-0fe2252e504c,legal
0002,0002_general_main_case_8b2,case_8b29225c97,general_main,9,"Can you provide more details on the initial challenges PowerSource encountered when integrating the HR knowledge base with their existing systems, and how they addressed these challenges?",3,corpus_39bd8962e3d1,0.6191,,33042a3e-5e8e-4375-b964-0fe2252e504c,legal
0002,0002_general_main_case_8b2,case_8b29225c97,general_main,9,"Can you provide more details on the initial challenges PowerSource encountered when integrating the HR knowledge base with their existing systems, and how they addressed these challenges?",4,corpus_06d2f890debb,0.61,,af4b9da3-16de-4510-a1cb-2a32e101c884,healthcare
0002,0002_general_main_case_8b2,case_8b29225c97,general_main,9,"Can you provide more details on the initial challenges PowerSource encountered when integrating the HR knowledge base with their existing systems, and how they addressed these challenges?",5,corpus_08621c923ac5,0.6082,,33042a3e-5e8e-4375-b964-0fe2252e504c,legal
0002,0002_general_main_case_8b2,case_8b29225c97,general_main,10,"What specific improvements did PowerSource achieve through their centralized HR knowledge base implementation, and how did they address the initial challenges they encountered when integrating the sys",1,corpus_0e194da4092c,0.6456,,33042a3e-5e8e-4375-b964-0fe2252e504c,legal
0002,0002_general_main_case_8b2,case_8b29225c97,general_main,10,"What specific improvements did PowerSource achieve through their centralized HR knowledge base implementation, and how did they address the initial challenges they encountered when integrating the sys",2,corpus_39bd8962e3d1,0.6348,,33042a3e-5e8e-4375-b964-0fe2252e504c,legal
0002,0002_general_main_case_8b2,case_8b29225c97,general_main,10,"What specific improvements did PowerSource achieve through their centralized HR knowledge base implementation, and how did they address the initial challenges they encountered when integrating the sys",3,corpus_10f78a871ce1,0.6345,,33042a3e-5e8e-4375-b964-0fe2252e504c,legal
0002,0002_general_main_case_8b2,case_8b29225c97,general_main,10,"What specific improvements did PowerSource achieve through their centralized HR knowledge base implementation, and how did they address the initial challenges they encountered when integrating the sys",4,corpus_4d57172d11c6,0.6344,,33042a3e-5e8e-4375-b964-0fe2252e504c,legal
0002,0002_general_main_case_8b2,case_8b29225c97,general_main,10,"What specific improvements did PowerSource achieve through their centralized HR knowledge base implementation, and how did they address the initial challenges they encountered when integrating the sys",5,corpus_209eb8a4f449,0.625,,33042a3e-5e8e-4375-b964-0fe2252e504c,legal
0002,0002_general_main_case_8b2,case_8b29225c97,general_main,11,"Can you elaborate on how PowerSource identified the initial challenges they faced when integrating the HR knowledge base with their existing systems, and what specific strategies they employed to addr",1,corpus_0e194da4092c,0.6687,,33042a3e-5e8e-4375-b964-0fe2252e504c,legal
0002,0002_general_main_case_8b2,case_8b29225c97,general_main,11,"Can you elaborate on how PowerSource identified the initial challenges they faced when integrating the HR knowledge base with their existing systems, and what specific strategies they employed to addr",2,corpus_39bd8962e3d1,0.6443,,33042a3e-5e8e-4375-b964-0fe2252e504c,legal
0002,0002_general_main_case_8b2,case_8b29225c97,general_main,11,"Can you elaborate on how PowerSource identified the initial challenges they faced when integrating the HR knowledge base with their existing systems, and what specific strategies they employed to addr",3,corpus_75fb571454aa,0.6069,,33042a3e-5e8e-4375-b964-0fe2252e504c,legal
0002,0002_general_main_case_8b2,case_8b29225c97,general_main,11,"Can you elaborate on how PowerSource identified the initial challenges they faced when integrating the HR knowledge base with their existing systems, and what specific strategies they employed to addr",4,corpus_209eb8a4f449,0.5975,,33042a3e-5e8e-4375-b964-0fe2252e504c,legal
0002,0002_general_main_case_8b2,case_8b29225c97,general_main,11,"Can you elaborate on how PowerSource identified the initial challenges they faced when integrating the HR knowledge base with their existing systems, and what specific strategies they employed to addr",5,corpus_fba34428c2d9,0.5972,,33042a3e-5e8e-4375-b964-0fe2252e504c,legal
0002,0002_general_main_case_8b2,case_8b29225c97,general_main,12,"Could you elaborate on how PowerSource identified the specific challenges they faced when integrating their HR knowledge base with their existing systems, and what strategies they employed to address ",1,corpus_ce9d7a4f9aaf,0.6362,,33042a3e-5e8e-4375-b964-0fe2252e504c,legal
0002,0002_general_main_case_8b2,case_8b29225c97,general_main,12,"Could you elaborate on how PowerSource identified the specific challenges they faced when integrating their HR knowledge base with their existing systems, and what strategies they employed to address ",2,corpus_e634e990f73f,0.6238,,33042a3e-5e8e-4375-b964-0fe2252e504c,legal
0002,0002_general_main_case_8b2,case_8b29225c97,general_main,12,"Could you elaborate on how PowerSource identified the specific challenges they faced when integrating their HR knowledge base with their existing systems, and what strategies they employed to address ",3,corpus_7fa3bd5aef67,0.6121,,33042a3e-5e8e-4375-b964-0fe2252e504c,legal
0002,0002_general_main_case_8b2,case_8b29225c97,general_main,12,"Could you elaborate on how PowerSource identified the specific challenges they faced when integrating their HR knowledge base with their existing systems, and what strategies they employed to address ",4,corpus_aac24ae0a7b4,0.6072,,33042a3e-5e8e-4375-b964-0fe2252e504c,legal
0002,0002_general_main_case_8b2,case_8b29225c97,general_main,12,"Could you elaborate on how PowerSource identified the specific challenges they faced when integrating their HR knowledge base with their existing systems, and what strategies they employed to address ",5,corpus_a6373c55c27b,0.606,,33042a3e-5e8e-4375-b964-0fe2252e504c,legal
0002,0002_general_main_case_8b2,case_8b29225c97,general_main,13,"Could you provide more details on how PowerSource addressed the initial challenges they encountered when integrating the HR knowledge base with their existing systems, and what specific strategies the",1,corpus_0e194da4092c,0.635,,33042a3e-5e8e-4375-b964-0fe2252e504c,legal
0002,0002_general_main_case_8b2,case_8b29225c97,general_main,13,"Could you provide more details on how PowerSource addressed the initial challenges they encountered when integrating the HR knowledge base with their existing systems, and what specific strategies the",2,corpus_39bd8962e3d1,0.6325,,33042a3e-5e8e-4375-b964-0fe2252e504c,legal
0002,0002_general_main_case_8b2,case_8b29225c97,general_main,13,"Could you provide more details on how PowerSource addressed the initial challenges they encountered when integrating the HR knowledge base with their existing systems, and what specific strategies the",3,corpus_10f78a871ce1,0.6323,,33042a3e-5e8e-4375-b964-0fe2252e504c,legal
0002,0002_general_main_case_8b2,case_8b29225c97,general_main,13,"Could you provide more details on how PowerSource addressed the initial challenges they encountered when integrating the HR knowledge base with their existing systems, and what specific strategies the",4,corpus_08621c923ac5,0.6204,,33042a3e-5e8e-4375-b964-0fe2252e504c,legal
0002,0002_general_main_case_8b2,case_8b29225c97,general_main,13,"Could you provide more details on how PowerSource addressed the initial challenges they encountered when integrating the HR knowledge base with their existing systems, and what specific strategies the",5,corpus_97e15e4674e1,0.6197,,33042a3e-5e8e-4375-b964-0fe2252e504c,legal
0002,0002_general_main_case_8b2,case_8b29225c97,general_main,14,"Could you elaborate on how PowerSource addressed the specific challenges they encountered when integrating their HR knowledge base with their existing systems, and what strategies they employed to add",1,corpus_0e194da4092c,0.635,,33042a3e-5e8e-4375-b964-0fe2252e504c,legal
0002,0002_general_main_case_8b2,case_8b29225c97,general_main,14,"Could you elaborate on how PowerSource addressed the specific challenges they encountered when integrating their HR knowledge base with their existing systems, and what strategies they employed to add",2,corpus_39bd8962e3d1,0.6325,,33042a3e-5e8e-4375-b964-0fe2252e504c,legal
0002,0002_general_main_case_8b2,case_8b29225c97,general_main,14,"Could you elaborate on how PowerSource addressed the specific challenges they encountered when integrating their HR knowledge base with their existing systems, and what strategies they employed to add",3,corpus_10f78a871ce1,0.6323,,33042a3e-5e8e-4375-b964-0fe2252e504c,legal
0002,0002_general_main_case_8b2,case_8b29225c97,general_main,14,"Could you elaborate on how PowerSource addressed the specific challenges they encountered when integrating their HR knowledge base with their existing systems, and what strategies they employed to add",4,corpus_08621c923ac5,0.6204,,33042a3e-5e8e-4375-b964-0fe2252e504c,legal
0002,0002_general_main_case_8b2,case_8b29225c97,general_main,14,"Could you elaborate on how PowerSource addressed the specific challenges they encountered when integrating their HR knowledge base with their existing systems, and what strategies they employed to add",5,corpus_97e15e4674e1,0.6197,,33042a3e-5e8e-4375-b964-0fe2252e504c,legal
0002,0002_general_main_case_a62,case_a627525fa9,general_main,1,"Could you describe a specific challenge or project where your team faced difficulties in knowledge protection, and how did you address these challenges?",1,corpus_f1dbaf55f517,0.6408,,e23add42-dc9f-4b46-aa21-ac722ae16c36,retail
0002,0002_general_main_case_a62,case_a627525fa9,general_main,1,"Could you describe a specific challenge or project where your team faced difficulties in knowledge protection, and how did you address these challenges?",2,corpus_989cdbc88c17,0.5937,,e23add42-dc9f-4b46-aa21-ac722ae16c36,retail
0002,0002_general_main_case_a62,case_a627525fa9,general_main,1,"Could you describe a specific challenge or project where your team faced difficulties in knowledge protection, and how did you address these challenges?",3,corpus_54e38e63b2d8,0.551,,e23add42-dc9f-4b46-aa21-ac722ae16c36,retail
0002,0002_general_main_case_a62,case_a627525fa9,general_main,1,"Could you describe a specific challenge or project where your team faced difficulties in knowledge protection, and how did you address these challenges?",4,corpus_4b47604ce9b7,0.5423,,33042a3e-5e8e-4375-b964-0fe2252e504c,legal
0002,0002_general_main_case_a62,case_a627525fa9,general_main,1,"Could you describe a specific challenge or project where your team faced difficulties in knowledge protection, and how did you address these challenges?",5,corpus_0e194da4092c,0.529,,33042a3e-5e8e-4375-b964-0fe2252e504c,legal
0002,0002_general_main_case_a62,case_a627525fa9,general_main,2,Could you elaborate on the specific knowledge gaps or areas within your team's expertise that led to these challenges in knowledge protection?,1,corpus_f1dbaf55f517,0.7129,,e23add42-dc9f-4b46-aa21-ac722ae16c36,retail
0002,0002_general_main_case_a62,case_a627525fa9,general_main,2,Could you elaborate on the specific knowledge gaps or areas within your team's expertise that led to these challenges in knowledge protection?,2,corpus_989cdbc88c17,0.5079,,e23add42-dc9f-4b46-aa21-ac722ae16c36,retail
0002,0002_general_main_case_a62,case_a627525fa9,general_main,2,Could you elaborate on the specific knowledge gaps or areas within your team's expertise that led to these challenges in knowledge protection?,3,corpus_9d5e2ec4aecd,0.4953,,e23add42-dc9f-4b46-aa21-ac722ae16c36,retail
0002,0002_general_main_case_a62,case_a627525fa9,general_main,2,Could you elaborate on the specific knowledge gaps or areas within your team's expertise that led to these challenges in knowledge protection?,4,corpus_54e38e63b2d8,0.4944,,e23add42-dc9f-4b46-aa21-ac722ae16c36,retail
0002,0002_general_main_case_a62,case_a627525fa9,general_main,2,Could you elaborate on the specific knowledge gaps or areas within your team's expertise that led to these challenges in knowledge protection?,5,corpus_45c3f23ed7eb,0.4652,,e23add42-dc9f-4b46-aa21-ac722ae16c36,retail
0002,0002_general_main_case_a62,case_a627525fa9,general_main,3,Could you provide an example of how insufficient knowledge has impacted your team's ability to protect and manage knowledge effectively?,1,corpus_f1dbaf55f517,0.5573,,e23add42-dc9f-4b46-aa21-ac722ae16c36,retail
0002,0002_general_main_case_a62,case_a627525fa9,general_main,3,Could you provide an example of how insufficient knowledge has impacted your team's ability to protect and manage knowledge effectively?,2,corpus_989cdbc88c17,0.554,,e23add42-dc9f-4b46-aa21-ac722ae16c36,retail
0002,0002_general_main_case_a62,case_a627525fa9,general_main,3,Could you provide an example of how insufficient knowledge has impacted your team's ability to protect and manage knowledge effectively?,3,corpus_9d5e2ec4aecd,0.5233,,e23add42-dc9f-4b46-aa21-ac722ae16c36,retail
0002,0002_general_main_case_a62,case_a627525fa9,general_main,3,Could you provide an example of how insufficient knowledge has impacted your team's ability to protect and manage knowledge effectively?,4,corpus_a3b9f7d6021d,0.51,,e23add42-dc9f-4b46-aa21-ac722ae16c36,retail
0002,0002_general_main_case_a62,case_a627525fa9,general_main,3,Could you provide an example of how insufficient knowledge has impacted your team's ability to protect and manage knowledge effectively?,5,corpus_54e38e63b2d8,0.5025,,e23add42-dc9f-4b46-aa21-ac722ae16c36,retail
0002,0002_general_main_case_a62,case_a627525fa9,general_main,4,"Can you provide a detailed example of how insufficient knowledge has impacted the ability of your team to protect and manage knowledge, and what specific actions were taken to address this issue?",1,corpus_54e38e63b2d8,0.7062,,e23add42-dc9f-4b46-aa21-ac722ae16c36,retail
0002,0002_general_main_case_a62,case_a627525fa9,general_main,4,"Can you provide a detailed example of how insufficient knowledge has impacted the ability of your team to protect and manage knowledge, and what specific actions were taken to address this issue?",2,corpus_f1dbaf55f517,0.6498,,e23add42-dc9f-4b46-aa21-ac722ae16c36,retail
0002,0002_general_main_case_a62,case_a627525fa9,general_main,4,"Can you provide a detailed example of how insufficient knowledge has impacted the ability of your team to protect and manage knowledge, and what specific actions were taken to address this issue?",3,corpus_989cdbc88c17,0.6032,,e23add42-dc9f-4b46-aa21-ac722ae16c36,retail
0002,0002_general_main_case_a62,case_a627525fa9,general_main,4,"Can you provide a detailed example of how insufficient knowledge has impacted the ability of your team to protect and manage knowledge, and what specific actions were taken to address this issue?",4,corpus_9d5e2ec4aecd,0.5461,,e23add42-dc9f-4b46-aa21-ac722ae16c36,retail
0002,0002_general_main_case_a62,case_a627525fa9,general_main,4,"Can you provide a detailed example of how insufficient knowledge has impacted the ability of your team to protect and manage knowledge, and what specific actions were taken to address this issue?",5,corpus_a3b9f7d6021d,0.4768,,e23add42-dc9f-4b46-aa21-ac722ae16c36,retail
0002,0002_general_main_case_a62,case_a627525fa9,general_main,5,"Could you provide a detailed example of how insufficient knowledge has impacted the ability of your team to protect and manage knowledge, and what specific actions were taken to address this issue?",1,corpus_54e38e63b2d8,0.7062,,e23add42-dc9f-4b46-aa21-ac722ae16c36,retail
0002,0002_general_main_case_a62,case_a627525fa9,general_main,5,"Could you provide a detailed example of how insufficient knowledge has impacted the ability of your team to protect and manage knowledge, and what specific actions were taken to address this issue?",2,corpus_f1dbaf55f517,0.6498,,e23add42-dc9f-4b46-aa21-ac722ae16c36,retail
0002,0002_general_main_case_a62,case_a627525fa9,general_main,5,"Could you provide a detailed example of how insufficient knowledge has impacted the ability of your team to protect and manage knowledge, and what specific actions were taken to address this issue?",3,corpus_989cdbc88c17,0.6032,,e23add42-dc9f-4b46-aa21-ac722ae16c36,retail
0002,0002_general_main_case_a62,case_a627525fa9,general_main,5,"Could you provide a detailed example of how insufficient knowledge has impacted the ability of your team to protect and manage knowledge, and what specific actions were taken to address this issue?",4,corpus_9d5e2ec4aecd,0.5461,,e23add42-dc9f-4b46-aa21-ac722ae16c36,retail
0002,0002_general_main_case_a62,case_a627525fa9,general_main,5,"Could you provide a detailed example of how insufficient knowledge has impacted the ability of your team to protect and manage knowledge, and what specific actions were taken to address this issue?",5,corpus_a3b9f7d6021d,0.4768,,e23add42-dc9f-4b46-aa21-ac722ae16c36,retail
0002,0002_general_main_case_a62,case_a627525fa9,general_main,6,Could you describe a specific instance where your team encountered a knowledge protection challenge and discuss the actions taken to overcome this challenge?,1,corpus_f1dbaf55f517,0.603,,e23add42-dc9f-4b46-aa21-ac722ae16c36,retail
0002,0002_general_main_case_a62,case_a627525fa9,general_main,6,Could you describe a specific instance where your team encountered a knowledge protection challenge and discuss the actions taken to overcome this challenge?,2,corpus_989cdbc88c17,0.5523,,e23add42-dc9f-4b46-aa21-ac722ae16c36,retail
0002,0002_general_main_case_a62,case_a627525fa9,general_main,6,Could you describe a specific instance where your team encountered a knowledge protection challenge and discuss the actions taken to overcome this challenge?,3,corpus_54e38e63b2d8,0.5268,,e23add42-dc9f-4b46-aa21-ac722ae16c36,retail
0002,0002_general_main_case_a62,case_a627525fa9,general_main,6,Could you describe a specific instance where your team encountered a knowledge protection challenge and discuss the actions taken to overcome this challenge?,4,corpus_4b47604ce9b7,0.5064,,33042a3e-5e8e-4375-b964-0fe2252e504c,legal
0002,0002_general_main_case_a62,case_a627525fa9,general_main,6,Could you describe a specific instance where your team encountered a knowledge protection challenge and discuss the actions taken to overcome this challenge?,5,corpus_9d5e2ec4aecd,0.5055,,e23add42-dc9f-4b46-aa21-ac722ae16c36,retail
0002,0002_general_main_case_a62,case_a627525fa9,general_main,7,Can you elaborate on the specific knowledge gaps or areas within your team's expertise that led to these challenges in knowledge protection?,1,corpus_f1dbaf55f517,0.7129,,e23add42-dc9f-4b46-aa21-ac722ae16c36,retail
0002,0002_general_main_case_a62,case_a627525fa9,general_main,7,Can you elaborate on the specific knowledge gaps or areas within your team's expertise that led to these challenges in knowledge protection?,2,corpus_989cdbc88c17,0.5079,,e23add42-dc9f-4b46-aa21-ac722ae16c36,retail
0002,0002_general_main_case_a62,case_a627525fa9,general_main,7,Can you elaborate on the specific knowledge gaps or areas within your team's expertise that led to these challenges in knowledge protection?,3,corpus_9d5e2ec4aecd,0.4953,,e23add42-dc9f-4b46-aa21-ac722ae16c36,retail
0002,0002_general_main_case_a62,case_a627525fa9,general_main,7,Can you elaborate on the specific knowledge gaps or areas within your team's expertise that led to these challenges in knowledge protection?,4,corpus_54e38e63b2d8,0.4944,,e23add42-dc9f-4b46-aa21-ac722ae16c36,retail
0002,0002_general_main_case_a62,case_a627525fa9,general_main,7,Can you elaborate on the specific knowledge gaps or areas within your team's expertise that led to these challenges in knowledge protection?,5,corpus_45c3f23ed7eb,0.4652,,e23add42-dc9f-4b46-aa21-ac722ae16c36,retail
0002,0002_general_main_case_a62,case_a627525fa9,general_main,8,Could you provide a specific example of how insufficient knowledge has affected your team’s ability to protect and manage knowledge effectively?,1,corpus_f1dbaf55f517,0.5573,,e23add42-dc9f-4b46-aa21-ac722ae16c36,retail
0002,0002_general_main_case_a62,case_a627525fa9,general_main,8,Could you provide a specific example of how insufficient knowledge has affected your team’s ability to protect and manage knowledge effectively?,2,corpus_989cdbc88c17,0.554,,e23add42-dc9f-4b46-aa21-ac722ae16c36,retail
0002,0002_general_main_case_a62,case_a627525fa9,general_main,8,Could you provide a specific example of how insufficient knowledge has affected your team’s ability to protect and manage knowledge effectively?,3,corpus_9d5e2ec4aecd,0.5233,,e23add42-dc9f-4b46-aa21-ac722ae16c36,retail
0002,0002_general_main_case_a62,case_a627525fa9,general_main,8,Could you provide a specific example of how insufficient knowledge has affected your team’s ability to protect and manage knowledge effectively?,4,corpus_a3b9f7d6021d,0.51,,e23add42-dc9f-4b46-aa21-ac722ae16c36,retail
0002,0002_general_main_case_a62,case_a627525fa9,general_main,8,Could you provide a specific example of how insufficient knowledge has affected your team’s ability to protect and manage knowledge effectively?,5,corpus_54e38e63b2d8,0.5025,,e23add42-dc9f-4b46-aa21-ac722ae16c36,retail
0002,0002_general_main_case_a62,case_a627525fa9,general_main,9,"Can you provide a specific example of how insufficient knowledge has affected your team’s ability to protect and manage knowledge effectively, and what actions were taken to address this issue?",1,corpus_54e38e63b2d8,0.7062,,e23add42-dc9f-4b46-aa21-ac722ae16c36,retail
0002,0002_general_main_case_a62,case_a627525fa9,general_main,9,"Can you provide a specific example of how insufficient knowledge has affected your team’s ability to protect and manage knowledge effectively, and what actions were taken to address this issue?",2,corpus_f1dbaf55f517,0.6498,,e23add42-dc9f-4b46-aa21-ac722ae16c36,retail
0002,0002_general_main_case_a62,case_a627525fa9,general_main,9,"Can you provide a specific example of how insufficient knowledge has affected your team’s ability to protect and manage knowledge effectively, and what actions were taken to address this issue?",3,corpus_989cdbc88c17,0.6032,,e23add42-dc9f-4b46-aa21-ac722ae16c36,retail
0002,0002_general_main_case_a62,case_a627525fa9,general_main,9,"Can you provide a specific example of how insufficient knowledge has affected your team’s ability to protect and manage knowledge effectively, and what actions were taken to address this issue?",4,corpus_9d5e2ec4aecd,0.5461,,e23add42-dc9f-4b46-aa21-ac722ae16c36,retail
0002,0002_general_main_case_a62,case_a627525fa9,general_main,9,"Can you provide a specific example of how insufficient knowledge has affected your team’s ability to protect and manage knowledge effectively, and what actions were taken to address this issue?",5,corpus_a3b9f7d6021d,0.4768,,e23add42-dc9f-4b46-aa21-ac722ae16c36,retail
0002,0002_general_main_case_a62,case_a627525fa9,general_main,10,"Could you provide a specific example of how insufficient knowledge has affected your team’s ability to protect and manage knowledge effectively, and what actions were taken to address this issue?",1,corpus_54e38e63b2d8,0.7062,,e23add42-dc9f-4b46-aa21-ac722ae16c36,retail
0002,0002_general_main_case_a62,case_a627525fa9,general_main,10,"Could you provide a specific example of how insufficient knowledge has affected your team’s ability to protect and manage knowledge effectively, and what actions were taken to address this issue?",2,corpus_f1dbaf55f517,0.6498,,e23add42-dc9f-4b46-aa21-ac722ae16c36,retail
0002,0002_general_main_case_a62,case_a627525fa9,general_main,10,"Could you provide a specific example of how insufficient knowledge has affected your team’s ability to protect and manage knowledge effectively, and what actions were taken to address this issue?",3,corpus_989cdbc88c17,0.6032,,e23add42-dc9f-4b46-aa21-ac722ae16c36,retail
0002,0002_general_main_case_a62,case_a627525fa9,general_main,10,"Could you provide a specific example of how insufficient knowledge has affected your team’s ability to protect and manage knowledge effectively, and what actions were taken to address this issue?",4,corpus_9d5e2ec4aecd,0.5461,,e23add42-dc9f-4b46-aa21-ac722ae16c36,retail
0002,0002_general_main_case_a62,case_a627525fa9,general_main,10,"Could you provide a specific example of how insufficient knowledge has affected your team’s ability to protect and manage knowledge effectively, and what actions were taken to address this issue?",5,corpus_a3b9f7d6021d,0.4768,,e23add42-dc9f-4b46-aa21-ac722ae16c36,retail
0002,0002_general_main_case_a62,case_a627525fa9,general_main,11,"What specific actions were taken by your team to address the knowledge protection challenge identified, and how were these actions implemented?",1,corpus_f1dbaf55f517,0.6606,,e23add42-dc9f-4b46-aa21-ac722ae16c36,retail
0002,0002_general_main_case_a62,case_a627525fa9,general_main,11,"What specific actions were taken by your team to address the knowledge protection challenge identified, and how were these actions implemented?",2,corpus_989cdbc88c17,0.5591,,e23add42-dc9f-4b46-aa21-ac722ae16c36,retail
0002,0002_general_main_case_a62,case_a627525fa9,general_main,11,"What specific actions were taken by your team to address the knowledge protection challenge identified, and how were these actions implemented?",3,corpus_54e38e63b2d8,0.5438,,e23add42-dc9f-4b46-aa21-ac722ae16c36,retail
0002,0002_general_main_case_a62,case_a627525fa9,general_main,11,"What specific actions were taken by your team to address the knowledge protection challenge identified, and how were these actions implemented?",4,corpus_3e694f444105,0.5006,,33042a3e-5e8e-4375-b964-0fe2252e504c,legal
0002,0002_general_main_case_a62,case_a627525fa9,general_main,11,"What specific actions were taken by your team to address the knowledge protection challenge identified, and how were these actions implemented?",5,corpus_9d5e2ec4aecd,0.4997,,e23add42-dc9f-4b46-aa21-ac722ae16c36,retail
0002,0002_general_main_case_a62,case_a627525fa9,general_main,12,"Could you explain how the identified knowledge gaps have impacted the team's ability to manage and protect knowledge effectively, and what specific measures were implemented to address these gaps?",1,corpus_dd46ff047548,0.5226,,33042a3e-5e8e-4375-b964-0fe2252e504c,legal
0002,0002_general_main_case_a62,case_a627525fa9,general_main,12,"Could you explain how the identified knowledge gaps have impacted the team's ability to manage and protect knowledge effectively, and what specific measures were implemented to address these gaps?",2,corpus_fcffcdc1e2e9,0.5079,,33042a3e-5e8e-4375-b964-0fe2252e504c,legal
0002,0002_general_main_case_a62,case_a627525fa9,general_main,12,"Could you explain how the identified knowledge gaps have impacted the team's ability to manage and protect knowledge effectively, and what specific measures were implemented to address these gaps?",3,corpus_9cfdf1737cea,0.5052,,33042a3e-5e8e-4375-b964-0fe2252e504c,legal
0002,0002_general_main_case_a62,case_a627525fa9,general_main,12,"Could you explain how the identified knowledge gaps have impacted the team's ability to manage and protect knowledge effectively, and what specific measures were implemented to address these gaps?",4,corpus_4b47604ce9b7,0.5018,,33042a3e-5e8e-4375-b964-0fe2252e504c,legal
0002,0002_general_main_case_a62,case_a627525fa9,general_main,12,"Could you explain how the identified knowledge gaps have impacted the team's ability to manage and protect knowledge effectively, and what specific measures were implemented to address these gaps?",5,corpus_972dc4d8c499,0.5002,,33042a3e-5e8e-4375-b964-0fe2252e504c,legal
0002,0002_general_main_case_a62,case_a627525fa9,general_main,13,"Could you explain how the identified knowledge gaps have impacted the team's ability to manage and protect knowledge effectively, and what specific measures were implemented to address these gaps?",1,corpus_dd46ff047548,0.5226,,33042a3e-5e8e-4375-b964-0fe2252e504c,legal
0002,0002_general_main_case_a62,case_a627525fa9,general_main,13,"Could you explain how the identified knowledge gaps have impacted the team's ability to manage and protect knowledge effectively, and what specific measures were implemented to address these gaps?",2,corpus_fcffcdc1e2e9,0.5079,,33042a3e-5e8e-4375-b964-0fe2252e504c,legal
0002,0002_general_main_case_a62,case_a627525fa9,general_main,13,"Could you explain how the identified knowledge gaps have impacted the team's ability to manage and protect knowledge effectively, and what specific measures were implemented to address these gaps?",3,corpus_9cfdf1737cea,0.5052,,33042a3e-5e8e-4375-b964-0fe2252e504c,legal
0002,0002_general_main_case_a62,case_a627525fa9,general_main,13,"Could you explain how the identified knowledge gaps have impacted the team's ability to manage and protect knowledge effectively, and what specific measures were implemented to address these gaps?",4,corpus_4b47604ce9b7,0.5018,,33042a3e-5e8e-4375-b964-0fe2252e504c,legal
0002,0002_general_main_case_a62,case_a627525fa9,general_main,13,"Could you explain how the identified knowledge gaps have impacted the team's ability to manage and protect knowledge effectively, and what specific measures were implemented to address these gaps?",5,corpus_972dc4d8c499,0.5002,,33042a3e-5e8e-4375-b964-0fe2252e504c,legal
0002,0002_general_main_case_a62,case_a627525fa9,general_main,14,"Could you provide a specific example of how the identified knowledge gaps have impacted your team's ability to manage and protect knowledge effectively, and what specific measures were implemented to ",1,corpus_dd46ff047548,0.5226,,33042a3e-5e8e-4375-b964-0fe2252e504c,legal
0002,0002_general_main_case_a62,case_a627525fa9,general_main,14,"Could you provide a specific example of how the identified knowledge gaps have impacted your team's ability to manage and protect knowledge effectively, and what specific measures were implemented to ",2,corpus_fcffcdc1e2e9,0.5079,,33042a3e-5e8e-4375-b964-0fe2252e504c,legal
0002,0002_general_main_case_a62,case_a627525fa9,general_main,14,"Could you provide a specific example of how the identified knowledge gaps have impacted your team's ability to manage and protect knowledge effectively, and what specific measures were implemented to ",3,corpus_9cfdf1737cea,0.5052,,33042a3e-5e8e-4375-b964-0fe2252e504c,legal
0002,0002_general_main_case_a62,case_a627525fa9,general_main,14,"Could you provide a specific example of how the identified knowledge gaps have impacted your team's ability to manage and protect knowledge effectively, and what specific measures were implemented to ",4,corpus_4b47604ce9b7,0.5018,,33042a3e-5e8e-4375-b964-0fe2252e504c,legal
0002,0002_general_main_case_a62,case_a627525fa9,general_main,14,"Could you provide a specific example of how the identified knowledge gaps have impacted your team's ability to manage and protect knowledge effectively, and what specific measures were implemented to ",5,corpus_972dc4d8c499,0.5002,,33042a3e-5e8e-4375-b964-0fe2252e504c,legal
0002,0002_general_main_case_a62,case_a627525fa9,general_main,1,"Could you provide more details on the specific project, technical change, or operational challenge you mentioned, and how it impacted your team?",1,corpus_972dc4d8c499,0.471,,33042a3e-5e8e-4375-b964-0fe2252e504c,legal
0002,0002_general_main_case_a62,case_a627525fa9,general_main,1,"Could you provide more details on the specific project, technical change, or operational challenge you mentioned, and how it impacted your team?",2,corpus_568f3c566eac,0.467,,33042a3e-5e8e-4375-b964-0fe2252e504c,legal
0002,0002_general_main_case_a62,case_a627525fa9,general_main,1,"Could you provide more details on the specific project, technical change, or operational challenge you mentioned, and how it impacted your team?",3,corpus_b63b93d7463a,0.4668,,33042a3e-5e8e-4375-b964-0fe2252e504c,legal
0002,0002_general_main_case_a62,case_a627525fa9,general_main,1,"Could you provide more details on the specific project, technical change, or operational challenge you mentioned, and how it impacted your team?",4,corpus_a4d90088458b,0.4643,,33042a3e-5e8e-4375-b964-0fe2252e504c,legal
0002,0002_general_main_case_a62,case_a627525fa9,general_main,1,"Could you provide more details on the specific project, technical change, or operational challenge you mentioned, and how it impacted your team?",5,corpus_9ee7167294e2,0.4622,,af4b9da3-16de-4510-a1cb-2a32e101c884,healthcare
0002,0002_general_main_case_a62,case_a627525fa9,general_main,2,"Could you elaborate on how this project, technical change, or operational challenge affected your team's productivity and efficiency, and what specific tools or strategies were implemented to overcome",1,corpus_25d9678ca161,0.5729,,e23add42-dc9f-4b46-aa21-ac722ae16c36,retail
0002,0002_general_main_case_a62,case_a627525fa9,general_main,2,"Could you elaborate on how this project, technical change, or operational challenge affected your team's productivity and efficiency, and what specific tools or strategies were implemented to overcome",2,corpus_a3b9f7d6021d,0.5709,,e23add42-dc9f-4b46-aa21-ac722ae16c36,retail
0002,0002_general_main_case_a62,case_a627525fa9,general_main,2,"Could you elaborate on how this project, technical change, or operational challenge affected your team's productivity and efficiency, and what specific tools or strategies were implemented to overcome",3,corpus_4d1e0dc0de5a,0.5554,,33042a3e-5e8e-4375-b964-0fe2252e504c,legal
0002,0002_general_main_case_a62,case_a627525fa9,general_main,2,"Could you elaborate on how this project, technical change, or operational challenge affected your team's productivity and efficiency, and what specific tools or strategies were implemented to overcome",4,corpus_972dc4d8c499,0.5495,,33042a3e-5e8e-4375-b964-0fe2252e504c,legal
0002,0002_general_main_case_a62,case_a627525fa9,general_main,2,"Could you elaborate on how this project, technical change, or operational challenge affected your team's productivity and efficiency, and what specific tools or strategies were implemented to overcome",5,corpus_d80f614a69a6,0.547,,33042a3e-5e8e-4375-b964-0fe2252e504c,legal
0002,0002_general_main_case_a62,case_a627525fa9,general_main,3,Could you tell me more about primary challenge?,1,corpus_9d2db1b0788c,0.4414,,33042a3e-5e8e-4375-b964-0fe2252e504c,legal
0002,0002_general_main_case_a62,case_a627525fa9,general_main,3,Could you tell me more about primary challenge?,2,corpus_96f9ac4f9031,0.4376,,33042a3e-5e8e-4375-b964-0fe2252e504c,legal
0002,0002_general_main_case_a62,case_a627525fa9,general_main,3,Could you tell me more about primary challenge?,3,corpus_d03a736a7273,0.4308,,33042a3e-5e8e-4375-b964-0fe2252e504c,legal
0002,0002_general_main_case_a62,case_a627525fa9,general_main,3,Could you tell me more about primary challenge?,4,corpus_4dcf69bf62d5,0.4252,,33042a3e-5e8e-4375-b964-0fe2252e504c,legal
0002,0002_general_main_case_a62,case_a627525fa9,general_main,3,Could you tell me more about primary challenge?,5,corpus_db9362e0b6cb,0.424,,33042a3e-5e8e-4375-b964-0fe2252e504c,legal
0002,0002_general_main_case_a62,case_a627525fa9,general_main,4,Could you describe how the conflicting evidence about Knowledge Management has influenced your team's approach to managing and sharing knowledge within your organization?,1,corpus_fdc18a2962cd,0.5756,,e23add42-dc9f-4b46-aa21-ac722ae16c36,retail
0002,0002_general_main_case_a62,case_a627525fa9,general_main,4,Could you describe how the conflicting evidence about Knowledge Management has influenced your team's approach to managing and sharing knowledge within your organization?,2,corpus_4244f436fae8,0.5635,,e23add42-dc9f-4b46-aa21-ac722ae16c36,retail
0002,0002_general_main_case_a62,case_a627525fa9,general_main,4,Could you describe how the conflicting evidence about Knowledge Management has influenced your team's approach to managing and sharing knowledge within your organization?,3,corpus_9d5e2ec4aecd,0.5486,,e23add42-dc9f-4b46-aa21-ac722ae16c36,retail
0002,0002_general_main_case_a62,case_a627525fa9,general_main,4,Could you describe how the conflicting evidence about Knowledge Management has influenced your team's approach to managing and sharing knowledge within your organization?,4,corpus_f2a638834dda,0.5466,,33042a3e-5e8e-4375-b964-0fe2252e504c,legal
0002,0002_general_main_case_a62,case_a627525fa9,general_main,4,Could you describe how the conflicting evidence about Knowledge Management has influenced your team's approach to managing and sharing knowledge within your organization?,5,corpus_4b47604ce9b7,0.5433,,33042a3e-5e8e-4375-b964-0fe2252e504c,legal
0002,0002_general_main_case_a62,case_a627525fa9,general_main,5,How has the conflicting evidence about Knowledge Management influenced your team's approach to managing and sharing knowledge within your organization?,1,corpus_fdc18a2962cd,0.5756,,e23add42-dc9f-4b46-aa21-ac722ae16c36,retail
0002,0002_general_main_case_a62,case_a627525fa9,general_main,5,How has the conflicting evidence about Knowledge Management influenced your team's approach to managing and sharing knowledge within your organization?,2,corpus_4244f436fae8,0.5635,,e23add42-dc9f-4b46-aa21-ac722ae16c36,retail
0002,0002_general_main_case_a62,case_a627525fa9,general_main,5,How has the conflicting evidence about Knowledge Management influenced your team's approach to managing and sharing knowledge within your organization?,3,corpus_9d5e2ec4aecd,0.5486,,e23add42-dc9f-4b46-aa21-ac722ae16c36,retail
0002,0002_general_main_case_a62,case_a627525fa9,general_main,5,How has the conflicting evidence about Knowledge Management influenced your team's approach to managing and sharing knowledge within your organization?,4,corpus_f2a638834dda,0.5466,,33042a3e-5e8e-4375-b964-0fe2252e504c,legal
0002,0002_general_main_case_a62,case_a627525fa9,general_main,5,How has the conflicting evidence about Knowledge Management influenced your team's approach to managing and sharing knowledge within your organization?,5,corpus_4b47604ce9b7,0.5433,,33042a3e-5e8e-4375-b964-0fe2252e504c,legal
0002,0002_general_main_case_a62,case_a627525fa9,general_main,6,Could you explain how the emphasis on knowledge management as a strategic asset has influenced your team's decision-making process and how this approach differs from traditional organizational learnin,1,corpus_fdc18a2962cd,0.5187,,e23add42-dc9f-4b46-aa21-ac722ae16c36,retail
0002,0002_general_main_case_a62,case_a627525fa9,general_main,6,Could you explain how the emphasis on knowledge management as a strategic asset has influenced your team's decision-making process and how this approach differs from traditional organizational learnin,2,corpus_4b47604ce9b7,0.5167,,33042a3e-5e8e-4375-b964-0fe2252e504c,legal
0002,0002_general_main_case_a62,case_a627525fa9,general_main,6,Could you explain how the emphasis on knowledge management as a strategic asset has influenced your team's decision-making process and how this approach differs from traditional organizational learnin,3,corpus_25d9678ca161,0.5144,,e23add42-dc9f-4b46-aa21-ac722ae16c36,retail
0002,0002_general_main_case_a62,case_a627525fa9,general_main,6,Could you explain how the emphasis on knowledge management as a strategic asset has influenced your team's decision-making process and how this approach differs from traditional organizational learnin,4,corpus_b63b93d7463a,0.5126,,33042a3e-5e8e-4375-b964-0fe2252e504c,legal
0002,0002_general_main_case_a62,case_a627525fa9,general_main,6,Could you explain how the emphasis on knowledge management as a strategic asset has influenced your team's decision-making process and how this approach differs from traditional organizational learnin,5,corpus_7fa3bd5aef67,0.5111,,33042a3e-5e8e-4375-b964-0fe2252e504c,legal
0002,0002_general_main_case_a62,case_a627525fa9,general_main,7,"Could you provide more specific examples of how the emphasis on knowledge management as a strategic asset has influenced your team's decision-making process, and how this approach differs from traditi",1,corpus_fdc18a2962cd,0.5187,,e23add42-dc9f-4b46-aa21-ac722ae16c36,retail
0002,0002_general_main_case_a62,case_a627525fa9,general_main,7,"Could you provide more specific examples of how the emphasis on knowledge management as a strategic asset has influenced your team's decision-making process, and how this approach differs from traditi",2,corpus_4b47604ce9b7,0.5167,,33042a3e-5e8e-4375-b964-0fe2252e504c,legal
0002,0002_general_main_case_a62,case_a627525fa9,general_main,7,"Could you provide more specific examples of how the emphasis on knowledge management as a strategic asset has influenced your team's decision-making process, and how this approach differs from traditi",3,corpus_25d9678ca161,0.5144,,e23add42-dc9f-4b46-aa21-ac722ae16c36,retail
0002,0002_general_main_case_a62,case_a627525fa9,general_main,7,"Could you provide more specific examples of how the emphasis on knowledge management as a strategic asset has influenced your team's decision-making process, and how this approach differs from traditi",4,corpus_b63b93d7463a,0.5126,,33042a3e-5e8e-4375-b964-0fe2252e504c,legal
0002,0002_general_main_case_a62,case_a627525fa9,general_main,7,"Could you provide more specific examples of how the emphasis on knowledge management as a strategic asset has influenced your team's decision-making process, and how this approach differs from traditi",5,corpus_7fa3bd5aef67,0.5111,,33042a3e-5e8e-4375-b964-0fe2252e504c,legal
0002,0002_general_main_case_a62,case_a627525fa9,general_main,8,Could you elaborate on how the emphasis on knowledge management as a strategic asset influences the decision-making process within your organization compared to traditional organizational learning?,1,corpus_4244f436fae8,0.5529,,e23add42-dc9f-4b46-aa21-ac722ae16c36,retail
0002,0002_general_main_case_a62,case_a627525fa9,general_main,8,Could you elaborate on how the emphasis on knowledge management as a strategic asset influences the decision-making process within your organization compared to traditional organizational learning?,2,corpus_fdc18a2962cd,0.5479,,e23add42-dc9f-4b46-aa21-ac722ae16c36,retail
0002,0002_general_main_case_a62,case_a627525fa9,general_main,8,Could you elaborate on how the emphasis on knowledge management as a strategic asset influences the decision-making process within your organization compared to traditional organizational learning?,3,corpus_f29a271153e9,0.5322,,33042a3e-5e8e-4375-b964-0fe2252e504c,legal
0002,0002_general_main_case_a62,case_a627525fa9,general_main,8,Could you elaborate on how the emphasis on knowledge management as a strategic asset influences the decision-making process within your organization compared to traditional organizational learning?,4,corpus_25d9678ca161,0.532,,e23add42-dc9f-4b46-aa21-ac722ae16c36,retail
0002,0002_general_main_case_a62,case_a627525fa9,general_main,8,Could you elaborate on how the emphasis on knowledge management as a strategic asset influences the decision-making process within your organization compared to traditional organizational learning?,5,corpus_9d5e2ec4aecd,0.5271,,e23add42-dc9f-4b46-aa21-ac722ae16c36,retail
0002,0002_general_main_case_a62,case_a627525fa9,general_main,9,"How does the emphasis on knowledge management as a strategic asset impact the way your team makes decisions, and how does this differ from traditional organizational learning approaches?",1,corpus_fdc18a2962cd,0.5187,,e23add42-dc9f-4b46-aa21-ac722ae16c36,retail
0002,0002_general_main_case_a62,case_a627525fa9,general_main,9,"How does the emphasis on knowledge management as a strategic asset impact the way your team makes decisions, and how does this differ from traditional organizational learning approaches?",2,corpus_4b47604ce9b7,0.5167,,33042a3e-5e8e-4375-b964-0fe2252e504c,legal
0002,0002_general_main_case_a62,case_a627525fa9,general_main,9,"How does the emphasis on knowledge management as a strategic asset impact the way your team makes decisions, and how does this differ from traditional organizational learning approaches?",3,corpus_25d9678ca161,0.5144,,e23add42-dc9f-4b46-aa21-ac722ae16c36,retail
0002,0002_general_main_case_a62,case_a627525fa9,general_main,9,"How does the emphasis on knowledge management as a strategic asset impact the way your team makes decisions, and how does this differ from traditional organizational learning approaches?",4,corpus_b63b93d7463a,0.5126,,33042a3e-5e8e-4375-b964-0fe2252e504c,legal
0002,0002_general_main_case_a62,case_a627525fa9,general_main,9,"How does the emphasis on knowledge management as a strategic asset impact the way your team makes decisions, and how does this differ from traditional organizational learning approaches?",5,corpus_7fa3bd5aef67,0.5111,,33042a3e-5e8e-4375-b964-0fe2252e504c,legal
0002,0002_general_main_case_a62,case_a627525fa9,general_main,10,Could you provide specific examples of how the emphasis on knowledge management as a strategic asset impacts the decision-making process within your organization compared to traditional organizational,1,corpus_4244f436fae8,0.5529,,e23add42-dc9f-4b46-aa21-ac722ae16c36,retail
0002,0002_general_main_case_a62,case_a627525fa9,general_main,10,Could you provide specific examples of how the emphasis on knowledge management as a strategic asset impacts the decision-making process within your organization compared to traditional organizational,2,corpus_fdc18a2962cd,0.5479,,e23add42-dc9f-4b46-aa21-ac722ae16c36,retail
0002,0002_general_main_case_a62,case_a627525fa9,general_main,10,Could you provide specific examples of how the emphasis on knowledge management as a strategic asset impacts the decision-making process within your organization compared to traditional organizational,3,corpus_f29a271153e9,0.5322,,33042a3e-5e8e-4375-b964-0fe2252e504c,legal
0002,0002_general_main_case_a62,case_a627525fa9,general_main,10,Could you provide specific examples of how the emphasis on knowledge management as a strategic asset impacts the decision-making process within your organization compared to traditional organizational,4,corpus_25d9678ca161,0.532,,e23add42-dc9f-4b46-aa21-ac722ae16c36,retail
0002,0002_general_main_case_a62,case_a627525fa9,general_main,10,Could you provide specific examples of how the emphasis on knowledge management as a strategic asset impacts the decision-making process within your organization compared to traditional organizational,5,corpus_9d5e2ec4aecd,0.5271,,e23add42-dc9f-4b46-aa21-ac722ae16c36,retail
0002,0002_general_main_case_a62,case_a627525fa9,general_main,11,In what ways does the emphasis on knowledge management as a strategic asset specifically enhance decision-making processes within your team compared to traditional organizational learning approaches?,1,corpus_4244f436fae8,0.5529,,e23add42-dc9f-4b46-aa21-ac722ae16c36,retail
0002,0002_general_main_case_a62,case_a627525fa9,general_main,11,In what ways does the emphasis on knowledge management as a strategic asset specifically enhance decision-making processes within your team compared to traditional organizational learning approaches?,2,corpus_fdc18a2962cd,0.5479,,e23add42-dc9f-4b46-aa21-ac722ae16c36,retail
0002,0002_general_main_case_a62,case_a627525fa9,general_main,11,In what ways does the emphasis on knowledge management as a strategic asset specifically enhance decision-making processes within your team compared to traditional organizational learning approaches?,3,corpus_f29a271153e9,0.5322,,33042a3e-5e8e-4375-b964-0fe2252e504c,legal
0002,0002_general_main_case_a62,case_a627525fa9,general_main,11,In what ways does the emphasis on knowledge management as a strategic asset specifically enhance decision-making processes within your team compared to traditional organizational learning approaches?,4,corpus_25d9678ca161,0.532,,e23add42-dc9f-4b46-aa21-ac722ae16c36,retail
0002,0002_general_main_case_a62,case_a627525fa9,general_main,11,In what ways does the emphasis on knowledge management as a strategic asset specifically enhance decision-making processes within your team compared to traditional organizational learning approaches?,5,corpus_9d5e2ec4aecd,0.5271,,e23add42-dc9f-4b46-aa21-ac722ae16c36,retail
0002,0002_general_main_case_a62,case_a627525fa9,general_main,12,Could you elaborate on how the emphasis on knowledge management as a strategic asset specifically enhances decision-making processes within your team compared to traditional organizational learning ap,1,corpus_4244f436fae8,0.5529,,e23add42-dc9f-4b46-aa21-ac722ae16c36,retail
0002,0002_general_main_case_a62,case_a627525fa9,general_main,12,Could you elaborate on how the emphasis on knowledge management as a strategic asset specifically enhances decision-making processes within your team compared to traditional organizational learning ap,2,corpus_fdc18a2962cd,0.5479,,e23add42-dc9f-4b46-aa21-ac722ae16c36,retail
0002,0002_general_main_case_a62,case_a627525fa9,general_main,12,Could you elaborate on how the emphasis on knowledge management as a strategic asset specifically enhances decision-making processes within your team compared to traditional organizational learning ap,3,corpus_f29a271153e9,0.5322,,33042a3e-5e8e-4375-b964-0fe2252e504c,legal
0002,0002_general_main_case_a62,case_a627525fa9,general_main,12,Could you elaborate on how the emphasis on knowledge management as a strategic asset specifically enhances decision-making processes within your team compared to traditional organizational learning ap,4,corpus_25d9678ca161,0.532,,e23add42-dc9f-4b46-aa21-ac722ae16c36,retail
0002,0002_general_main_case_a62,case_a627525fa9,general_main,12,Could you elaborate on how the emphasis on knowledge management as a strategic asset specifically enhances decision-making processes within your team compared to traditional organizational learning ap,5,corpus_9d5e2ec4aecd,0.5271,,e23add42-dc9f-4b46-aa21-ac722ae16c36,retail
0002,0002_general_main_case_a62,case_a627525fa9,general_main,13,How does the emphasis on knowledge management as a strategic asset specifically enhance decision-making processes within your team compared to traditional organizational learning approaches?,1,corpus_4244f436fae8,0.5529,,e23add42-dc9f-4b46-aa21-ac722ae16c36,retail
0002,0002_general_main_case_a62,case_a627525fa9,general_main,13,How does the emphasis on knowledge management as a strategic asset specifically enhance decision-making processes within your team compared to traditional organizational learning approaches?,2,corpus_fdc18a2962cd,0.5479,,e23add42-dc9f-4b46-aa21-ac722ae16c36,retail
0002,0002_general_main_case_a62,case_a627525fa9,general_main,13,How does the emphasis on knowledge management as a strategic asset specifically enhance decision-making processes within your team compared to traditional organizational learning approaches?,3,corpus_f29a271153e9,0.5322,,33042a3e-5e8e-4375-b964-0fe2252e504c,legal
0002,0002_general_main_case_a62,case_a627525fa9,general_main,13,How does the emphasis on knowledge management as a strategic asset specifically enhance decision-making processes within your team compared to traditional organizational learning approaches?,4,corpus_25d9678ca161,0.532,,e23add42-dc9f-4b46-aa21-ac722ae16c36,retail
0002,0002_general_main_case_a62,case_a627525fa9,general_main,13,How does the emphasis on knowledge management as a strategic asset specifically enhance decision-making processes within your team compared to traditional organizational learning approaches?,5,corpus_9d5e2ec4aecd,0.5271,,e23add42-dc9f-4b46-aa21-ac722ae16c36,retail
0002,0002_general_main_case_a62,case_a627525fa9,general_main,14,Could you provide examples of how knowledge management as a strategic asset specifically enhances decision-making processes within your team compared to traditional organizational learning approaches?,1,corpus_4244f436fae8,0.5529,,e23add42-dc9f-4b46-aa21-ac722ae16c36,retail
0002,0002_general_main_case_a62,case_a627525fa9,general_main,14,Could you provide examples of how knowledge management as a strategic asset specifically enhances decision-making processes within your team compared to traditional organizational learning approaches?,2,corpus_fdc18a2962cd,0.5479,,e23add42-dc9f-4b46-aa21-ac722ae16c36,retail
0002,0002_general_main_case_a62,case_a627525fa9,general_main,14,Could you provide examples of how knowledge management as a strategic asset specifically enhances decision-making processes within your team compared to traditional organizational learning approaches?,3,corpus_f29a271153e9,0.5322,,33042a3e-5e8e-4375-b964-0fe2252e504c,legal
0002,0002_general_main_case_a62,case_a627525fa9,general_main,14,Could you provide examples of how knowledge management as a strategic asset specifically enhances decision-making processes within your team compared to traditional organizational learning approaches?,4,corpus_25d9678ca161,0.532,,e23add42-dc9f-4b46-aa21-ac722ae16c36,retail
0002,0002_general_main_case_a62,case_a627525fa9,general_main,14,Could you provide examples of how knowledge management as a strategic asset specifically enhances decision-making processes within your team compared to traditional organizational learning approaches?,5,corpus_9d5e2ec4aecd,0.5271,,e23add42-dc9f-4b46-aa21-ac722ae16c36,retail
0002,0002_general_main_case_a62,case_a627525fa9,general_main,1,Could you describe how your team typically addresses the root cause of issues related to intellectual property infringement claims?,1,corpus_f1dbaf55f517,0.5375,,e23add42-dc9f-4b46-aa21-ac722ae16c36,retail
0002,0002_general_main_case_a62,case_a627525fa9,general_main,1,Could you describe how your team typically addresses the root cause of issues related to intellectual property infringement claims?,2,corpus_54e38e63b2d8,0.4435,,e23add42-dc9f-4b46-aa21-ac722ae16c36,retail
0002,0002_general_main_case_a62,case_a627525fa9,general_main,1,Could you describe how your team typically addresses the root cause of issues related to intellectual property infringement claims?,3,corpus_989cdbc88c17,0.4399,,e23add42-dc9f-4b46-aa21-ac722ae16c36,retail
0002,0002_general_main_case_a62,case_a627525fa9,general_main,1,Could you describe how your team typically addresses the root cause of issues related to intellectual property infringement claims?,4,corpus_fdc18a2962cd,0.3963,,e23add42-dc9f-4b46-aa21-ac722ae16c36,retail
0002,0002_general_main_case_a62,case_a627525fa9,general_main,1,Could you describe how your team typically addresses the root cause of issues related to intellectual property infringement claims?,5,corpus_ac167edc04d3,0.396,,33042a3e-5e8e-4375-b964-0fe2252e504c,legal
0002,0002_general_main_case_a62,case_a627525fa9,general_main,2,"Could you describe the specific steps your team takes to address the root cause of intellectual property infringement claims, and how these steps are implemented and monitored?",1,corpus_f1dbaf55f517,0.5316,,e23add42-dc9f-4b46-aa21-ac722ae16c36,retail
0002,0002_general_main_case_a62,case_a627525fa9,general_main,2,"Could you describe the specific steps your team takes to address the root cause of intellectual property infringement claims, and how these steps are implemented and monitored?",2,corpus_989cdbc88c17,0.431,,e23add42-dc9f-4b46-aa21-ac722ae16c36,retail
0002,0002_general_main_case_a62,case_a627525fa9,general_main,2,"Could you describe the specific steps your team takes to address the root cause of intellectual property infringement claims, and how these steps are implemented and monitored?",3,corpus_54e38e63b2d8,0.4163,,e23add42-dc9f-4b46-aa21-ac722ae16c36,retail
0002,0002_general_main_case_a62,case_a627525fa9,general_main,2,"Could you describe the specific steps your team takes to address the root cause of intellectual property infringement claims, and how these steps are implemented and monitored?",4,corpus_a3b9f7d6021d,0.384,,e23add42-dc9f-4b46-aa21-ac722ae16c36,retail
0002,0002_general_main_case_a62,case_a627525fa9,general_main,2,"Could you describe the specific steps your team takes to address the root cause of intellectual property infringement claims, and how these steps are implemented and monitored?",5,corpus_ac167edc04d3,0.383,,33042a3e-5e8e-4375-b964-0fe2252e504c,legal
0002,0002_general_main_case_a62,case_a627525fa9,general_main,3,"Could you elaborate on how your team collaborates with other departments to address the root cause of intellectual property infringement claims, and what strategies are employed to ensure effective co",1,corpus_f1dbaf55f517,0.5375,,e23add42-dc9f-4b46-aa21-ac722ae16c36,retail
0002,0002_general_main_case_a62,case_a627525fa9,general_main,3,"Could you elaborate on how your team collaborates with other departments to address the root cause of intellectual property infringement claims, and what strategies are employed to ensure effective co",2,corpus_54e38e63b2d8,0.4435,,e23add42-dc9f-4b46-aa21-ac722ae16c36,retail
0002,0002_general_main_case_a62,case_a627525fa9,general_main,3,"Could you elaborate on how your team collaborates with other departments to address the root cause of intellectual property infringement claims, and what strategies are employed to ensure effective co",3,corpus_989cdbc88c17,0.4399,,e23add42-dc9f-4b46-aa21-ac722ae16c36,retail
0002,0002_general_main_case_a62,case_a627525fa9,general_main,3,"Could you elaborate on how your team collaborates with other departments to address the root cause of intellectual property infringement claims, and what strategies are employed to ensure effective co",4,corpus_fdc18a2962cd,0.3963,,e23add42-dc9f-4b46-aa21-ac722ae16c36,retail
0002,0002_general_main_case_a62,case_a627525fa9,general_main,3,"Could you elaborate on how your team collaborates with other departments to address the root cause of intellectual property infringement claims, and what strategies are employed to ensure effective co",5,corpus_ac167edc04d3,0.396,,33042a3e-5e8e-4375-b964-0fe2252e504c,legal
0002,0002_general_main_case_a62,case_a627525fa9,general_main,4,Could you tell me more about primary challenge?,1,corpus_9d2db1b0788c,0.4414,,33042a3e-5e8e-4375-b964-0fe2252e504c,legal
0002,0002_general_main_case_a62,case_a627525fa9,general_main,4,Could you tell me more about primary challenge?,2,corpus_96f9ac4f9031,0.4376,,33042a3e-5e8e-4375-b964-0fe2252e504c,legal
0002,0002_general_main_case_a62,case_a627525fa9,general_main,4,Could you tell me more about primary challenge?,3,corpus_d03a736a7273,0.4308,,33042a3e-5e8e-4375-b964-0fe2252e504c,legal
0002,0002_general_main_case_a62,case_a627525fa9,general_main,4,Could you tell me more about primary challenge?,4,corpus_4dcf69bf62d5,0.4252,,33042a3e-5e8e-4375-b964-0fe2252e504c,legal
0002,0002_general_main_case_a62,case_a627525fa9,general_main,4,Could you tell me more about primary challenge?,5,corpus_db9362e0b6cb,0.424,,33042a3e-5e8e-4375-b964-0fe2252e504c,legal
0002,0002_general_main_case_a62,case_a627525fa9,general_main,5,"How does your team specifically address the challenge of inconsistent product development processes and difficulty in tracking best practices, and what strategies are employed to mitigate these issues",1,corpus_4244f436fae8,0.5487,,e23add42-dc9f-4b46-aa21-ac722ae16c36,retail
0002,0002_general_main_case_a62,case_a627525fa9,general_main,5,"How does your team specifically address the challenge of inconsistent product development processes and difficulty in tracking best practices, and what strategies are employed to mitigate these issues",2,corpus_dd46ff047548,0.5294,,33042a3e-5e8e-4375-b964-0fe2252e504c,legal
0002,0002_general_main_case_a62,case_a627525fa9,general_main,5,"How does your team specifically address the challenge of inconsistent product development processes and difficulty in tracking best practices, and what strategies are employed to mitigate these issues",3,corpus_25d9678ca161,0.5291,,e23add42-dc9f-4b46-aa21-ac722ae16c36,retail
0002,0002_general_main_case_a62,case_a627525fa9,general_main,5,"How does your team specifically address the challenge of inconsistent product development processes and difficulty in tracking best practices, and what strategies are employed to mitigate these issues",4,corpus_90ca70ad5555,0.5175,,33042a3e-5e8e-4375-b964-0fe2252e504c,legal
0002,0002_general_main_case_a62,case_a627525fa9,general_main,5,"How does your team specifically address the challenge of inconsistent product development processes and difficulty in tracking best practices, and what strategies are employed to mitigate these issues",5,corpus_a3b9f7d6021d,0.5153,,e23add42-dc9f-4b46-aa21-ac722ae16c36,retail
0002,0002_general_main_case_a62,case_a627525fa9,general_main,6,"Could you provide more details on how your team collaborates with other departments to address the root cause of intellectual property infringement claims, and what strategies are employed to ensure e",1,corpus_f1dbaf55f517,0.5375,,e23add42-dc9f-4b46-aa21-ac722ae16c36,retail
0002,0002_general_main_case_a62,case_a627525fa9,general_main,6,"Could you provide more details on how your team collaborates with other departments to address the root cause of intellectual property infringement claims, and what strategies are employed to ensure e",2,corpus_54e38e63b2d8,0.4435,,e23add42-dc9f-4b46-aa21-ac722ae16c36,retail
0002,0002_general_main_case_a62,case_a627525fa9,general_main,6,"Could you provide more details on how your team collaborates with other departments to address the root cause of intellectual property infringement claims, and what strategies are employed to ensure e",3,corpus_989cdbc88c17,0.4399,,e23add42-dc9f-4b46-aa21-ac722ae16c36,retail
0002,0002_general_main_case_a62,case_a627525fa9,general_main,6,"Could you provide more details on how your team collaborates with other departments to address the root cause of intellectual property infringement claims, and what strategies are employed to ensure e",4,corpus_fdc18a2962cd,0.3963,,e23add42-dc9f-4b46-aa21-ac722ae16c36,retail
0002,0002_general_main_case_a62,case_a627525fa9,general_main,6,"Could you provide more details on how your team collaborates with other departments to address the root cause of intellectual property infringement claims, and what strategies are employed to ensure e",5,corpus_ac167edc04d3,0.396,,33042a3e-5e8e-4375-b964-0fe2252e504c,legal
0002,0002_general_main_case_a62,case_a627525fa9,general_main,7,"Could you elaborate on the specific strategies your team uses to address the root cause of intellectual property infringement claims, and how these strategies are implemented and monitored?",1,corpus_f1dbaf55f517,0.5375,,e23add42-dc9f-4b46-aa21-ac722ae16c36,retail
0002,0002_general_main_case_a62,case_a627525fa9,general_main,7,"Could you elaborate on the specific strategies your team uses to address the root cause of intellectual property infringement claims, and how these strategies are implemented and monitored?",2,corpus_54e38e63b2d8,0.4435,,e23add42-dc9f-4b46-aa21-ac722ae16c36,retail
0002,0002_general_main_case_a62,case_a627525fa9,general_main,7,"Could you elaborate on the specific strategies your team uses to address the root cause of intellectual property infringement claims, and how these strategies are implemented and monitored?",3,corpus_989cdbc88c17,0.4399,,e23add42-dc9f-4b46-aa21-ac722ae16c36,retail
0002,0002_general_main_case_a62,case_a627525fa9,general_main,7,"Could you elaborate on the specific strategies your team uses to address the root cause of intellectual property infringement claims, and how these strategies are implemented and monitored?",4,corpus_fdc18a2962cd,0.3963,,e23add42-dc9f-4b46-aa21-ac722ae16c36,retail
0002,0002_general_main_case_a62,case_a627525fa9,general_main,7,"Could you elaborate on the specific strategies your team uses to address the root cause of intellectual property infringement claims, and how these strategies are implemented and monitored?",5,corpus_ac167edc04d3,0.396,,33042a3e-5e8e-4375-b964-0fe2252e504c,legal
0002,0002_general_main_case_a62,case_a627525fa9,general_main,8,"Could you explain the specific strategies your team uses to address the root cause of intellectual property infringement claims, and how these strategies are monitored and adjusted over time?",1,corpus_f1dbaf55f517,0.5375,,e23add42-dc9f-4b46-aa21-ac722ae16c36,retail
0002,0002_general_main_case_a62,case_a627525fa9,general_main,8,"Could you explain the specific strategies your team uses to address the root cause of intellectual property infringement claims, and how these strategies are monitored and adjusted over time?",2,corpus_54e38e63b2d8,0.4435,,e23add42-dc9f-4b46-aa21-ac722ae16c36,retail
0002,0002_general_main_case_a62,case_a627525fa9,general_main,8,"Could you explain the specific strategies your team uses to address the root cause of intellectual property infringement claims, and how these strategies are monitored and adjusted over time?",3,corpus_989cdbc88c17,0.4399,,e23add42-dc9f-4b46-aa21-ac722ae16c36,retail
0002,0002_general_main_case_a62,case_a627525fa9,general_main,8,"Could you explain the specific strategies your team uses to address the root cause of intellectual property infringement claims, and how these strategies are monitored and adjusted over time?",4,corpus_fdc18a2962cd,0.3963,,e23add42-dc9f-4b46-aa21-ac722ae16c36,retail
0002,0002_general_main_case_a62,case_a627525fa9,general_main,8,"Could you explain the specific strategies your team uses to address the root cause of intellectual property infringement claims, and how these strategies are monitored and adjusted over time?",5,corpus_ac167edc04d3,0.396,,33042a3e-5e8e-4375-b964-0fe2252e504c,legal
0002,0002_general_main_case_a62,case_a627525fa9,general_main,9,"What specific strategies does your team implement to ensure that the root cause of intellectual property infringement claims is effectively addressed, and how are these strategies continuously monitor",1,corpus_f1dbaf55f517,0.5375,,e23add42-dc9f-4b46-aa21-ac722ae16c36,retail
0002,0002_general_main_case_a62,case_a627525fa9,general_main,9,"What specific strategies does your team implement to ensure that the root cause of intellectual property infringement claims is effectively addressed, and how are these strategies continuously monitor",2,corpus_54e38e63b2d8,0.4435,,e23add42-dc9f-4b46-aa21-ac722ae16c36,retail
0002,0002_general_main_case_a62,case_a627525fa9,general_main,9,"What specific strategies does your team implement to ensure that the root cause of intellectual property infringement claims is effectively addressed, and how are these strategies continuously monitor",3,corpus_989cdbc88c17,0.4399,,e23add42-dc9f-4b46-aa21-ac722ae16c36,retail
0002,0002_general_main_case_a62,case_a627525fa9,general_main,9,"What specific strategies does your team implement to ensure that the root cause of intellectual property infringement claims is effectively addressed, and how are these strategies continuously monitor",4,corpus_fdc18a2962cd,0.3963,,e23add42-dc9f-4b46-aa21-ac722ae16c36,retail
0002,0002_general_main_case_a62,case_a627525fa9,general_main,9,"What specific strategies does your team implement to ensure that the root cause of intellectual property infringement claims is effectively addressed, and how are these strategies continuously monitor",5,corpus_ac167edc04d3,0.396,,33042a3e-5e8e-4375-b964-0fe2252e504c,legal
0002,0002_general_main_case_a62,case_a627525fa9,general_main,10,"Could you describe the specific strategies your team uses to address the root cause of intellectual property infringement claims, and how these strategies are monitored and adjusted over time?",1,corpus_f1dbaf55f517,0.5375,,e23add42-dc9f-4b46-aa21-ac722ae16c36,retail
0002,0002_general_main_case_a62,case_a627525fa9,general_main,10,"Could you describe the specific strategies your team uses to address the root cause of intellectual property infringement claims, and how these strategies are monitored and adjusted over time?",2,corpus_54e38e63b2d8,0.4435,,e23add42-dc9f-4b46-aa21-ac722ae16c36,retail
0002,0002_general_main_case_a62,case_a627525fa9,general_main,10,"Could you describe the specific strategies your team uses to address the root cause of intellectual property infringement claims, and how these strategies are monitored and adjusted over time?",3,corpus_989cdbc88c17,0.4399,,e23add42-dc9f-4b46-aa21-ac722ae16c36,retail
0002,0002_general_main_case_a62,case_a627525fa9,general_main,10,"Could you describe the specific strategies your team uses to address the root cause of intellectual property infringement claims, and how these strategies are monitored and adjusted over time?",4,corpus_fdc18a2962cd,0.3963,,e23add42-dc9f-4b46-aa21-ac722ae16c36,retail
0002,0002_general_main_case_a62,case_a627525fa9,general_main,10,"Could you describe the specific strategies your team uses to address the root cause of intellectual property infringement claims, and how these strategies are monitored and adjusted over time?",5,corpus_ac167edc04d3,0.396,,33042a3e-5e8e-4375-b964-0fe2252e504c,legal
0002,0002_general_main_case_a62,case_a627525fa9,general_main,11,"How do you ensure that the root cause of intellectual property infringement claims is effectively addressed, and what specific strategies do you implement to continuously monitor and adjust these stra",1,corpus_f1dbaf55f517,0.5375,,e23add42-dc9f-4b46-aa21-ac722ae16c36,retail
0002,0002_general_main_case_a62,case_a627525fa9,general_main,11,"How do you ensure that the root cause of intellectual property infringement claims is effectively addressed, and what specific strategies do you implement to continuously monitor and adjust these stra",2,corpus_54e38e63b2d8,0.4435,,e23add42-dc9f-4b46-aa21-ac722ae16c36,retail
0002,0002_general_main_case_a62,case_a627525fa9,general_main,11,"How do you ensure that the root cause of intellectual property infringement claims is effectively addressed, and what specific strategies do you implement to continuously monitor and adjust these stra",3,corpus_989cdbc88c17,0.4399,,e23add42-dc9f-4b46-aa21-ac722ae16c36,retail
0002,0002_general_main_case_a62,case_a627525fa9,general_main,11,"How do you ensure that the root cause of intellectual property infringement claims is effectively addressed, and what specific strategies do you implement to continuously monitor and adjust these stra",4,corpus_fdc18a2962cd,0.3963,,e23add42-dc9f-4b46-aa21-ac722ae16c36,retail
0002,0002_general_main_case_a62,case_a627525fa9,general_main,11,"How do you ensure that the root cause of intellectual property infringement claims is effectively addressed, and what specific strategies do you implement to continuously monitor and adjust these stra",5,corpus_ac167edc04d3,0.396,,33042a3e-5e8e-4375-b964-0fe2252e504c,legal
0002,0002_general_main_case_a62,case_a627525fa9,general_main,12,Could you tell me more about domain area?,1,corpus_9d2db1b0788c,0.4414,,33042a3e-5e8e-4375-b964-0fe2252e504c,legal
0002,0002_general_main_case_a62,case_a627525fa9,general_main,12,Could you tell me more about domain area?,2,corpus_96f9ac4f9031,0.4376,,33042a3e-5e8e-4375-b964-0fe2252e504c,legal
0002,0002_general_main_case_a62,case_a627525fa9,general_main,12,Could you tell me more about domain area?,3,corpus_d03a736a7273,0.4308,,33042a3e-5e8e-4375-b964-0fe2252e504c,legal
0002,0002_general_main_case_a62,case_a627525fa9,general_main,12,Could you tell me more about domain area?,4,corpus_4dcf69bf62d5,0.4252,,33042a3e-5e8e-4375-b964-0fe2252e504c,legal
0002,0002_general_main_case_a62,case_a627525fa9,general_main,12,Could you tell me more about domain area?,5,corpus_db9362e0b6cb,0.424,,33042a3e-5e8e-4375-b964-0fe2252e504c,legal
0002,0002_general_main_case_a62,case_a627525fa9,general_main,13,"What are the specific strategies your team uses to ensure that the root cause of intellectual property infringement claims is effectively addressed, and how are these strategies continuously monitored",1,corpus_f1dbaf55f517,0.5375,,e23add42-dc9f-4b46-aa21-ac722ae16c36,retail
0002,0002_general_main_case_a62,case_a627525fa9,general_main,13,"What are the specific strategies your team uses to ensure that the root cause of intellectual property infringement claims is effectively addressed, and how are these strategies continuously monitored",2,corpus_54e38e63b2d8,0.4435,,e23add42-dc9f-4b46-aa21-ac722ae16c36,retail
0002,0002_general_main_case_a62,case_a627525fa9,general_main,13,"What are the specific strategies your team uses to ensure that the root cause of intellectual property infringement claims is effectively addressed, and how are these strategies continuously monitored",3,corpus_989cdbc88c17,0.4399,,e23add42-dc9f-4b46-aa21-ac722ae16c36,retail
0002,0002_general_main_case_a62,case_a627525fa9,general_main,13,"What are the specific strategies your team uses to ensure that the root cause of intellectual property infringement claims is effectively addressed, and how are these strategies continuously monitored",4,corpus_fdc18a2962cd,0.3963,,e23add42-dc9f-4b46-aa21-ac722ae16c36,retail
0002,0002_general_main_case_a62,case_a627525fa9,general_main,13,"What are the specific strategies your team uses to ensure that the root cause of intellectual property infringement claims is effectively addressed, and how are these strategies continuously monitored",5,corpus_ac167edc04d3,0.396,,33042a3e-5e8e-4375-b964-0fe2252e504c,legal
0002,0002_general_main_case_a62,case_a627525fa9,general_main,14,"Could you describe the specific strategies your team uses to address the root cause of intellectual property infringement claims, and how these strategies are monitored and adjusted over time?",1,corpus_f1dbaf55f517,0.5375,,e23add42-dc9f-4b46-aa21-ac722ae16c36,retail
0002,0002_general_main_case_a62,case_a627525fa9,general_main,14,"Could you describe the specific strategies your team uses to address the root cause of intellectual property infringement claims, and how these strategies are monitored and adjusted over time?",2,corpus_54e38e63b2d8,0.4435,,e23add42-dc9f-4b46-aa21-ac722ae16c36,retail
0002,0002_general_main_case_a62,case_a627525fa9,general_main,14,"Could you describe the specific strategies your team uses to address the root cause of intellectual property infringement claims, and how these strategies are monitored and adjusted over time?",3,corpus_989cdbc88c17,0.4399,,e23add42-dc9f-4b46-aa21-ac722ae16c36,retail
0002,0002_general_main_case_a62,case_a627525fa9,general_main,14,"Could you describe the specific strategies your team uses to address the root cause of intellectual property infringement claims, and how these strategies are monitored and adjusted over time?",4,corpus_fdc18a2962cd,0.3963,,e23add42-dc9f-4b46-aa21-ac722ae16c36,retail
0002,0002_general_main_case_a62,case_a627525fa9,general_main,14,"Could you describe the specific strategies your team uses to address the root cause of intellectual property infringement claims, and how these strategies are monitored and adjusted over time?",5,corpus_ac167edc04d3,0.396,,33042a3e-5e8e-4375-b964-0fe2252e504c,legal
0002,0002_coder_small_case_a62,case_a627525fa9,coder_small,1,"What key decision is your team facing in the recent project involving the reduction of incorrect decisions, and how did it prompt it?",1,corpus_9d5e2ec4aecd,0.5661,,e23add42-dc9f-4b46-aa21-ac722ae16c36,retail
0002,0002_coder_small_case_a62,case_a627525fa9,coder_small,1,"What key decision is your team facing in the recent project involving the reduction of incorrect decisions, and how did it prompt it?",2,corpus_989cdbc88c17,0.5475,,e23add42-dc9f-4b46-aa21-ac722ae16c36,retail
0002,0002_coder_small_case_a62,case_a627525fa9,coder_small,1,"What key decision is your team facing in the recent project involving the reduction of incorrect decisions, and how did it prompt it?",3,corpus_54e38e63b2d8,0.5275,,e23add42-dc9f-4b46-aa21-ac722ae16c36,retail
0002,0002_coder_small_case_a62,case_a627525fa9,coder_small,1,"What key decision is your team facing in the recent project involving the reduction of incorrect decisions, and how did it prompt it?",4,corpus_f1dbaf55f517,0.5243,,e23add42-dc9f-4b46-aa21-ac722ae16c36,retail
0002,0002_coder_small_case_a62,case_a627525fa9,coder_small,1,"What key decision is your team facing in the recent project involving the reduction of incorrect decisions, and how did it prompt it?",5,corpus_a3b9f7d6021d,0.519,,e23add42-dc9f-4b46-aa21-ac722ae16c36,retail
0002,0002_coder_small_case_a62,case_a627525fa9,coder_small,2,Could you tell me more about domain area?,1,corpus_9d2db1b0788c,0.4414,,33042a3e-5e8e-4375-b964-0fe2252e504c,legal
0002,0002_coder_small_case_a62,case_a627525fa9,coder_small,2,Could you tell me more about domain area?,2,corpus_96f9ac4f9031,0.4376,,33042a3e-5e8e-4375-b964-0fe2252e504c,legal
0002,0002_coder_small_case_a62,case_a627525fa9,coder_small,2,Could you tell me more about domain area?,3,corpus_d03a736a7273,0.4308,,33042a3e-5e8e-4375-b964-0fe2252e504c,legal
0002,0002_coder_small_case_a62,case_a627525fa9,coder_small,2,Could you tell me more about domain area?,4,corpus_4dcf69bf62d5,0.4252,,33042a3e-5e8e-4375-b964-0fe2252e504c,legal
0002,0002_coder_small_case_a62,case_a627525fa9,coder_small,2,Could you tell me more about domain area?,5,corpus_db9362e0b6cb,0.424,,33042a3e-5e8e-4375-b964-0fe2252e504c,legal
0002,0002_coder_small_case_a62,case_a627525fa9,coder_small,3,"What key decision is your team facing in the recent project involving the reduction of incorrect decisions, and how did it prompt it?",1,corpus_9d5e2ec4aecd,0.5661,,e23add42-dc9f-4b46-aa21-ac722ae16c36,retail
0002,0002_coder_small_case_a62,case_a627525fa9,coder_small,3,"What key decision is your team facing in the recent project involving the reduction of incorrect decisions, and how did it prompt it?",2,corpus_989cdbc88c17,0.5475,,e23add42-dc9f-4b46-aa21-ac722ae16c36,retail
0002,0002_coder_small_case_a62,case_a627525fa9,coder_small,3,"What key decision is your team facing in the recent project involving the reduction of incorrect decisions, and how did it prompt it?",3,corpus_54e38e63b2d8,0.5275,,e23add42-dc9f-4b46-aa21-ac722ae16c36,retail
0002,0002_coder_small_case_a62,case_a627525fa9,coder_small,3,"What key decision is your team facing in the recent project involving the reduction of incorrect decisions, and how did it prompt it?",4,corpus_f1dbaf55f517,0.5243,,e23add42-dc9f-4b46-aa21-ac722ae16c36,retail
0002,0002_coder_small_case_a62,case_a627525fa9,coder_small,3,"What key decision is your team facing in the recent project involving the reduction of incorrect decisions, and how did it prompt it?",5,corpus_a3b9f7d6021d,0.519,,e23add42-dc9f-4b46-aa21-ac722ae16c36,retail
0002,0002_coder_small_case_a62,case_a627525fa9,coder_small,4,Could you tell me more about primary challenge?,1,corpus_9d2db1b0788c,0.4414,,33042a3e-5e8e-4375-b964-0fe2252e504c,legal
0002,0002_coder_small_case_a62,case_a627525fa9,coder_small,4,Could you tell me more about primary challenge?,2,corpus_96f9ac4f9031,0.4376,,33042a3e-5e8e-4375-b964-0fe2252e504c,legal
0002,0002_coder_small_case_a62,case_a627525fa9,coder_small,4,Could you tell me more about primary challenge?,3,corpus_d03a736a7273,0.4308,,33042a3e-5e8e-4375-b964-0fe2252e504c,legal
0002,0002_coder_small_case_a62,case_a627525fa9,coder_small,4,Could you tell me more about primary challenge?,4,corpus_4dcf69bf62d5,0.4252,,33042a3e-5e8e-4375-b964-0fe2252e504c,legal
0002,0002_coder_small_case_a62,case_a627525fa9,coder_small,4,Could you tell me more about primary challenge?,5,corpus_db9362e0b6cb,0.424,,33042a3e-5e8e-4375-b964-0fe2252e504c,legal
0002,0002_coder_small_case_a62,case_a627525fa9,coder_small,5,Could you tell me more about primary challenge?,1,corpus_9d2db1b0788c,0.4414,,33042a3e-5e8e-4375-b964-0fe2252e504c,legal
0002,0002_coder_small_case_a62,case_a627525fa9,coder_small,5,Could you tell me more about primary challenge?,2,corpus_96f9ac4f9031,0.4376,,33042a3e-5e8e-4375-b964-0fe2252e504c,legal
0002,0002_coder_small_case_a62,case_a627525fa9,coder_small,5,Could you tell me more about primary challenge?,3,corpus_d03a736a7273,0.4308,,33042a3e-5e8e-4375-b964-0fe2252e504c,legal
0002,0002_coder_small_case_a62,case_a627525fa9,coder_small,5,Could you tell me more about primary challenge?,4,corpus_4dcf69bf62d5,0.4252,,33042a3e-5e8e-4375-b964-0fe2252e504c,legal
0002,0002_coder_small_case_a62,case_a627525fa9,coder_small,5,Could you tell me more about primary challenge?,5,corpus_db9362e0b6cb,0.424,,33042a3e-5e8e-4375-b964-0fe2252e504c,legal
0002,0002_coder_small_case_a62,case_a627525fa9,coder_small,6,Could you tell me more about primary challenge?,1,corpus_9d2db1b0788c,0.4414,,33042a3e-5e8e-4375-b964-0fe2252e504c,legal
0002,0002_coder_small_case_a62,case_a627525fa9,coder_small,6,Could you tell me more about primary challenge?,2,corpus_96f9ac4f9031,0.4376,,33042a3e-5e8e-4375-b964-0fe2252e504c,legal
0002,0002_coder_small_case_a62,case_a627525fa9,coder_small,6,Could you tell me more about primary challenge?,3,corpus_d03a736a7273,0.4308,,33042a3e-5e8e-4375-b964-0fe2252e504c,legal
0002,0002_coder_small_case_a62,case_a627525fa9,coder_small,6,Could you tell me more about primary challenge?,4,corpus_4dcf69bf62d5,0.4252,,33042a3e-5e8e-4375-b964-0fe2252e504c,legal
0002,0002_coder_small_case_a62,case_a627525fa9,coder_small,6,Could you tell me more about primary challenge?,5,corpus_db9362e0b6cb,0.424,,33042a3e-5e8e-4375-b964-0fe2252e504c,legal
0002,0002_coder_small_case_a62,case_a627525fa9,coder_small,7,Could you tell me more about primary challenge?,1,corpus_9d2db1b0788c,0.4414,,33042a3e-5e8e-4375-b964-0fe2252e504c,legal
0002,0002_coder_small_case_a62,case_a627525fa9,coder_small,7,Could you tell me more about primary challenge?,2,corpus_96f9ac4f9031,0.4376,,33042a3e-5e8e-4375-b964-0fe2252e504c,legal
0002,0002_coder_small_case_a62,case_a627525fa9,coder_small,7,Could you tell me more about primary challenge?,3,corpus_d03a736a7273,0.4308,,33042a3e-5e8e-4375-b964-0fe2252e504c,legal
0002,0002_coder_small_case_a62,case_a627525fa9,coder_small,7,Could you tell me more about primary challenge?,4,corpus_4dcf69bf62d5,0.4252,,33042a3e-5e8e-4375-b964-0fe2252e504c,legal
0002,0002_coder_small_case_a62,case_a627525fa9,coder_small,7,Could you tell me more about primary challenge?,5,corpus_db9362e0b6cb,0.424,,33042a3e-5e8e-4375-b964-0fe2252e504c,legal
0002,0002_coder_small_case_a62,case_a627525fa9,coder_small,8,Could you tell me more about primary challenge?,1,corpus_9d2db1b0788c,0.4414,,33042a3e-5e8e-4375-b964-0fe2252e504c,legal
0002,0002_coder_small_case_a62,case_a627525fa9,coder_small,8,Could you tell me more about primary challenge?,2,corpus_96f9ac4f9031,0.4376,,33042a3e-5e8e-4375-b964-0fe2252e504c,legal
0002,0002_coder_small_case_a62,case_a627525fa9,coder_small,8,Could you tell me more about primary challenge?,3,corpus_d03a736a7273,0.4308,,33042a3e-5e8e-4375-b964-0fe2252e504c,legal
0002,0002_coder_small_case_a62,case_a627525fa9,coder_small,8,Could you tell me more about primary challenge?,4,corpus_4dcf69bf62d5,0.4252,,33042a3e-5e8e-4375-b964-0fe2252e504c,legal
0002,0002_coder_small_case_a62,case_a627525fa9,coder_small,8,Could you tell me more about primary challenge?,5,corpus_db9362e0b6cb,0.424,,33042a3e-5e8e-4375-b964-0fe2252e504c,legal
0002,0002_coder_small_case_a62,case_a627525fa9,coder_small,9,"What challenges does developing standardized templates and guidelines for marketing materials and thirdly, launching a comprehensive training program include workshops on Confluence usage and best pra",1,corpus_25d9678ca161,0.5652,,e23add42-dc9f-4b46-aa21-ac722ae16c36,retail
0002,0002_coder_small_case_a62,case_a627525fa9,coder_small,9,"What challenges does developing standardized templates and guidelines for marketing materials and thirdly, launching a comprehensive training program include workshops on Confluence usage and best pra",2,corpus_a3b9f7d6021d,0.546,,e23add42-dc9f-4b46-aa21-ac722ae16c36,retail
0002,0002_coder_small_case_a62,case_a627525fa9,coder_small,9,"What challenges does developing standardized templates and guidelines for marketing materials and thirdly, launching a comprehensive training program include workshops on Confluence usage and best pra",3,corpus_f29a271153e9,0.5373,,33042a3e-5e8e-4375-b964-0fe2252e504c,legal
0002,0002_coder_small_case_a62,case_a627525fa9,coder_small,9,"What challenges does developing standardized templates and guidelines for marketing materials and thirdly, launching a comprehensive training program include workshops on Confluence usage and best pra",4,corpus_edcf4f47eb6f,0.5332,,e23add42-dc9f-4b46-aa21-ac722ae16c36,retail
0002,0002_coder_small_case_a62,case_a627525fa9,coder_small,9,"What challenges does developing standardized templates and guidelines for marketing materials and thirdly, launching a comprehensive training program include workshops on Confluence usage and best pra",5,corpus_57e2df12f084,0.532,,33042a3e-5e8e-4375-b964-0fe2252e504c,legal
0002,0002_coder_small_case_a62,case_a627525fa9,coder_small,10,"{""question"": ""Could you tell me more about the root cause of the reduction of incorrect decisions in manufacturing and competition intensity in the past few years?",1,corpus_f1dbaf55f517,0.4564,,e23add42-dc9f-4b46-aa21-ac722ae16c36,retail
0002,0002_coder_small_case_a62,case_a627525fa9,coder_small,10,"{""question"": ""Could you tell me more about the root cause of the reduction of incorrect decisions in manufacturing and competition intensity in the past few years?",2,corpus_989cdbc88c17,0.455,,e23add42-dc9f-4b46-aa21-ac722ae16c36,retail
0002,0002_coder_small_case_a62,case_a627525fa9,coder_small,10,"{""question"": ""Could you tell me more about the root cause of the reduction of incorrect decisions in manufacturing and competition intensity in the past few years?",3,corpus_ac167edc04d3,0.4249,,33042a3e-5e8e-4375-b964-0fe2252e504c,legal
0002,0002_coder_small_case_a62,case_a627525fa9,coder_small,10,"{""question"": ""Could you tell me more about the root cause of the reduction of incorrect decisions in manufacturing and competition intensity in the past few years?",4,corpus_54e38e63b2d8,0.4186,,e23add42-dc9f-4b46-aa21-ac722ae16c36,retail
0002,0002_coder_small_case_a62,case_a627525fa9,coder_small,10,"{""question"": ""Could you tell me more about the root cause of the reduction of incorrect decisions in manufacturing and competition intensity in the past few years?",5,corpus_3e694f444105,0.4154,,33042a3e-5e8e-4375-b964-0fe2252e504c,legal
0002,0002_coder_small_case_a62,case_a627525fa9,coder_small,11,Could you tell me more about primary challenge?,1,corpus_9d2db1b0788c,0.4414,,33042a3e-5e8e-4375-b964-0fe2252e504c,legal
0002,0002_coder_small_case_a62,case_a627525fa9,coder_small,11,Could you tell me more about primary challenge?,2,corpus_96f9ac4f9031,0.4376,,33042a3e-5e8e-4375-b964-0fe2252e504c,legal
0002,0002_coder_small_case_a62,case_a627525fa9,coder_small,11,Could you tell me more about primary challenge?,3,corpus_d03a736a7273,0.4308,,33042a3e-5e8e-4375-b964-0fe2252e504c,legal
0002,0002_coder_small_case_a62,case_a627525fa9,coder_small,11,Could you tell me more about primary challenge?,4,corpus_4dcf69bf62d5,0.4252,,33042a3e-5e8e-4375-b964-0fe2252e504c,legal
0002,0002_coder_small_case_a62,case_a627525fa9,coder_small,11,Could you tell me more about primary challenge?,5,corpus_db9362e0b6cb,0.424,,33042a3e-5e8e-4375-b964-0fe2252e504c,legal
0002,0002_coder_small_case_a62,case_a627525fa9,coder_small,12,Could you tell me more about primary challenge?,1,corpus_9d2db1b0788c,0.4414,,33042a3e-5e8e-4375-b964-0fe2252e504c,legal
0002,0002_coder_small_case_a62,case_a627525fa9,coder_small,12,Could you tell me more about primary challenge?,2,corpus_96f9ac4f9031,0.4376,,33042a3e-5e8e-4375-b964-0fe2252e504c,legal
0002,0002_coder_small_case_a62,case_a627525fa9,coder_small,12,Could you tell me more about primary challenge?,3,corpus_d03a736a7273,0.4308,,33042a3e-5e8e-4375-b964-0fe2252e504c,legal
0002,0002_coder_small_case_a62,case_a627525fa9,coder_small,12,Could you tell me more about primary challenge?,4,corpus_4dcf69bf62d5,0.4252,,33042a3e-5e8e-4375-b964-0fe2252e504c,legal
0002,0002_coder_small_case_a62,case_a627525fa9,coder_small,12,Could you tell me more about primary challenge?,5,corpus_db9362e0b6cb,0.424,,33042a3e-5e8e-4375-b964-0fe2252e504c,legal
0002,0002_coder_small_case_a62,case_a627525fa9,coder_small,13,"Could you tell me more about primary challenge, the role of environmental dynamism and competition intensity in the past few years?",1,corpus_f1dbaf55f517,0.4564,,e23add42-dc9f-4b46-aa21-ac722ae16c36,retail
0002,0002_coder_small_case_a62,case_a627525fa9,coder_small,13,"Could you tell me more about primary challenge, the role of environmental dynamism and competition intensity in the past few years?",2,corpus_989cdbc88c17,0.455,,e23add42-dc9f-4b46-aa21-ac722ae16c36,retail
0002,0002_coder_small_case_a62,case_a627525fa9,coder_small,13,"Could you tell me more about primary challenge, the role of environmental dynamism and competition intensity in the past few years?",3,corpus_ac167edc04d3,0.4249,,33042a3e-5e8e-4375-b964-0fe2252e504c,legal
0002,0002_coder_small_case_a62,case_a627525fa9,coder_small,13,"Could you tell me more about primary challenge, the role of environmental dynamism and competition intensity in the past few years?",4,corpus_54e38e63b2d8,0.4186,,e23add42-dc9f-4b46-aa21-ac722ae16c36,retail
0002,0002_coder_small_case_a62,case_a627525fa9,coder_small,13,"Could you tell me more about primary challenge, the role of environmental dynamism and competition intensity in the past few years?",5,corpus_3e694f444105,0.4154,,33042a3e-5e8e-4375-b964-0fe2252e504c,legal
0002,0002_coder_small_case_a62,case_a627525fa9,coder_small,14,"Could you provide a detailed explanation of the role of environmental dynamism and competition intensity in the past few years, and how these factors influence how firms engage in decision-making proc",1,corpus_f1dbaf55f517,0.4564,,e23add42-dc9f-4b46-aa21-ac722ae16c36,retail
0002,0002_coder_small_case_a62,case_a627525fa9,coder_small,14,"Could you provide a detailed explanation of the role of environmental dynamism and competition intensity in the past few years, and how these factors influence how firms engage in decision-making proc",2,corpus_989cdbc88c17,0.455,,e23add42-dc9f-4b46-aa21-ac722ae16c36,retail
0002,0002_coder_small_case_a62,case_a627525fa9,coder_small,14,"Could you provide a detailed explanation of the role of environmental dynamism and competition intensity in the past few years, and how these factors influence how firms engage in decision-making proc",3,corpus_ac167edc04d3,0.4249,,33042a3e-5e8e-4375-b964-0fe2252e504c,legal
0002,0002_coder_small_case_a62,case_a627525fa9,coder_small,14,"Could you provide a detailed explanation of the role of environmental dynamism and competition intensity in the past few years, and how these factors influence how firms engage in decision-making proc",4,corpus_54e38e63b2d8,0.4186,,e23add42-dc9f-4b46-aa21-ac722ae16c36,retail
0002,0002_coder_small_case_a62,case_a627525fa9,coder_small,14,"Could you provide a detailed explanation of the role of environmental dynamism and competition intensity in the past few years, and how these factors influence how firms engage in decision-making proc",5,corpus_3e694f444105,0.4154,,33042a3e-5e8e-4375-b964-0fe2252e504c,legal
0002,0002_coder_small_case_8b2,case_8b29225c97,coder_small,1,Could you tell me more about domain area?,1,corpus_aac24ae0a7b4,0.5717,,33042a3e-5e8e-4375-b964-0fe2252e504c,legal
0002,0002_coder_small_case_8b2,case_8b29225c97,coder_small,1,Could you tell me more about domain area?,2,corpus_3e160cb0a1d2,0.5649,,33042a3e-5e8e-4375-b964-0fe2252e504c,legal
0002,0002_coder_small_case_8b2,case_8b29225c97,coder_small,1,Could you tell me more about domain area?,3,corpus_e634e990f73f,0.5647,,33042a3e-5e8e-4375-b964-0fe2252e504c,legal
0002,0002_coder_small_case_8b2,case_8b29225c97,coder_small,1,Could you tell me more about domain area?,4,corpus_d29ad5e339af,0.5512,,33042a3e-5e8e-4375-b964-0fe2252e504c,legal
0002,0002_coder_small_case_8b2,case_8b29225c97,coder_small,1,Could you tell me more about domain area?,5,corpus_611c7d18c7d3,0.5509,,33042a3e-5e8e-4375-b964-0fe2252e504c,legal
0002,0002_coder_small_case_8b2,case_8b29225c97,coder_small,2,Could you tell me more about domain area?,1,corpus_aac24ae0a7b4,0.5717,,33042a3e-5e8e-4375-b964-0fe2252e504c,legal
0002,0002_coder_small_case_8b2,case_8b29225c97,coder_small,2,Could you tell me more about domain area?,2,corpus_3e160cb0a1d2,0.5649,,33042a3e-5e8e-4375-b964-0fe2252e504c,legal
0002,0002_coder_small_case_8b2,case_8b29225c97,coder_small,2,Could you tell me more about domain area?,3,corpus_e634e990f73f,0.5647,,33042a3e-5e8e-4375-b964-0fe2252e504c,legal
0002,0002_coder_small_case_8b2,case_8b29225c97,coder_small,2,Could you tell me more about domain area?,4,corpus_d29ad5e339af,0.5512,,33042a3e-5e8e-4375-b964-0fe2252e504c,legal
0002,0002_coder_small_case_8b2,case_8b29225c97,coder_small,2,Could you tell me more about domain area?,5,corpus_611c7d18c7d3,0.5509,,33042a3e-5e8e-4375-b964-0fe2252e504c,legal
0002,0002_coder_small_case_8b2,case_8b29225c97,coder_small,3,Could you tell me more about domain area?,1,corpus_aac24ae0a7b4,0.5717,,33042a3e-5e8e-4375-b964-0fe2252e504c,legal
0002,0002_coder_small_case_8b2,case_8b29225c97,coder_small,3,Could you tell me more about domain area?,2,corpus_3e160cb0a1d2,0.5649,,33042a3e-5e8e-4375-b964-0fe2252e504c,legal
0002,0002_coder_small_case_8b2,case_8b29225c97,coder_small,3,Could you tell me more about domain area?,3,corpus_e634e990f73f,0.5647,,33042a3e-5e8e-4375-b964-0fe2252e504c,legal
0002,0002_coder_small_case_8b2,case_8b29225c97,coder_small,3,Could you tell me more about domain area?,4,corpus_d29ad5e339af,0.5512,,33042a3e-5e8e-4375-b964-0fe2252e504c,legal
0002,0002_coder_small_case_8b2,case_8b29225c97,coder_small,3,Could you tell me more about domain area?,5,corpus_611c7d18c7d3,0.5509,,33042a3e-5e8e-4375-b964-0fe2252e504c,legal
0002,0002_coder_small_case_8b2,case_8b29225c97,coder_small,4,Could you tell me more about domain area?,1,corpus_aac24ae0a7b4,0.5717,,33042a3e-5e8e-4375-b964-0fe2252e504c,legal
0002,0002_coder_small_case_8b2,case_8b29225c97,coder_small,4,Could you tell me more about domain area?,2,corpus_3e160cb0a1d2,0.5649,,33042a3e-5e8e-4375-b964-0fe2252e504c,legal
0002,0002_coder_small_case_8b2,case_8b29225c97,coder_small,4,Could you tell me more about domain area?,3,corpus_e634e990f73f,0.5647,,33042a3e-5e8e-4375-b964-0fe2252e504c,legal
0002,0002_coder_small_case_8b2,case_8b29225c97,coder_small,4,Could you tell me more about domain area?,4,corpus_d29ad5e339af,0.5512,,33042a3e-5e8e-4375-b964-0fe2252e504c,legal
0002,0002_coder_small_case_8b2,case_8b29225c97,coder_small,4,Could you tell me more about domain area?,5,corpus_611c7d18c7d3,0.5509,,33042a3e-5e8e-4375-b964-0fe2252e504c,legal
0002,0002_coder_small_case_8b2,case_8b29225c97,coder_small,5,Could you tell me more about domain area?,1,corpus_aac24ae0a7b4,0.5717,,33042a3e-5e8e-4375-b964-0fe2252e504c,legal
0002,0002_coder_small_case_8b2,case_8b29225c97,coder_small,5,Could you tell me more about domain area?,2,corpus_3e160cb0a1d2,0.5649,,33042a3e-5e8e-4375-b964-0fe2252e504c,legal
0002,0002_coder_small_case_8b2,case_8b29225c97,coder_small,5,Could you tell me more about domain area?,3,corpus_e634e990f73f,0.5647,,33042a3e-5e8e-4375-b964-0fe2252e504c,legal
0002,0002_coder_small_case_8b2,case_8b29225c97,coder_small,5,Could you tell me more about domain area?,4,corpus_d29ad5e339af,0.5512,,33042a3e-5e8e-4375-b964-0fe2252e504c,legal
0002,0002_coder_small_case_8b2,case_8b29225c97,coder_small,5,Could you tell me more about domain area?,5,corpus_611c7d18c7d3,0.5509,,33042a3e-5e8e-4375-b964-0fe2252e504c,legal
0002,0002_coder_small_case_8b2,case_8b29225c97,coder_small,6,Could you tell me more about domain area?,1,corpus_aac24ae0a7b4,0.5717,,33042a3e-5e8e-4375-b964-0fe2252e504c,legal
0002,0002_coder_small_case_8b2,case_8b29225c97,coder_small,6,Could you tell me more about domain area?,2,corpus_3e160cb0a1d2,0.5649,,33042a3e-5e8e-4375-b964-0fe2252e504c,legal
0002,0002_coder_small_case_8b2,case_8b29225c97,coder_small,6,Could you tell me more about domain area?,3,corpus_e634e990f73f,0.5647,,33042a3e-5e8e-4375-b964-0fe2252e504c,legal
0002,0002_coder_small_case_8b2,case_8b29225c97,coder_small,6,Could you tell me more about domain area?,4,corpus_d29ad5e339af,0.5512,,33042a3e-5e8e-4375-b964-0fe2252e504c,legal
0002,0002_coder_small_case_8b2,case_8b29225c97,coder_small,6,Could you tell me more about domain area?,5,corpus_611c7d18c7d3,0.5509,,33042a3e-5e8e-4375-b964-0fe2252e504c,legal
0002,0002_coder_small_case_8b2,case_8b29225c97,coder_small,7,Could you tell me more about domain area?,1,corpus_aac24ae0a7b4,0.5717,,33042a3e-5e8e-4375-b964-0fe2252e504c,legal
0002,0002_coder_small_case_8b2,case_8b29225c97,coder_small,7,Could you tell me more about domain area?,2,corpus_3e160cb0a1d2,0.5649,,33042a3e-5e8e-4375-b964-0fe2252e504c,legal
0002,0002_coder_small_case_8b2,case_8b29225c97,coder_small,7,Could you tell me more about domain area?,3,corpus_e634e990f73f,0.5647,,33042a3e-5e8e-4375-b964-0fe2252e504c,legal
0002,0002_coder_small_case_8b2,case_8b29225c97,coder_small,7,Could you tell me more about domain area?,4,corpus_d29ad5e339af,0.5512,,33042a3e-5e8e-4375-b964-0fe2252e504c,legal
0002,0002_coder_small_case_8b2,case_8b29225c97,coder_small,7,Could you tell me more about domain area?,5,corpus_611c7d18c7d3,0.5509,,33042a3e-5e8e-4375-b964-0fe2252e504c,legal
0002,0002_coder_small_case_8b2,case_8b29225c97,coder_small,8,What was the primary challenge faced in crossdepartmental knowledge transfer within the IT department? This problem requires understanding the impact of siloed SharePoint instances and the AIpowered s,1,corpus_4b47604ce9b7,0.6411,,33042a3e-5e8e-4375-b964-0fe2252e504c,legal
0002,0002_coder_small_case_8b2,case_8b29225c97,coder_small,8,What was the primary challenge faced in crossdepartmental knowledge transfer within the IT department? This problem requires understanding the impact of siloed SharePoint instances and the AIpowered s,2,corpus_f3266ad28daf,0.6279,,33042a3e-5e8e-4375-b964-0fe2252e504c,legal
0002,0002_coder_small_case_8b2,case_8b29225c97,coder_small,8,What was the primary challenge faced in crossdepartmental knowledge transfer within the IT department? This problem requires understanding the impact of siloed SharePoint instances and the AIpowered s,3,corpus_3cff9ce2ea6e,0.6085,,33042a3e-5e8e-4375-b964-0fe2252e504c,legal
0002,0002_coder_small_case_8b2,case_8b29225c97,coder_small,8,What was the primary challenge faced in crossdepartmental knowledge transfer within the IT department? This problem requires understanding the impact of siloed SharePoint instances and the AIpowered s,4,corpus_aac24ae0a7b4,0.6071,,33042a3e-5e8e-4375-b964-0fe2252e504c,legal
0002,0002_coder_small_case_8b2,case_8b29225c97,coder_small,8,What was the primary challenge faced in crossdepartmental knowledge transfer within the IT department? This problem requires understanding the impact of siloed SharePoint instances and the AIpowered s,5,corpus_b28a48c34168,0.6063,,33042a3e-5e8e-4375-b964-0fe2252e504c,legal
0002,0002_coder_small_case_8b2,case_8b29225c97,coder_small,9,What was the primary challenge faced in crossdepartmental knowledge transfer within the IT department? This problem requires understanding the impact of siloed SharePoint instances and the AIpowered s,1,corpus_4b47604ce9b7,0.6411,,33042a3e-5e8e-4375-b964-0fe2252e504c,legal
0002,0002_coder_small_case_8b2,case_8b29225c97,coder_small,9,What was the primary challenge faced in crossdepartmental knowledge transfer within the IT department? This problem requires understanding the impact of siloed SharePoint instances and the AIpowered s,2,corpus_f3266ad28daf,0.6279,,33042a3e-5e8e-4375-b964-0fe2252e504c,legal
0002,0002_coder_small_case_8b2,case_8b29225c97,coder_small,9,What was the primary challenge faced in crossdepartmental knowledge transfer within the IT department? This problem requires understanding the impact of siloed SharePoint instances and the AIpowered s,3,corpus_3cff9ce2ea6e,0.6085,,33042a3e-5e8e-4375-b964-0fe2252e504c,legal
0002,0002_coder_small_case_8b2,case_8b29225c97,coder_small,9,What was the primary challenge faced in crossdepartmental knowledge transfer within the IT department? This problem requires understanding the impact of siloed SharePoint instances and the AIpowered s,4,corpus_aac24ae0a7b4,0.6071,,33042a3e-5e8e-4375-b964-0fe2252e504c,legal
0002,0002_coder_small_case_8b2,case_8b29225c97,coder_small,9,What was the primary challenge faced in crossdepartmental knowledge transfer within the IT department? This problem requires understanding the impact of siloed SharePoint instances and the AIpowered s,5,corpus_b28a48c34168,0.6063,,33042a3e-5e8e-4375-b964-0fe2252e504c,legal
0002,0002_coder_small_case_8b2,case_8b29225c97,coder_small,10,What was the primary challenge faced in crossdepartmental knowledge transfer within the IT department?,1,corpus_f3266ad28daf,0.5702,,33042a3e-5e8e-4375-b964-0fe2252e504c,legal
0002,0002_coder_small_case_8b2,case_8b29225c97,coder_small,10,What was the primary challenge faced in crossdepartmental knowledge transfer within the IT department?,2,corpus_4b47604ce9b7,0.5702,,33042a3e-5e8e-4375-b964-0fe2252e504c,legal
0002,0002_coder_small_case_8b2,case_8b29225c97,coder_small,10,What was the primary challenge faced in crossdepartmental knowledge transfer within the IT department?,3,corpus_4dcf69bf62d5,0.5565,,33042a3e-5e8e-4375-b964-0fe2252e504c,legal
0002,0002_coder_small_case_8b2,case_8b29225c97,coder_small,10,What was the primary challenge faced in crossdepartmental knowledge transfer within the IT department?,4,corpus_c82afd41f260,0.5412,,33042a3e-5e8e-4375-b964-0fe2252e504c,legal
0002,0002_coder_small_case_8b2,case_8b29225c97,coder_small,10,What was the primary challenge faced in crossdepartmental knowledge transfer within the IT department?,5,corpus_b36b5568aa4c,0.5401,,33042a3e-5e8e-4375-b964-0fe2252e504c,legal
0002,0002_coder_small_case_8b2,case_8b29225c97,coder_small,11,What was the primary challenge faced in crossdepartmental knowledge transfer within the IT department? This problem requires understanding the impact of siloed SharePoint instances and the AIpowered s,1,corpus_4b47604ce9b7,0.6411,,33042a3e-5e8e-4375-b964-0fe2252e504c,legal
0002,0002_coder_small_case_8b2,case_8b29225c97,coder_small,11,What was the primary challenge faced in crossdepartmental knowledge transfer within the IT department? This problem requires understanding the impact of siloed SharePoint instances and the AIpowered s,2,corpus_f3266ad28daf,0.6279,,33042a3e-5e8e-4375-b964-0fe2252e504c,legal
0002,0002_coder_small_case_8b2,case_8b29225c97,coder_small,11,What was the primary challenge faced in crossdepartmental knowledge transfer within the IT department? This problem requires understanding the impact of siloed SharePoint instances and the AIpowered s,3,corpus_3cff9ce2ea6e,0.6085,,33042a3e-5e8e-4375-b964-0fe2252e504c,legal
0002,0002_coder_small_case_8b2,case_8b29225c97,coder_small,11,What was the primary challenge faced in crossdepartmental knowledge transfer within the IT department? This problem requires understanding the impact of siloed SharePoint instances and the AIpowered s,4,corpus_aac24ae0a7b4,0.6071,,33042a3e-5e8e-4375-b964-0fe2252e504c,legal
0002,0002_coder_small_case_8b2,case_8b29225c97,coder_small,11,What was the primary challenge faced in crossdepartmental knowledge transfer within the IT department? This problem requires understanding the impact of siloed SharePoint instances and the AIpowered s,5,corpus_b28a48c34168,0.6063,,33042a3e-5e8e-4375-b964-0fe2252e504c,legal
0002,0002_coder_small_case_8b2,case_8b29225c97,coder_small,12,Could you tell me more about primary challenge?,1,corpus_76e7114db21a,0.5433,,33042a3e-5e8e-4375-b964-0fe2252e504c,legal
0002,0002_coder_small_case_8b2,case_8b29225c97,coder_small,12,Could you tell me more about primary challenge?,2,corpus_296f0c49df07,0.5415,,33042a3e-5e8e-4375-b964-0fe2252e504c,legal
0002,0002_coder_small_case_8b2,case_8b29225c97,coder_small,12,Could you tell me more about primary challenge?,3,corpus_7d50834d4b2a,0.5339,,af4b9da3-16de-4510-a1cb-2a32e101c884,healthcare
0002,0002_coder_small_case_8b2,case_8b29225c97,coder_small,12,Could you tell me more about primary challenge?,4,corpus_e6d0bcbf3b07,0.5228,,af4b9da3-16de-4510-a1cb-2a32e101c884,healthcare
0002,0002_coder_small_case_8b2,case_8b29225c97,coder_small,12,Could you tell me more about primary challenge?,5,corpus_5b168d44f690,0.5199,,33042a3e-5e8e-4375-b964-0fe2252e504c,legal
0002,0002_coder_small_case_8b2,case_8b29225c97,coder_small,13,What was the primary challenge faced in crossdepartmental knowledge transfer within the IT department?,1,corpus_f3266ad28daf,0.5702,,33042a3e-5e8e-4375-b964-0fe2252e504c,legal
0002,0002_coder_small_case_8b2,case_8b29225c97,coder_small,13,What was the primary challenge faced in crossdepartmental knowledge transfer within the IT department?,2,corpus_4b47604ce9b7,0.5702,,33042a3e-5e8e-4375-b964-0fe2252e504c,legal
0002,0002_coder_small_case_8b2,case_8b29225c97,coder_small,13,What was the primary challenge faced in crossdepartmental knowledge transfer within the IT department?,3,corpus_4dcf69bf62d5,0.5565,,33042a3e-5e8e-4375-b964-0fe2252e504c,legal
0002,0002_coder_small_case_8b2,case_8b29225c97,coder_small,13,What was the primary challenge faced in crossdepartmental knowledge transfer within the IT department?,4,corpus_c82afd41f260,0.5412,,33042a3e-5e8e-4375-b964-0fe2252e504c,legal
0002,0002_coder_small_case_8b2,case_8b29225c97,coder_small,13,What was the primary challenge faced in crossdepartmental knowledge transfer within the IT department?,5,corpus_b36b5568aa4c,0.5401,,33042a3e-5e8e-4375-b964-0fe2252e504c,legal
0002,0002_coder_small_case_8b2,case_8b29225c97,coder_small,14,What was the primary challenge faced in crossdepartmental knowledge transfer within the IT department? This problem requires understanding the impact of siloed SharePoint instances and the AIpowered s,1,corpus_f3266ad28daf,0.5702,,33042a3e-5e8e-4375-b964-0fe2252e504c,legal
0002,0002_coder_small_case_8b2,case_8b29225c97,coder_small,14,What was the primary challenge faced in crossdepartmental knowledge transfer within the IT department? This problem requires understanding the impact of siloed SharePoint instances and the AIpowered s,2,corpus_4b47604ce9b7,0.5702,,33042a3e-5e8e-4375-b964-0fe2252e504c,legal
0002,0002_coder_small_case_8b2,case_8b29225c97,coder_small,14,What was the primary challenge faced in crossdepartmental knowledge transfer within the IT department? This problem requires understanding the impact of siloed SharePoint instances and the AIpowered s,3,corpus_4dcf69bf62d5,0.5565,,33042a3e-5e8e-4375-b964-0fe2252e504c,legal
0002,0002_coder_small_case_8b2,case_8b29225c97,coder_small,14,What was the primary challenge faced in crossdepartmental knowledge transfer within the IT department? This problem requires understanding the impact of siloed SharePoint instances and the AIpowered s,4,corpus_c82afd41f260,0.5412,,33042a3e-5e8e-4375-b964-0fe2252e504c,legal
0002,0002_coder_small_case_8b2,case_8b29225c97,coder_small,14,What was the primary challenge faced in crossdepartmental knowledge transfer within the IT department? This problem requires understanding the impact of siloed SharePoint instances and the AIpowered s,5,corpus_b36b5568aa4c,0.5401,,33042a3e-5e8e-4375-b964-0fe2252e504c,legal
0002,0002_coder_small_case_a62,case_a627525fa9,coder_small,1,"What significant project has you faced recently that has impacted your team's knowledge protection efforts, and how was it motivated by the lack of adequate knowledge?",1,corpus_f1dbaf55f517,0.6606,,e23add42-dc9f-4b46-aa21-ac722ae16c36,retail
0002,0002_coder_small_case_a62,case_a627525fa9,coder_small,1,"What significant project has you faced recently that has impacted your team's knowledge protection efforts, and how was it motivated by the lack of adequate knowledge?",2,corpus_989cdbc88c17,0.5591,,e23add42-dc9f-4b46-aa21-ac722ae16c36,retail
0002,0002_coder_small_case_a62,case_a627525fa9,coder_small,1,"What significant project has you faced recently that has impacted your team's knowledge protection efforts, and how was it motivated by the lack of adequate knowledge?",3,corpus_54e38e63b2d8,0.5438,,e23add42-dc9f-4b46-aa21-ac722ae16c36,retail
0002,0002_coder_small_case_a62,case_a627525fa9,coder_small,1,"What significant project has you faced recently that has impacted your team's knowledge protection efforts, and how was it motivated by the lack of adequate knowledge?",4,corpus_3e694f444105,0.5006,,33042a3e-5e8e-4375-b964-0fe2252e504c,legal
0002,0002_coder_small_case_a62,case_a627525fa9,coder_small,1,"What significant project has you faced recently that has impacted your team's knowledge protection efforts, and how was it motivated by the lack of adequate knowledge?",5,corpus_9d5e2ec4aecd,0.4997,,e23add42-dc9f-4b46-aa21-ac722ae16c36,retail
0002,0002_coder_small_case_a62,case_a627525fa9,coder_small,2,"How did the lack of adequate knowledge in the field of a specific technology or issue impact your team's knowledge protection efforts, and what was the initial motivation for the lack of such knowledg",1,corpus_ba441bd4fa1c,0.5261,,e23add42-dc9f-4b46-aa21-ac722ae16c36,retail
0002,0002_coder_small_case_a62,case_a627525fa9,coder_small,2,"How did the lack of adequate knowledge in the field of a specific technology or issue impact your team's knowledge protection efforts, and what was the initial motivation for the lack of such knowledg",2,corpus_9d5e2ec4aecd,0.5146,,e23add42-dc9f-4b46-aa21-ac722ae16c36,retail
0002,0002_coder_small_case_a62,case_a627525fa9,coder_small,2,"How did the lack of adequate knowledge in the field of a specific technology or issue impact your team's knowledge protection efforts, and what was the initial motivation for the lack of such knowledg",3,corpus_301acd6056e1,0.4921,,e23add42-dc9f-4b46-aa21-ac722ae16c36,retail
0002,0002_coder_small_case_a62,case_a627525fa9,coder_small,2,"How did the lack of adequate knowledge in the field of a specific technology or issue impact your team's knowledge protection efforts, and what was the initial motivation for the lack of such knowledg",4,corpus_25d9678ca161,0.4876,,e23add42-dc9f-4b46-aa21-ac722ae16c36,retail
0002,0002_coder_small_case_a62,case_a627525fa9,coder_small,2,"How did the lack of adequate knowledge in the field of a specific technology or issue impact your team's knowledge protection efforts, and what was the initial motivation for the lack of such knowledg",5,corpus_edcf4f47eb6f,0.4829,,e23add42-dc9f-4b46-aa21-ac722ae16c36,retail
0002,0002_coder_small_case_a62,case_a627525fa9,coder_small,3,"What significant project has you faced recently that has impacted your team's knowledge protection efforts, and how was it motivated by the lack of adequate knowledge?",1,corpus_f1dbaf55f517,0.6606,,e23add42-dc9f-4b46-aa21-ac722ae16c36,retail
0002,0002_coder_small_case_a62,case_a627525fa9,coder_small,3,"What significant project has you faced recently that has impacted your team's knowledge protection efforts, and how was it motivated by the lack of adequate knowledge?",2,corpus_989cdbc88c17,0.5591,,e23add42-dc9f-4b46-aa21-ac722ae16c36,retail
0002,0002_coder_small_case_a62,case_a627525fa9,coder_small,3,"What significant project has you faced recently that has impacted your team's knowledge protection efforts, and how was it motivated by the lack of adequate knowledge?",3,corpus_54e38e63b2d8,0.5438,,e23add42-dc9f-4b46-aa21-ac722ae16c36,retail
0002,0002_coder_small_case_a62,case_a627525fa9,coder_small,3,"What significant project has you faced recently that has impacted your team's knowledge protection efforts, and how was it motivated by the lack of adequate knowledge?",4,corpus_3e694f444105,0.5006,,33042a3e-5e8e-4375-b964-0fe2252e504c,legal
0002,0002_coder_small_case_a62,case_a627525fa9,coder_small,3,"What significant project has you faced recently that has impacted your team's knowledge protection efforts, and how was it motivated by the lack of adequate knowledge?",5,corpus_9d5e2ec4aecd,0.4997,,e23add42-dc9f-4b46-aa21-ac722ae16c36,retail
0002,0002_coder_small_case_a62,case_a627525fa9,coder_small,4,Could you tell me more about primary challenge?,1,corpus_9d2db1b0788c,0.4414,,33042a3e-5e8e-4375-b964-0fe2252e504c,legal
0002,0002_coder_small_case_a62,case_a627525fa9,coder_small,4,Could you tell me more about primary challenge?,2,corpus_96f9ac4f9031,0.4376,,33042a3e-5e8e-4375-b964-0fe2252e504c,legal
0002,0002_coder_small_case_a62,case_a627525fa9,coder_small,4,Could you tell me more about primary challenge?,3,corpus_d03a736a7273,0.4308,,33042a3e-5e8e-4375-b964-0fe2252e504c,legal
0002,0002_coder_small_case_a62,case_a627525fa9,coder_small,4,Could you tell me more about primary challenge?,4,corpus_4dcf69bf62d5,0.4252,,33042a3e-5e8e-4375-b964-0fe2252e504c,legal
0002,0002_coder_small_case_a62,case_a627525fa9,coder_small,4,Could you tell me more about primary challenge?,5,corpus_db9362e0b6cb,0.424,,33042a3e-5e8e-4375-b964-0fe2252e504c,legal
0002,0002_coder_small_case_a62,case_a627525fa9,coder_small,5,"What significant project has you faced recently that has impacted your team's knowledge protection efforts, and how was it motivated by the lack of adequate knowledge?",1,corpus_f1dbaf55f517,0.6606,,e23add42-dc9f-4b46-aa21-ac722ae16c36,retail
0002,0002_coder_small_case_a62,case_a627525fa9,coder_small,5,"What significant project has you faced recently that has impacted your team's knowledge protection efforts, and how was it motivated by the lack of adequate knowledge?",2,corpus_989cdbc88c17,0.5591,,e23add42-dc9f-4b46-aa21-ac722ae16c36,retail
0002,0002_coder_small_case_a62,case_a627525fa9,coder_small,5,"What significant project has you faced recently that has impacted your team's knowledge protection efforts, and how was it motivated by the lack of adequate knowledge?",3,corpus_54e38e63b2d8,0.5438,,e23add42-dc9f-4b46-aa21-ac722ae16c36,retail
0002,0002_coder_small_case_a62,case_a627525fa9,coder_small,5,"What significant project has you faced recently that has impacted your team's knowledge protection efforts, and how was it motivated by the lack of adequate knowledge?",4,corpus_3e694f444105,0.5006,,33042a3e-5e8e-4375-b964-0fe2252e504c,legal
0002,0002_coder_small_case_a62,case_a627525fa9,coder_small,5,"What significant project has you faced recently that has impacted your team's knowledge protection efforts, and how was it motivated by the lack of adequate knowledge?",5,corpus_9d5e2ec4aecd,0.4997,,e23add42-dc9f-4b46-aa21-ac722ae16c36,retail
0002,0002_coder_small_case_a62,case_a627525fa9,coder_small,6,"What significant project has you faced recently that has impacted your team's knowledge protection efforts, and how was it motivated by the lack of adequate knowledge?",1,corpus_f1dbaf55f517,0.6606,,e23add42-dc9f-4b46-aa21-ac722ae16c36,retail
0002,0002_coder_small_case_a62,case_a627525fa9,coder_small,6,"What significant project has you faced recently that has impacted your team's knowledge protection efforts, and how was it motivated by the lack of adequate knowledge?",2,corpus_989cdbc88c17,0.5591,,e23add42-dc9f-4b46-aa21-ac722ae16c36,retail
0002,0002_coder_small_case_a62,case_a627525fa9,coder_small,6,"What significant project has you faced recently that has impacted your team's knowledge protection efforts, and how was it motivated by the lack of adequate knowledge?",3,corpus_54e38e63b2d8,0.5438,,e23add42-dc9f-4b46-aa21-ac722ae16c36,retail
0002,0002_coder_small_case_a62,case_a627525fa9,coder_small,6,"What significant project has you faced recently that has impacted your team's knowledge protection efforts, and how was it motivated by the lack of adequate knowledge?",4,corpus_3e694f444105,0.5006,,33042a3e-5e8e-4375-b964-0fe2252e504c,legal
0002,0002_coder_small_case_a62,case_a627525fa9,coder_small,6,"What significant project has you faced recently that has impacted your team's knowledge protection efforts, and how was it motivated by the lack of adequate knowledge?",5,corpus_9d5e2ec4aecd,0.4997,,e23add42-dc9f-4b46-aa21-ac722ae16c36,retail
0002,0002_coder_small_case_a62,case_a627525fa9,coder_small,7,Could you tell me more about primary challenge?,1,corpus_9d2db1b0788c,0.4414,,33042a3e-5e8e-4375-b964-0fe2252e504c,legal
0002,0002_coder_small_case_a62,case_a627525fa9,coder_small,7,Could you tell me more about primary challenge?,2,corpus_96f9ac4f9031,0.4376,,33042a3e-5e8e-4375-b964-0fe2252e504c,legal
0002,0002_coder_small_case_a62,case_a627525fa9,coder_small,7,Could you tell me more about primary challenge?,3,corpus_d03a736a7273,0.4308,,33042a3e-5e8e-4375-b964-0fe2252e504c,legal
0002,0002_coder_small_case_a62,case_a627525fa9,coder_small,7,Could you tell me more about primary challenge?,4,corpus_4dcf69bf62d5,0.4252,,33042a3e-5e8e-4375-b964-0fe2252e504c,legal
0002,0002_coder_small_case_a62,case_a627525fa9,coder_small,7,Could you tell me more about primary challenge?,5,corpus_db9362e0b6cb,0.424,,33042a3e-5e8e-4375-b964-0fe2252e504c,legal
0002,0002_coder_small_case_a62,case_a627525fa9,coder_small,8,"What significant project has you faced recently that has impacted your team's knowledge protection efforts, and how was it motivated by the lack of adequate knowledge?",1,corpus_f1dbaf55f517,0.6606,,e23add42-dc9f-4b46-aa21-ac722ae16c36,retail
0002,0002_coder_small_case_a62,case_a627525fa9,coder_small,8,"What significant project has you faced recently that has impacted your team's knowledge protection efforts, and how was it motivated by the lack of adequate knowledge?",2,corpus_989cdbc88c17,0.5591,,e23add42-dc9f-4b46-aa21-ac722ae16c36,retail
0002,0002_coder_small_case_a62,case_a627525fa9,coder_small,8,"What significant project has you faced recently that has impacted your team's knowledge protection efforts, and how was it motivated by the lack of adequate knowledge?",3,corpus_54e38e63b2d8,0.5438,,e23add42-dc9f-4b46-aa21-ac722ae16c36,retail
0002,0002_coder_small_case_a62,case_a627525fa9,coder_small,8,"What significant project has you faced recently that has impacted your team's knowledge protection efforts, and how was it motivated by the lack of adequate knowledge?",4,corpus_3e694f444105,0.5006,,33042a3e-5e8e-4375-b964-0fe2252e504c,legal
0002,0002_coder_small_case_a62,case_a627525fa9,coder_small,8,"What significant project has you faced recently that has impacted your team's knowledge protection efforts, and how was it motivated by the lack of adequate knowledge?",5,corpus_9d5e2ec4aecd,0.4997,,e23add42-dc9f-4b46-aa21-ac722ae16c36,retail
0002,0002_coder_small_case_a62,case_a627525fa9,coder_small,9,Could you tell me more about primary challenge?,1,corpus_9d2db1b0788c,0.4414,,33042a3e-5e8e-4375-b964-0fe2252e504c,legal
0002,0002_coder_small_case_a62,case_a627525fa9,coder_small,9,Could you tell me more about primary challenge?,2,corpus_96f9ac4f9031,0.4376,,33042a3e-5e8e-4375-b964-0fe2252e504c,legal
0002,0002_coder_small_case_a62,case_a627525fa9,coder_small,9,Could you tell me more about primary challenge?,3,corpus_d03a736a7273,0.4308,,33042a3e-5e8e-4375-b964-0fe2252e504c,legal
0002,0002_coder_small_case_a62,case_a627525fa9,coder_small,9,Could you tell me more about primary challenge?,4,corpus_4dcf69bf62d5,0.4252,,33042a3e-5e8e-4375-b964-0fe2252e504c,legal
0002,0002_coder_small_case_a62,case_a627525fa9,coder_small,9,Could you tell me more about primary challenge?,5,corpus_db9362e0b6cb,0.424,,33042a3e-5e8e-4375-b964-0fe2252e504c,legal
0002,0002_coder_small_case_a62,case_a627525fa9,coder_small,10,Could you tell me more about primary challenge?,1,corpus_9d2db1b0788c,0.4414,,33042a3e-5e8e-4375-b964-0fe2252e504c,legal
0002,0002_coder_small_case_a62,case_a627525fa9,coder_small,10,Could you tell me more about primary challenge?,2,corpus_96f9ac4f9031,0.4376,,33042a3e-5e8e-4375-b964-0fe2252e504c,legal
0002,0002_coder_small_case_a62,case_a627525fa9,coder_small,10,Could you tell me more about primary challenge?,3,corpus_d03a736a7273,0.4308,,33042a3e-5e8e-4375-b964-0fe2252e504c,legal
0002,0002_coder_small_case_a62,case_a627525fa9,coder_small,10,Could you tell me more about primary challenge?,4,corpus_4dcf69bf62d5,0.4252,,33042a3e-5e8e-4375-b964-0fe2252e504c,legal
0002,0002_coder_small_case_a62,case_a627525fa9,coder_small,10,Could you tell me more about primary challenge?,5,corpus_db9362e0b6cb,0.424,,33042a3e-5e8e-4375-b964-0fe2252e504c,legal
0002,0002_coder_small_case_a62,case_a627525fa9,coder_small,11,"Could you give me more specific information about the project that has been cited as one of the primary challenges in your team's knowledge protection efforts, and how was the lack of adequate knowled",1,corpus_972dc4d8c499,0.5793,,33042a3e-5e8e-4375-b964-0fe2252e504c,legal
0002,0002_coder_small_case_a62,case_a627525fa9,coder_small,11,"Could you give me more specific information about the project that has been cited as one of the primary challenges in your team's knowledge protection efforts, and how was the lack of adequate knowled",2,corpus_a3b9f7d6021d,0.5791,,e23add42-dc9f-4b46-aa21-ac722ae16c36,retail
0002,0002_coder_small_case_a62,case_a627525fa9,coder_small,11,"Could you give me more specific information about the project that has been cited as one of the primary challenges in your team's knowledge protection efforts, and how was the lack of adequate knowled",3,corpus_dd46ff047548,0.5606,,33042a3e-5e8e-4375-b964-0fe2252e504c,legal
0002,0002_coder_small_case_a62,case_a627525fa9,coder_small,11,"Could you give me more specific information about the project that has been cited as one of the primary challenges in your team's knowledge protection efforts, and how was the lack of adequate knowled",4,corpus_023876f89100,0.5585,,33042a3e-5e8e-4375-b964-0fe2252e504c,legal
0002,0002_coder_small_case_a62,case_a627525fa9,coder_small,11,"Could you give me more specific information about the project that has been cited as one of the primary challenges in your team's knowledge protection efforts, and how was the lack of adequate knowled",5,corpus_d29ad5e339af,0.5559,,33042a3e-5e8e-4375-b964-0fe2252e504c,legal
0002,0002_coder_small_case_a62,case_a627525fa9,coder_small,12,Could you tell me more about primary challenge?,1,corpus_9d2db1b0788c,0.4414,,33042a3e-5e8e-4375-b964-0fe2252e504c,legal
0002,0002_coder_small_case_a62,case_a627525fa9,coder_small,12,Could you tell me more about primary challenge?,2,corpus_96f9ac4f9031,0.4376,,33042a3e-5e8e-4375-b964-0fe2252e504c,legal
0002,0002_coder_small_case_a62,case_a627525fa9,coder_small,12,Could you tell me more about primary challenge?,3,corpus_d03a736a7273,0.4308,,33042a3e-5e8e-4375-b964-0fe2252e504c,legal
0002,0002_coder_small_case_a62,case_a627525fa9,coder_small,12,Could you tell me more about primary challenge?,4,corpus_4dcf69bf62d5,0.4252,,33042a3e-5e8e-4375-b964-0fe2252e504c,legal
0002,0002_coder_small_case_a62,case_a627525fa9,coder_small,12,Could you tell me more about primary challenge?,5,corpus_db9362e0b6cb,0.424,,33042a3e-5e8e-4375-b964-0fe2252e504c,legal
0002,0002_coder_small_case_a62,case_a627525fa9,coder_small,13,Could you tell me more about primary challenge?,1,corpus_9d2db1b0788c,0.4414,,33042a3e-5e8e-4375-b964-0fe2252e504c,legal
0002,0002_coder_small_case_a62,case_a627525fa9,coder_small,13,Could you tell me more about primary challenge?,2,corpus_96f9ac4f9031,0.4376,,33042a3e-5e8e-4375-b964-0fe2252e504c,legal
0002,0002_coder_small_case_a62,case_a627525fa9,coder_small,13,Could you tell me more about primary challenge?,3,corpus_d03a736a7273,0.4308,,33042a3e-5e8e-4375-b964-0fe2252e504c,legal
0002,0002_coder_small_case_a62,case_a627525fa9,coder_small,13,Could you tell me more about primary challenge?,4,corpus_4dcf69bf62d5,0.4252,,33042a3e-5e8e-4375-b964-0fe2252e504c,legal
0002,0002_coder_small_case_a62,case_a627525fa9,coder_small,13,Could you tell me more about primary challenge?,5,corpus_db9362e0b6cb,0.424,,33042a3e-5e8e-4375-b964-0fe2252e504c,legal
0002,0002_coder_small_case_a62,case_a627525fa9,coder_small,14,Could you tell me more about primary challenge?,1,corpus_9d2db1b0788c,0.4414,,33042a3e-5e8e-4375-b964-0fe2252e504c,legal
0002,0002_coder_small_case_a62,case_a627525fa9,coder_small,14,Could you tell me more about primary challenge?,2,corpus_96f9ac4f9031,0.4376,,33042a3e-5e8e-4375-b964-0fe2252e504c,legal
0002,0002_coder_small_case_a62,case_a627525fa9,coder_small,14,Could you tell me more about primary challenge?,3,corpus_d03a736a7273,0.4308,,33042a3e-5e8e-4375-b964-0fe2252e504c,legal
0002,0002_coder_small_case_a62,case_a627525fa9,coder_small,14,Could you tell me more about primary challenge?,4,corpus_4dcf69bf62d5,0.4252,,33042a3e-5e8e-4375-b964-0fe2252e504c,legal
0002,0002_coder_small_case_a62,case_a627525fa9,coder_small,14,Could you tell me more about primary challenge?,5,corpus_db9362e0b6cb,0.424,,33042a3e-5e8e-4375-b964-0fe2252e504c,legal
0002,0002_coder_small_case_a62,case_a627525fa9,coder_small,1,Could you tell me more about domain area?,1,corpus_9d2db1b0788c,0.4414,,33042a3e-5e8e-4375-b964-0fe2252e504c,legal
0002,0002_coder_small_case_a62,case_a627525fa9,coder_small,1,Could you tell me more about domain area?,2,corpus_96f9ac4f9031,0.4376,,33042a3e-5e8e-4375-b964-0fe2252e504c,legal
0002,0002_coder_small_case_a62,case_a627525fa9,coder_small,1,Could you tell me more about domain area?,3,corpus_d03a736a7273,0.4308,,33042a3e-5e8e-4375-b964-0fe2252e504c,legal
0002,0002_coder_small_case_a62,case_a627525fa9,coder_small,1,Could you tell me more about domain area?,4,corpus_4dcf69bf62d5,0.4252,,33042a3e-5e8e-4375-b964-0fe2252e504c,legal
0002,0002_coder_small_case_a62,case_a627525fa9,coder_small,1,Could you tell me more about domain area?,5,corpus_db9362e0b6cb,0.424,,33042a3e-5e8e-4375-b964-0fe2252e504c,legal
0002,0002_coder_small_case_a62,case_a627525fa9,coder_small,2,Could you provide an example of a domain area where misappropriation has been a significant problem and how this has been resolved?,1,corpus_f1dbaf55f517,0.6658,,e23add42-dc9f-4b46-aa21-ac722ae16c36,retail
0002,0002_coder_small_case_a62,case_a627525fa9,coder_small,2,Could you provide an example of a domain area where misappropriation has been a significant problem and how this has been resolved?,2,corpus_989cdbc88c17,0.5346,,e23add42-dc9f-4b46-aa21-ac722ae16c36,retail
0002,0002_coder_small_case_a62,case_a627525fa9,coder_small,2,Could you provide an example of a domain area where misappropriation has been a significant problem and how this has been resolved?,3,corpus_9d5e2ec4aecd,0.4864,,e23add42-dc9f-4b46-aa21-ac722ae16c36,retail
0002,0002_coder_small_case_a62,case_a627525fa9,coder_small,2,Could you provide an example of a domain area where misappropriation has been a significant problem and how this has been resolved?,4,corpus_54e38e63b2d8,0.4836,,e23add42-dc9f-4b46-aa21-ac722ae16c36,retail
0002,0002_coder_small_case_a62,case_a627525fa9,coder_small,2,Could you provide an example of a domain area where misappropriation has been a significant problem and how this has been resolved?,5,corpus_3e694f444105,0.4447,,33042a3e-5e8e-4375-b964-0fe2252e504c,legal
0002,0002_coder_small_case_a62,case_a627525fa9,coder_small,3,Could you tell me more about primary challenge?,1,corpus_9d2db1b0788c,0.4414,,33042a3e-5e8e-4375-b964-0fe2252e504c,legal
0002,0002_coder_small_case_a62,case_a627525fa9,coder_small,3,Could you tell me more about primary challenge?,2,corpus_96f9ac4f9031,0.4376,,33042a3e-5e8e-4375-b964-0fe2252e504c,legal
0002,0002_coder_small_case_a62,case_a627525fa9,coder_small,3,Could you tell me more about primary challenge?,3,corpus_d03a736a7273,0.4308,,33042a3e-5e8e-4375-b964-0fe2252e504c,legal
0002,0002_coder_small_case_a62,case_a627525fa9,coder_small,3,Could you tell me more about primary challenge?,4,corpus_4dcf69bf62d5,0.4252,,33042a3e-5e8e-4375-b964-0fe2252e504c,legal
0002,0002_coder_small_case_a62,case_a627525fa9,coder_small,3,Could you tell me more about primary challenge?,5,corpus_db9362e0b6cb,0.424,,33042a3e-5e8e-4375-b964-0fe2252e504c,legal
0002,0002_coder_small_case_a62,case_a627525fa9,coder_small,4,Could you tell me more about primary challenge?,1,corpus_9d2db1b0788c,0.4414,,33042a3e-5e8e-4375-b964-0fe2252e504c,legal
0002,0002_coder_small_case_a62,case_a627525fa9,coder_small,4,Could you tell me more about primary challenge?,2,corpus_96f9ac4f9031,0.4376,,33042a3e-5e8e-4375-b964-0fe2252e504c,legal
0002,0002_coder_small_case_a62,case_a627525fa9,coder_small,4,Could you tell me more about primary challenge?,3,corpus_d03a736a7273,0.4308,,33042a3e-5e8e-4375-b964-0fe2252e504c,legal
0002,0002_coder_small_case_a62,case_a627525fa9,coder_small,4,Could you tell me more about primary challenge?,4,corpus_4dcf69bf62d5,0.4252,,33042a3e-5e8e-4375-b964-0fe2252e504c,legal
0002,0002_coder_small_case_a62,case_a627525fa9,coder_small,4,Could you tell me more about primary challenge?,5,corpus_db9362e0b6cb,0.424,,33042a3e-5e8e-4375-b964-0fe2252e504c,legal
0002,0002_coder_small_case_a62,case_a627525fa9,coder_small,5,Could you please provide a sample of a domain area where misappropriation has been a significant problem and how this has been resolved?,1,corpus_f1dbaf55f517,0.5407,,e23add42-dc9f-4b46-aa21-ac722ae16c36,retail
0002,0002_coder_small_case_a62,case_a627525fa9,coder_small,5,Could you please provide a sample of a domain area where misappropriation has been a significant problem and how this has been resolved?,2,corpus_989cdbc88c17,0.5073,,e23add42-dc9f-4b46-aa21-ac722ae16c36,retail
0002,0002_coder_small_case_a62,case_a627525fa9,coder_small,5,Could you please provide a sample of a domain area where misappropriation has been a significant problem and how this has been resolved?,3,corpus_209220826904,0.5063,,e23add42-dc9f-4b46-aa21-ac722ae16c36,retail
0002,0002_coder_small_case_a62,case_a627525fa9,coder_small,5,Could you please provide a sample of a domain area where misappropriation has been a significant problem and how this has been resolved?,4,corpus_ac167edc04d3,0.4618,,33042a3e-5e8e-4375-b964-0fe2252e504c,legal
0002,0002_coder_small_case_a62,case_a627525fa9,coder_small,5,Could you please provide a sample of a domain area where misappropriation has been a significant problem and how this has been resolved?,5,corpus_fcffcdc1e2e9,0.459,,33042a3e-5e8e-4375-b964-0fe2252e504c,legal
0002,0002_coder_small_case_a62,case_a627525fa9,coder_small,6,Could you tell me more about primary challenge?,1,corpus_9d2db1b0788c,0.4414,,33042a3e-5e8e-4375-b964-0fe2252e504c,legal
0002,0002_coder_small_case_a62,case_a627525fa9,coder_small,6,Could you tell me more about primary challenge?,2,corpus_96f9ac4f9031,0.4376,,33042a3e-5e8e-4375-b964-0fe2252e504c,legal
0002,0002_coder_small_case_a62,case_a627525fa9,coder_small,6,Could you tell me more about primary challenge?,3,corpus_d03a736a7273,0.4308,,33042a3e-5e8e-4375-b964-0fe2252e504c,legal
0002,0002_coder_small_case_a62,case_a627525fa9,coder_small,6,Could you tell me more about primary challenge?,4,corpus_4dcf69bf62d5,0.4252,,33042a3e-5e8e-4375-b964-0fe2252e504c,legal
0002,0002_coder_small_case_a62,case_a627525fa9,coder_small,6,Could you tell me more about primary challenge?,5,corpus_db9362e0b6cb,0.424,,33042a3e-5e8e-4375-b964-0fe2252e504c,legal
0002,0002_coder_small_case_a62,case_a627525fa9,coder_small,7,Could you please provide a sample of a domain area where misappropriation has been a significant problem and how this has been resolved?,1,corpus_f1dbaf55f517,0.5407,,e23add42-dc9f-4b46-aa21-ac722ae16c36,retail
0002,0002_coder_small_case_a62,case_a627525fa9,coder_small,7,Could you please provide a sample of a domain area where misappropriation has been a significant problem and how this has been resolved?,2,corpus_989cdbc88c17,0.5073,,e23add42-dc9f-4b46-aa21-ac722ae16c36,retail
0002,0002_coder_small_case_a62,case_a627525fa9,coder_small,7,Could you please provide a sample of a domain area where misappropriation has been a significant problem and how this has been resolved?,3,corpus_209220826904,0.5063,,e23add42-dc9f-4b46-aa21-ac722ae16c36,retail
0002,0002_coder_small_case_a62,case_a627525fa9,coder_small,7,Could you please provide a sample of a domain area where misappropriation has been a significant problem and how this has been resolved?,4,corpus_ac167edc04d3,0.4618,,33042a3e-5e8e-4375-b964-0fe2252e504c,legal
0002,0002_coder_small_case_a62,case_a627525fa9,coder_small,7,Could you please provide a sample of a domain area where misappropriation has been a significant problem and how this has been resolved?,5,corpus_fcffcdc1e2e9,0.459,,33042a3e-5e8e-4375-b964-0fe2252e504c,legal
0002,0002_coder_small_case_a62,case_a627525fa9,coder_small,8,Could you please provide a sample of a domain area where misappropriation has been a significant problem and how this has been resolved?,1,corpus_f1dbaf55f517,0.5407,,e23add42-dc9f-4b46-aa21-ac722ae16c36,retail
0002,0002_coder_small_case_a62,case_a627525fa9,coder_small,8,Could you please provide a sample of a domain area where misappropriation has been a significant problem and how this has been resolved?,2,corpus_989cdbc88c17,0.5073,,e23add42-dc9f-4b46-aa21-ac722ae16c36,retail
0002,0002_coder_small_case_a62,case_a627525fa9,coder_small,8,Could you please provide a sample of a domain area where misappropriation has been a significant problem and how this has been resolved?,3,corpus_209220826904,0.5063,,e23add42-dc9f-4b46-aa21-ac722ae16c36,retail
0002,0002_coder_small_case_a62,case_a627525fa9,coder_small,8,Could you please provide a sample of a domain area where misappropriation has been a significant problem and how this has been resolved?,4,corpus_ac167edc04d3,0.4618,,33042a3e-5e8e-4375-b964-0fe2252e504c,legal
0002,0002_coder_small_case_a62,case_a627525fa9,coder_small,8,Could you please provide a sample of a domain area where misappropriation has been a significant problem and how this has been resolved?,5,corpus_fcffcdc1e2e9,0.459,,33042a3e-5e8e-4375-b964-0fe2252e504c,legal
0002,0002_coder_small_case_a62,case_a627525fa9,coder_small,9,Could you tell me more about primary challenge?,1,corpus_9d2db1b0788c,0.4414,,33042a3e-5e8e-4375-b964-0fe2252e504c,legal
0002,0002_coder_small_case_a62,case_a627525fa9,coder_small,9,Could you tell me more about primary challenge?,2,corpus_96f9ac4f9031,0.4376,,33042a3e-5e8e-4375-b964-0fe2252e504c,legal
0002,0002_coder_small_case_a62,case_a627525fa9,coder_small,9,Could you tell me more about primary challenge?,3,corpus_d03a736a7273,0.4308,,33042a3e-5e8e-4375-b964-0fe2252e504c,legal
0002,0002_coder_small_case_a62,case_a627525fa9,coder_small,9,Could you tell me more about primary challenge?,4,corpus_4dcf69bf62d5,0.4252,,33042a3e-5e8e-4375-b964-0fe2252e504c,legal
0002,0002_coder_small_case_a62,case_a627525fa9,coder_small,9,Could you tell me more about primary challenge?,5,corpus_db9362e0b6cb,0.424,,33042a3e-5e8e-4375-b964-0fe2252e504c,legal
0002,0002_coder_small_case_a62,case_a627525fa9,coder_small,10,Could you please provide a sample of a domain area where misappropriation has been a significant problem and how this has been resolved?,1,corpus_f1dbaf55f517,0.5407,,e23add42-dc9f-4b46-aa21-ac722ae16c36,retail
0002,0002_coder_small_case_a62,case_a627525fa9,coder_small,10,Could you please provide a sample of a domain area where misappropriation has been a significant problem and how this has been resolved?,2,corpus_989cdbc88c17,0.5073,,e23add42-dc9f-4b46-aa21-ac722ae16c36,retail
0002,0002_coder_small_case_a62,case_a627525fa9,coder_small,10,Could you please provide a sample of a domain area where misappropriation has been a significant problem and how this has been resolved?,3,corpus_209220826904,0.5063,,e23add42-dc9f-4b46-aa21-ac722ae16c36,retail
0002,0002_coder_small_case_a62,case_a627525fa9,coder_small,10,Could you please provide a sample of a domain area where misappropriation has been a significant problem and how this has been resolved?,4,corpus_ac167edc04d3,0.4618,,33042a3e-5e8e-4375-b964-0fe2252e504c,legal
0002,0002_coder_small_case_a62,case_a627525fa9,coder_small,10,Could you please provide a sample of a domain area where misappropriation has been a significant problem and how this has been resolved?,5,corpus_fcffcdc1e2e9,0.459,,33042a3e-5e8e-4375-b964-0fe2252e504c,legal
0002,0002_coder_small_case_a62,case_a627525fa9,coder_small,11,Can you please provide a sample of a domain area where misappropriation has been a significant problem and how this has been resolved?,1,corpus_f1dbaf55f517,0.5407,,e23add42-dc9f-4b46-aa21-ac722ae16c36,retail
0002,0002_coder_small_case_a62,case_a627525fa9,coder_small,11,Can you please provide a sample of a domain area where misappropriation has been a significant problem and how this has been resolved?,2,corpus_989cdbc88c17,0.5073,,e23add42-dc9f-4b46-aa21-ac722ae16c36,retail
0002,0002_coder_small_case_a62,case_a627525fa9,coder_small,11,Can you please provide a sample of a domain area where misappropriation has been a significant problem and how this has been resolved?,3,corpus_209220826904,0.5063,,e23add42-dc9f-4b46-aa21-ac722ae16c36,retail
0002,0002_coder_small_case_a62,case_a627525fa9,coder_small,11,Can you please provide a sample of a domain area where misappropriation has been a significant problem and how this has been resolved?,4,corpus_ac167edc04d3,0.4618,,33042a3e-5e8e-4375-b964-0fe2252e504c,legal
0002,0002_coder_small_case_a62,case_a627525fa9,coder_small,11,Can you please provide a sample of a domain area where misappropriation has been a significant problem and how this has been resolved?,5,corpus_fcffcdc1e2e9,0.459,,33042a3e-5e8e-4375-b964-0fe2252e504c,legal
0002,0002_coder_small_case_a62,case_a627525fa9,coder_small,12,Could you tell me more about primary challenge?,1,corpus_9d2db1b0788c,0.4414,,33042a3e-5e8e-4375-b964-0fe2252e504c,legal
0002,0002_coder_small_case_a62,case_a627525fa9,coder_small,12,Could you tell me more about primary challenge?,2,corpus_96f9ac4f9031,0.4376,,33042a3e-5e8e-4375-b964-0fe2252e504c,legal
0002,0002_coder_small_case_a62,case_a627525fa9,coder_small,12,Could you tell me more about primary challenge?,3,corpus_d03a736a7273,0.4308,,33042a3e-5e8e-4375-b964-0fe2252e504c,legal
0002,0002_coder_small_case_a62,case_a627525fa9,coder_small,12,Could you tell me more about primary challenge?,4,corpus_4dcf69bf62d5,0.4252,,33042a3e-5e8e-4375-b964-0fe2252e504c,legal
0002,0002_coder_small_case_a62,case_a627525fa9,coder_small,12,Could you tell me more about primary challenge?,5,corpus_db9362e0b6cb,0.424,,33042a3e-5e8e-4375-b964-0fe2252e504c,legal
0002,0002_coder_small_case_a62,case_a627525fa9,coder_small,13,Could you tell me more about primary challenge?,1,corpus_9d2db1b0788c,0.4414,,33042a3e-5e8e-4375-b964-0fe2252e504c,legal
0002,0002_coder_small_case_a62,case_a627525fa9,coder_small,13,Could you tell me more about primary challenge?,2,corpus_96f9ac4f9031,0.4376,,33042a3e-5e8e-4375-b964-0fe2252e504c,legal
0002,0002_coder_small_case_a62,case_a627525fa9,coder_small,13,Could you tell me more about primary challenge?,3,corpus_d03a736a7273,0.4308,,33042a3e-5e8e-4375-b964-0fe2252e504c,legal
0002,0002_coder_small_case_a62,case_a627525fa9,coder_small,13,Could you tell me more about primary challenge?,4,corpus_4dcf69bf62d5,0.4252,,33042a3e-5e8e-4375-b964-0fe2252e504c,legal
0002,0002_coder_small_case_a62,case_a627525fa9,coder_small,13,Could you tell me more about primary challenge?,5,corpus_db9362e0b6cb,0.424,,33042a3e-5e8e-4375-b964-0fe2252e504c,legal
0002,0002_coder_small_case_a62,case_a627525fa9,coder_small,14,Could you tell me more about primary challenge?,1,corpus_9d2db1b0788c,0.4414,,33042a3e-5e8e-4375-b964-0fe2252e504c,legal
0002,0002_coder_small_case_a62,case_a627525fa9,coder_small,14,Could you tell me more about primary challenge?,2,corpus_96f9ac4f9031,0.4376,,33042a3e-5e8e-4375-b964-0fe2252e504c,legal
0002,0002_coder_small_case_a62,case_a627525fa9,coder_small,14,Could you tell me more about primary challenge?,3,corpus_d03a736a7273,0.4308,,33042a3e-5e8e-4375-b964-0fe2252e504c,legal
0002,0002_coder_small_case_a62,case_a627525fa9,coder_small,14,Could you tell me more about primary challenge?,4,corpus_4dcf69bf62d5,0.4252,,33042a3e-5e8e-4375-b964-0fe2252e504c,legal
0002,0002_coder_small_case_a62,case_a627525fa9,coder_small,14,Could you tell me more about primary challenge?,5,corpus_db9362e0b6cb,0.424,,33042a3e-5e8e-4375-b964-0fe2252e504c,legal
0002,0002_coder_small_case_a62,case_a627525fa9,coder_small,1,Could you tell me more about key decisions?,1,corpus_96f9ac4f9031,0.4341,,33042a3e-5e8e-4375-b964-0fe2252e504c,legal
0002,0002_coder_small_case_a62,case_a627525fa9,coder_small,1,Could you tell me more about key decisions?,2,corpus_9d2db1b0788c,0.431,,33042a3e-5e8e-4375-b964-0fe2252e504c,legal
0002,0002_coder_small_case_a62,case_a627525fa9,coder_small,1,Could you tell me more about key decisions?,3,corpus_989cdbc88c17,0.43,,e23add42-dc9f-4b46-aa21-ac722ae16c36,retail
0002,0002_coder_small_case_a62,case_a627525fa9,coder_small,1,Could you tell me more about key decisions?,4,corpus_d03a736a7273,0.424,,33042a3e-5e8e-4375-b964-0fe2252e504c,legal
0002,0002_coder_small_case_a62,case_a627525fa9,coder_small,1,Could you tell me more about key decisions?,5,corpus_4dcf69bf62d5,0.4205,,33042a3e-5e8e-4375-b964-0fe2252e504c,legal
0002,0002_coder_small_case_a62,case_a627525fa9,coder_small,2,"Could you describe the root cause of your team's technical challenge recently, and what prompted it?",1,corpus_57e2df12f084,0.526,,33042a3e-5e8e-4375-b964-0fe2252e504c,legal
0002,0002_coder_small_case_a62,case_a627525fa9,coder_small,2,"Could you describe the root cause of your team's technical challenge recently, and what prompted it?",2,corpus_ef1f68ecd93f,0.4951,,33042a3e-5e8e-4375-b964-0fe2252e504c,legal
0002,0002_coder_small_case_a62,case_a627525fa9,coder_small,2,"Could you describe the root cause of your team's technical challenge recently, and what prompted it?",3,corpus_6c7017077971,0.4852,,33042a3e-5e8e-4375-b964-0fe2252e504c,legal
0002,0002_coder_small_case_a62,case_a627525fa9,coder_small,2,"Could you describe the root cause of your team's technical challenge recently, and what prompted it?",4,corpus_ba21f14c583e,0.4849,,33042a3e-5e8e-4375-b964-0fe2252e504c,legal
0002,0002_coder_small_case_a62,case_a627525fa9,coder_small,2,"Could you describe the root cause of your team's technical challenge recently, and what prompted it?",5,corpus_9a7049e1c001,0.482,,33042a3e-5e8e-4375-b964-0fe2252e504c,legal
0002,0002_coder_small_case_a62,case_a627525fa9,coder_small,3,Could you tell me more about primary challenge?,1,corpus_9d2db1b0788c,0.4414,,33042a3e-5e8e-4375-b964-0fe2252e504c,legal
0002,0002_coder_small_case_a62,case_a627525fa9,coder_small,3,Could you tell me more about primary challenge?,2,corpus_96f9ac4f9031,0.4376,,33042a3e-5e8e-4375-b964-0fe2252e504c,legal
0002,0002_coder_small_case_a62,case_a627525fa9,coder_small,3,Could you tell me more about primary challenge?,3,corpus_d03a736a7273,0.4308,,33042a3e-5e8e-4375-b964-0fe2252e504c,legal
0002,0002_coder_small_case_a62,case_a627525fa9,coder_small,3,Could you tell me more about primary challenge?,4,corpus_4dcf69bf62d5,0.4252,,33042a3e-5e8e-4375-b964-0fe2252e504c,legal
0002,0002_coder_small_case_a62,case_a627525fa9,coder_small,3,Could you tell me more about primary challenge?,5,corpus_db9362e0b6cb,0.424,,33042a3e-5e8e-4375-b964-0fe2252e504c,legal
0002,0002_coder_small_case_a62,case_a627525fa9,coder_small,4,Could you tell me more about primary challenge?,1,corpus_9d2db1b0788c,0.4414,,33042a3e-5e8e-4375-b964-0fe2252e504c,legal
0002,0002_coder_small_case_a62,case_a627525fa9,coder_small,4,Could you tell me more about primary challenge?,2,corpus_96f9ac4f9031,0.4376,,33042a3e-5e8e-4375-b964-0fe2252e504c,legal
0002,0002_coder_small_case_a62,case_a627525fa9,coder_small,4,Could you tell me more about primary challenge?,3,corpus_d03a736a7273,0.4308,,33042a3e-5e8e-4375-b964-0fe2252e504c,legal
0002,0002_coder_small_case_a62,case_a627525fa9,coder_small,4,Could you tell me more about primary challenge?,4,corpus_4dcf69bf62d5,0.4252,,33042a3e-5e8e-4375-b964-0fe2252e504c,legal
0002,0002_coder_small_case_a62,case_a627525fa9,coder_small,4,Could you tell me more about primary challenge?,5,corpus_db9362e0b6cb,0.424,,33042a3e-5e8e-4375-b964-0fe2252e504c,legal
0002,0002_coder_small_case_a62,case_a627525fa9,coder_small,5,Could you tell me more about primary challenge?,1,corpus_9d2db1b0788c,0.4414,,33042a3e-5e8e-4375-b964-0fe2252e504c,legal
0002,0002_coder_small_case_a62,case_a627525fa9,coder_small,5,Could you tell me more about primary challenge?,2,corpus_96f9ac4f9031,0.4376,,33042a3e-5e8e-4375-b964-0fe2252e504c,legal
0002,0002_coder_small_case_a62,case_a627525fa9,coder_small,5,Could you tell me more about primary challenge?,3,corpus_d03a736a7273,0.4308,,33042a3e-5e8e-4375-b964-0fe2252e504c,legal
0002,0002_coder_small_case_a62,case_a627525fa9,coder_small,5,Could you tell me more about primary challenge?,4,corpus_4dcf69bf62d5,0.4252,,33042a3e-5e8e-4375-b964-0fe2252e504c,legal
0002,0002_coder_small_case_a62,case_a627525fa9,coder_small,5,Could you tell me more about primary challenge?,5,corpus_db9362e0b6cb,0.424,,33042a3e-5e8e-4375-b964-0fe2252e504c,legal
0002,0002_coder_small_case_a62,case_a627525fa9,coder_small,6,Could you tell me more about primary challenge?,1,corpus_9d2db1b0788c,0.4414,,33042a3e-5e8e-4375-b964-0fe2252e504c,legal
0002,0002_coder_small_case_a62,case_a627525fa9,coder_small,6,Could you tell me more about primary challenge?,2,corpus_96f9ac4f9031,0.4376,,33042a3e-5e8e-4375-b964-0fe2252e504c,legal
0002,0002_coder_small_case_a62,case_a627525fa9,coder_small,6,Could you tell me more about primary challenge?,3,corpus_d03a736a7273,0.4308,,33042a3e-5e8e-4375-b964-0fe2252e504c,legal
0002,0002_coder_small_case_a62,case_a627525fa9,coder_small,6,Could you tell me more about primary challenge?,4,corpus_4dcf69bf62d5,0.4252,,33042a3e-5e8e-4375-b964-0fe2252e504c,legal
0002,0002_coder_small_case_a62,case_a627525fa9,coder_small,6,Could you tell me more about primary challenge?,5,corpus_db9362e0b6cb,0.424,,33042a3e-5e8e-4375-b964-0fe2252e504c,legal
0002,0002_coder_small_case_a62,case_a627525fa9,coder_small,7,"Could you discuss the root cause of your team's technical challenge recently, and what prompted it?",1,corpus_57e2df12f084,0.526,,33042a3e-5e8e-4375-b964-0fe2252e504c,legal
0002,0002_coder_small_case_a62,case_a627525fa9,coder_small,7,"Could you discuss the root cause of your team's technical challenge recently, and what prompted it?",2,corpus_ef1f68ecd93f,0.4951,,33042a3e-5e8e-4375-b964-0fe2252e504c,legal
0002,0002_coder_small_case_a62,case_a627525fa9,coder_small,7,"Could you discuss the root cause of your team's technical challenge recently, and what prompted it?",3,corpus_6c7017077971,0.4852,,33042a3e-5e8e-4375-b964-0fe2252e504c,legal
0002,0002_coder_small_case_a62,case_a627525fa9,coder_small,7,"Could you discuss the root cause of your team's technical challenge recently, and what prompted it?",4,corpus_ba21f14c583e,0.4849,,33042a3e-5e8e-4375-b964-0fe2252e504c,legal
0002,0002_coder_small_case_a62,case_a627525fa9,coder_small,7,"Could you discuss the root cause of your team's technical challenge recently, and what prompted it?",5,corpus_9a7049e1c001,0.482,,33042a3e-5e8e-4375-b964-0fe2252e504c,legal
0002,0002_coder_small_case_a62,case_a627525fa9,coder_small,8,"Could you provide more context about the root cause of your team's technical challenge recently, and what prompted it? Please specify the specific technical challenge, such as a software tool or syste",1,corpus_54e38e63b2d8,0.6966,,e23add42-dc9f-4b46-aa21-ac722ae16c36,retail
0002,0002_coder_small_case_a62,case_a627525fa9,coder_small,8,"Could you provide more context about the root cause of your team's technical challenge recently, and what prompted it? Please specify the specific technical challenge, such as a software tool or syste",2,corpus_989cdbc88c17,0.5928,,e23add42-dc9f-4b46-aa21-ac722ae16c36,retail
0002,0002_coder_small_case_a62,case_a627525fa9,coder_small,8,"Could you provide more context about the root cause of your team's technical challenge recently, and what prompted it? Please specify the specific technical challenge, such as a software tool or syste",3,corpus_25d9678ca161,0.5369,,e23add42-dc9f-4b46-aa21-ac722ae16c36,retail
0002,0002_coder_small_case_a62,case_a627525fa9,coder_small,8,"Could you provide more context about the root cause of your team's technical challenge recently, and what prompted it? Please specify the specific technical challenge, such as a software tool or syste",4,corpus_fcffcdc1e2e9,0.5208,,33042a3e-5e8e-4375-b964-0fe2252e504c,legal
0002,0002_coder_small_case_a62,case_a627525fa9,coder_small,8,"Could you provide more context about the root cause of your team's technical challenge recently, and what prompted it? Please specify the specific technical challenge, such as a software tool or syste",5,corpus_06d2f890debb,0.5146,,af4b9da3-16de-4510-a1cb-2a32e101c884,healthcare
0002,0002_coder_small_case_a62,case_a627525fa9,coder_small,9,Could you tell me more about primary challenge?,1,corpus_9d2db1b0788c,0.4414,,33042a3e-5e8e-4375-b964-0fe2252e504c,legal
0002,0002_coder_small_case_a62,case_a627525fa9,coder_small,9,Could you tell me more about primary challenge?,2,corpus_96f9ac4f9031,0.4376,,33042a3e-5e8e-4375-b964-0fe2252e504c,legal
0002,0002_coder_small_case_a62,case_a627525fa9,coder_small,9,Could you tell me more about primary challenge?,3,corpus_d03a736a7273,0.4308,,33042a3e-5e8e-4375-b964-0fe2252e504c,legal
0002,0002_coder_small_case_a62,case_a627525fa9,coder_small,9,Could you tell me more about primary challenge?,4,corpus_4dcf69bf62d5,0.4252,,33042a3e-5e8e-4375-b964-0fe2252e504c,legal
0002,0002_coder_small_case_a62,case_a627525fa9,coder_small,9,Could you tell me more about primary challenge?,5,corpus_db9362e0b6cb,0.424,,33042a3e-5e8e-4375-b964-0fe2252e504c,legal
0002,0002_coder_small_case_a62,case_a627525fa9,coder_small,10,Could you tell me more about primary challenge?,1,corpus_9d2db1b0788c,0.4414,,33042a3e-5e8e-4375-b964-0fe2252e504c,legal
0002,0002_coder_small_case_a62,case_a627525fa9,coder_small,10,Could you tell me more about primary challenge?,2,corpus_96f9ac4f9031,0.4376,,33042a3e-5e8e-4375-b964-0fe2252e504c,legal
0002,0002_coder_small_case_a62,case_a627525fa9,coder_small,10,Could you tell me more about primary challenge?,3,corpus_d03a736a7273,0.4308,,33042a3e-5e8e-4375-b964-0fe2252e504c,legal
0002,0002_coder_small_case_a62,case_a627525fa9,coder_small,10,Could you tell me more about primary challenge?,4,corpus_4dcf69bf62d5,0.4252,,33042a3e-5e8e-4375-b964-0fe2252e504c,legal
0002,0002_coder_small_case_a62,case_a627525fa9,coder_small,10,Could you tell me more about primary challenge?,5,corpus_db9362e0b6cb,0.424,,33042a3e-5e8e-4375-b964-0fe2252e504c,legal
0002,0002_coder_small_case_a62,case_a627525fa9,coder_small,11,Could you tell me more about primary challenge?,1,corpus_9d2db1b0788c,0.4414,,33042a3e-5e8e-4375-b964-0fe2252e504c,legal
0002,0002_coder_small_case_a62,case_a627525fa9,coder_small,11,Could you tell me more about primary challenge?,2,corpus_96f9ac4f9031,0.4376,,33042a3e-5e8e-4375-b964-0fe2252e504c,legal
0002,0002_coder_small_case_a62,case_a627525fa9,coder_small,11,Could you tell me more about primary challenge?,3,corpus_d03a736a7273,0.4308,,33042a3e-5e8e-4375-b964-0fe2252e504c,legal
0002,0002_coder_small_case_a62,case_a627525fa9,coder_small,11,Could you tell me more about primary challenge?,4,corpus_4dcf69bf62d5,0.4252,,33042a3e-5e8e-4375-b964-0fe2252e504c,legal
0002,0002_coder_small_case_a62,case_a627525fa9,coder_small,11,Could you tell me more about primary challenge?,5,corpus_db9362e0b6cb,0.424,,33042a3e-5e8e-4375-b964-0fe2252e504c,legal
0002,0002_coder_small_case_a62,case_a627525fa9,coder_small,12,Could you tell me more about primary challenge?,1,corpus_9d2db1b0788c,0.4414,,33042a3e-5e8e-4375-b964-0fe2252e504c,legal
0002,0002_coder_small_case_a62,case_a627525fa9,coder_small,12,Could you tell me more about primary challenge?,2,corpus_96f9ac4f9031,0.4376,,33042a3e-5e8e-4375-b964-0fe2252e504c,legal
0002,0002_coder_small_case_a62,case_a627525fa9,coder_small,12,Could you tell me more about primary challenge?,3,corpus_d03a736a7273,0.4308,,33042a3e-5e8e-4375-b964-0fe2252e504c,legal
0002,0002_coder_small_case_a62,case_a627525fa9,coder_small,12,Could you tell me more about primary challenge?,4,corpus_4dcf69bf62d5,0.4252,,33042a3e-5e8e-4375-b964-0fe2252e504c,legal
0002,0002_coder_small_case_a62,case_a627525fa9,coder_small,12,Could you tell me more about primary challenge?,5,corpus_db9362e0b6cb,0.424,,33042a3e-5e8e-4375-b964-0fe2252e504c,legal
0002,0002_coder_small_case_a62,case_a627525fa9,coder_small,13,"Could you provide more context about the primary challenge recently, and what prompted it? Please specify the specific technical challenge, such as a software tool or system, that caused the issue, as",1,corpus_54e38e63b2d8,0.7247,,e23add42-dc9f-4b46-aa21-ac722ae16c36,retail
0002,0002_coder_small_case_a62,case_a627525fa9,coder_small,13,"Could you provide more context about the primary challenge recently, and what prompted it? Please specify the specific technical challenge, such as a software tool or system, that caused the issue, as",2,corpus_989cdbc88c17,0.598,,e23add42-dc9f-4b46-aa21-ac722ae16c36,retail
0002,0002_coder_small_case_a62,case_a627525fa9,coder_small,13,"Could you provide more context about the primary challenge recently, and what prompted it? Please specify the specific technical challenge, such as a software tool or system, that caused the issue, as",3,corpus_f1dbaf55f517,0.5467,,e23add42-dc9f-4b46-aa21-ac722ae16c36,retail
0002,0002_coder_small_case_a62,case_a627525fa9,coder_small,13,"Could you provide more context about the primary challenge recently, and what prompted it? Please specify the specific technical challenge, such as a software tool or system, that caused the issue, as",4,corpus_25d9678ca161,0.5337,,e23add42-dc9f-4b46-aa21-ac722ae16c36,retail
0002,0002_coder_small_case_a62,case_a627525fa9,coder_small,13,"Could you provide more context about the primary challenge recently, and what prompted it? Please specify the specific technical challenge, such as a software tool or system, that caused the issue, as",5,corpus_fcffcdc1e2e9,0.5096,,33042a3e-5e8e-4375-b964-0fe2252e504c,legal
0002,0002_coder_small_case_a62,case_a627525fa9,coder_small,14,Could you tell me more about primary challenge?,1,corpus_54e38e63b2d8,0.7247,,e23add42-dc9f-4b46-aa21-ac722ae16c36,retail
0002,0002_coder_small_case_a62,case_a627525fa9,coder_small,14,Could you tell me more about primary challenge?,2,corpus_989cdbc88c17,0.598,,e23add42-dc9f-4b46-aa21-ac722ae16c36,retail
0002,0002_coder_small_case_a62,case_a627525fa9,coder_small,14,Could you tell me more about primary challenge?,3,corpus_f1dbaf55f517,0.5467,,e23add42-dc9f-4b46-aa21-ac722ae16c36,retail
0002,0002_coder_small_case_a62,case_a627525fa9,coder_small,14,Could you tell me more about primary challenge?,4,corpus_25d9678ca161,0.5337,,e23add42-dc9f-4b46-aa21-ac722ae16c36,retail
0002,0002_coder_small_case_a62,case_a627525fa9,coder_small,14,Could you tell me more about primary challenge?,5,corpus_fcffcdc1e2e9,0.5096,,33042a3e-5e8e-4375-b964-0fe2252e504c,legal
0002,0002_coder_main_case_a62,case_a627525fa9,coder_main,1,Could you tell me more about domain area?,1,corpus_9d2db1b0788c,0.4414,,33042a3e-5e8e-4375-b964-0fe2252e504c,legal
0002,0002_coder_main_case_a62,case_a627525fa9,coder_main,1,Could you tell me more about domain area?,2,corpus_96f9ac4f9031,0.4376,,33042a3e-5e8e-4375-b964-0fe2252e504c,legal
0002,0002_coder_main_case_a62,case_a627525fa9,coder_main,1,Could you tell me more about domain area?,3,corpus_d03a736a7273,0.4308,,33042a3e-5e8e-4375-b964-0fe2252e504c,legal
0002,0002_coder_main_case_a62,case_a627525fa9,coder_main,1,Could you tell me more about domain area?,4,corpus_4dcf69bf62d5,0.4252,,33042a3e-5e8e-4375-b964-0fe2252e504c,legal
0002,0002_coder_main_case_a62,case_a627525fa9,coder_main,1,Could you tell me more about domain area?,5,corpus_db9362e0b6cb,0.424,,33042a3e-5e8e-4375-b964-0fe2252e504c,legal
0002,0002_coder_main_case_a62,case_a627525fa9,coder_main,2,Could you tell me more about domain area?,1,corpus_9d2db1b0788c,0.4414,,33042a3e-5e8e-4375-b964-0fe2252e504c,legal
0002,0002_coder_main_case_a62,case_a627525fa9,coder_main,2,Could you tell me more about domain area?,2,corpus_96f9ac4f9031,0.4376,,33042a3e-5e8e-4375-b964-0fe2252e504c,legal
0002,0002_coder_main_case_a62,case_a627525fa9,coder_main,2,Could you tell me more about domain area?,3,corpus_d03a736a7273,0.4308,,33042a3e-5e8e-4375-b964-0fe2252e504c,legal
0002,0002_coder_main_case_a62,case_a627525fa9,coder_main,2,Could you tell me more about domain area?,4,corpus_4dcf69bf62d5,0.4252,,33042a3e-5e8e-4375-b964-0fe2252e504c,legal
0002,0002_coder_main_case_a62,case_a627525fa9,coder_main,2,Could you tell me more about domain area?,5,corpus_db9362e0b6cb,0.424,,33042a3e-5e8e-4375-b964-0fe2252e504c,legal
0002,0002_coder_main_case_a62,case_a627525fa9,coder_main,3,Could you tell me more about domain area?,1,corpus_9d2db1b0788c,0.4414,,33042a3e-5e8e-4375-b964-0fe2252e504c,legal
0002,0002_coder_main_case_a62,case_a627525fa9,coder_main,3,Could you tell me more about domain area?,2,corpus_96f9ac4f9031,0.4376,,33042a3e-5e8e-4375-b964-0fe2252e504c,legal
0002,0002_coder_main_case_a62,case_a627525fa9,coder_main,3,Could you tell me more about domain area?,3,corpus_d03a736a7273,0.4308,,33042a3e-5e8e-4375-b964-0fe2252e504c,legal
0002,0002_coder_main_case_a62,case_a627525fa9,coder_main,3,Could you tell me more about domain area?,4,corpus_4dcf69bf62d5,0.4252,,33042a3e-5e8e-4375-b964-0fe2252e504c,legal
0002,0002_coder_main_case_a62,case_a627525fa9,coder_main,3,Could you tell me more about domain area?,5,corpus_db9362e0b6cb,0.424,,33042a3e-5e8e-4375-b964-0fe2252e504c,legal
0002,0002_coder_main_case_a62,case_a627525fa9,coder_main,4,What specific technological tools and systems are being used to support the development and management of marketing materials? Are there any particular features or functionalities that you find partic,1,corpus_a3b9f7d6021d,0.5909,,e23add42-dc9f-4b46-aa21-ac722ae16c36,retail
0002,0002_coder_main_case_a62,case_a627525fa9,coder_main,4,What specific technological tools and systems are being used to support the development and management of marketing materials? Are there any particular features or functionalities that you find partic,2,corpus_25d9678ca161,0.5339,,e23add42-dc9f-4b46-aa21-ac722ae16c36,retail
0002,0002_coder_main_case_a62,case_a627525fa9,coder_main,4,What specific technological tools and systems are being used to support the development and management of marketing materials? Are there any particular features or functionalities that you find partic,3,corpus_e97e4473aecb,0.5253,,33042a3e-5e8e-4375-b964-0fe2252e504c,legal
0002,0002_coder_main_case_a62,case_a627525fa9,coder_main,4,What specific technological tools and systems are being used to support the development and management of marketing materials? Are there any particular features or functionalities that you find partic,4,corpus_4d57172d11c6,0.52,,33042a3e-5e8e-4375-b964-0fe2252e504c,legal
0002,0002_coder_main_case_a62,case_a627525fa9,coder_main,4,What specific technological tools and systems are being used to support the development and management of marketing materials? Are there any particular features or functionalities that you find partic,5,corpus_282d90937e3a,0.5076,,33042a3e-5e8e-4375-b964-0fe2252e504c,legal
0002,0002_coder_main_case_a62,case_a627525fa9,coder_main,5,Could you tell me more about key decisions?,1,corpus_96f9ac4f9031,0.4341,,33042a3e-5e8e-4375-b964-0fe2252e504c,legal
0002,0002_coder_main_case_a62,case_a627525fa9,coder_main,5,Could you tell me more about key decisions?,2,corpus_9d2db1b0788c,0.431,,33042a3e-5e8e-4375-b964-0fe2252e504c,legal
0002,0002_coder_main_case_a62,case_a627525fa9,coder_main,5,Could you tell me more about key decisions?,3,corpus_989cdbc88c17,0.43,,e23add42-dc9f-4b46-aa21-ac722ae16c36,retail
0002,0002_coder_main_case_a62,case_a627525fa9,coder_main,5,Could you tell me more about key decisions?,4,corpus_d03a736a7273,0.424,,33042a3e-5e8e-4375-b964-0fe2252e504c,legal
0002,0002_coder_main_case_a62,case_a627525fa9,coder_main,5,Could you tell me more about key decisions?,5,corpus_4dcf69bf62d5,0.4205,,33042a3e-5e8e-4375-b964-0fe2252e504c,legal
0002,0002_coder_main_case_a62,case_a627525fa9,coder_main,6,Could you tell me more about key decisions?,1,corpus_96f9ac4f9031,0.4341,,33042a3e-5e8e-4375-b964-0fe2252e504c,legal
0002,0002_coder_main_case_a62,case_a627525fa9,coder_main,6,Could you tell me more about key decisions?,2,corpus_9d2db1b0788c,0.431,,33042a3e-5e8e-4375-b964-0fe2252e504c,legal
0002,0002_coder_main_case_a62,case_a627525fa9,coder_main,6,Could you tell me more about key decisions?,3,corpus_989cdbc88c17,0.43,,e23add42-dc9f-4b46-aa21-ac722ae16c36,retail
0002,0002_coder_main_case_a62,case_a627525fa9,coder_main,6,Could you tell me more about key decisions?,4,corpus_d03a736a7273,0.424,,33042a3e-5e8e-4375-b964-0fe2252e504c,legal
0002,0002_coder_main_case_a62,case_a627525fa9,coder_main,6,Could you tell me more about key decisions?,5,corpus_4dcf69bf62d5,0.4205,,33042a3e-5e8e-4375-b964-0fe2252e504c,legal
0002,0002_coder_main_case_a62,case_a627525fa9,coder_main,7,Could you tell me more about key decisions?,1,corpus_96f9ac4f9031,0.4341,,33042a3e-5e8e-4375-b964-0fe2252e504c,legal
0002,0002_coder_main_case_a62,case_a627525fa9,coder_main,7,Could you tell me more about key decisions?,2,corpus_9d2db1b0788c,0.431,,33042a3e-5e8e-4375-b964-0fe2252e504c,legal
0002,0002_coder_main_case_a62,case_a627525fa9,coder_main,7,Could you tell me more about key decisions?,3,corpus_989cdbc88c17,0.43,,e23add42-dc9f-4b46-aa21-ac722ae16c36,retail
0002,0002_coder_main_case_a62,case_a627525fa9,coder_main,7,Could you tell me more about key decisions?,4,corpus_d03a736a7273,0.424,,33042a3e-5e8e-4375-b964-0fe2252e504c,legal
0002,0002_coder_main_case_a62,case_a627525fa9,coder_main,7,Could you tell me more about key decisions?,5,corpus_4dcf69bf62d5,0.4205,,33042a3e-5e8e-4375-b964-0fe2252e504c,legal
0002,0002_coder_main_case_a62,case_a627525fa9,coder_main,8,Could you tell me more about key decisions?,1,corpus_96f9ac4f9031,0.4341,,33042a3e-5e8e-4375-b964-0fe2252e504c,legal
0002,0002_coder_main_case_a62,case_a627525fa9,coder_main,8,Could you tell me more about key decisions?,2,corpus_9d2db1b0788c,0.431,,33042a3e-5e8e-4375-b964-0fe2252e504c,legal
0002,0002_coder_main_case_a62,case_a627525fa9,coder_main,8,Could you tell me more about key decisions?,3,corpus_989cdbc88c17,0.43,,e23add42-dc9f-4b46-aa21-ac722ae16c36,retail
0002,0002_coder_main_case_a62,case_a627525fa9,coder_main,8,Could you tell me more about key decisions?,4,corpus_d03a736a7273,0.424,,33042a3e-5e8e-4375-b964-0fe2252e504c,legal
0002,0002_coder_main_case_a62,case_a627525fa9,coder_main,8,Could you tell me more about key decisions?,5,corpus_4dcf69bf62d5,0.4205,,33042a3e-5e8e-4375-b964-0fe2252e504c,legal
0002,0002_coder_main_case_a62,case_a627525fa9,coder_main,9,"Could you provide more details on how these key decisions reduce the making of incorrect decisions? Specifically, how do these tools and systems help streamline the process of making informed decision",1,corpus_e97e4473aecb,0.501,,33042a3e-5e8e-4375-b964-0fe2252e504c,legal
0002,0002_coder_main_case_a62,case_a627525fa9,coder_main,9,"Could you provide more details on how these key decisions reduce the making of incorrect decisions? Specifically, how do these tools and systems help streamline the process of making informed decision",2,corpus_4d57172d11c6,0.4936,,33042a3e-5e8e-4375-b964-0fe2252e504c,legal
0002,0002_coder_main_case_a62,case_a627525fa9,coder_main,9,"Could you provide more details on how these key decisions reduce the making of incorrect decisions? Specifically, how do these tools and systems help streamline the process of making informed decision",3,corpus_b36b5568aa4c,0.4907,,33042a3e-5e8e-4375-b964-0fe2252e504c,legal
0002,0002_coder_main_case_a62,case_a627525fa9,coder_main,9,"Could you provide more details on how these key decisions reduce the making of incorrect decisions? Specifically, how do these tools and systems help streamline the process of making informed decision",4,corpus_5a5d2d35b7ee,0.4867,,33042a3e-5e8e-4375-b964-0fe2252e504c,legal
0002,0002_coder_main_case_a62,case_a627525fa9,coder_main,9,"Could you provide more details on how these key decisions reduce the making of incorrect decisions? Specifically, how do these tools and systems help streamline the process of making informed decision",5,corpus_bac618d107f0,0.4847,,33042a3e-5e8e-4375-b964-0fe2252e504c,legal
0002,0002_coder_main_case_a62,case_a627525fa9,coder_main,10,Could you tell me more about key decisions?,1,corpus_96f9ac4f9031,0.4341,,33042a3e-5e8e-4375-b964-0fe2252e504c,legal
0002,0002_coder_main_case_a62,case_a627525fa9,coder_main,10,Could you tell me more about key decisions?,2,corpus_9d2db1b0788c,0.431,,33042a3e-5e8e-4375-b964-0fe2252e504c,legal
0002,0002_coder_main_case_a62,case_a627525fa9,coder_main,10,Could you tell me more about key decisions?,3,corpus_989cdbc88c17,0.43,,e23add42-dc9f-4b46-aa21-ac722ae16c36,retail
0002,0002_coder_main_case_a62,case_a627525fa9,coder_main,10,Could you tell me more about key decisions?,4,corpus_d03a736a7273,0.424,,33042a3e-5e8e-4375-b964-0fe2252e504c,legal
0002,0002_coder_main_case_a62,case_a627525fa9,coder_main,10,Could you tell me more about key decisions?,5,corpus_4dcf69bf62d5,0.4205,,33042a3e-5e8e-4375-b964-0fe2252e504c,legal
0002,0002_coder_main_case_a62,case_a627525fa9,coder_main,11,Could you tell me more about key decisions?,1,corpus_96f9ac4f9031,0.4341,,33042a3e-5e8e-4375-b964-0fe2252e504c,legal
0002,0002_coder_main_case_a62,case_a627525fa9,coder_main,11,Could you tell me more about key decisions?,2,corpus_9d2db1b0788c,0.431,,33042a3e-5e8e-4375-b964-0fe2252e504c,legal
0002,0002_coder_main_case_a62,case_a627525fa9,coder_main,11,Could you tell me more about key decisions?,3,corpus_989cdbc88c17,0.43,,e23add42-dc9f-4b46-aa21-ac722ae16c36,retail
0002,0002_coder_main_case_a62,case_a627525fa9,coder_main,11,Could you tell me more about key decisions?,4,corpus_d03a736a7273,0.424,,33042a3e-5e8e-4375-b964-0fe2252e504c,legal
0002,0002_coder_main_case_a62,case_a627525fa9,coder_main,11,Could you tell me more about key decisions?,5,corpus_4dcf69bf62d5,0.4205,,33042a3e-5e8e-4375-b964-0fe2252e504c,legal
0002,0002_coder_main_case_a62,case_a627525fa9,coder_main,12,Could you tell me more about key decisions?,1,corpus_96f9ac4f9031,0.4341,,33042a3e-5e8e-4375-b964-0fe2252e504c,legal
0002,0002_coder_main_case_a62,case_a627525fa9,coder_main,12,Could you tell me more about key decisions?,2,corpus_9d2db1b0788c,0.431,,33042a3e-5e8e-4375-b964-0fe2252e504c,legal
0002,0002_coder_main_case_a62,case_a627525fa9,coder_main,12,Could you tell me more about key decisions?,3,corpus_989cdbc88c17,0.43,,e23add42-dc9f-4b46-aa21-ac722ae16c36,retail
0002,0002_coder_main_case_a62,case_a627525fa9,coder_main,12,Could you tell me more about key decisions?,4,corpus_d03a736a7273,0.424,,33042a3e-5e8e-4375-b964-0fe2252e504c,legal
0002,0002_coder_main_case_a62,case_a627525fa9,coder_main,12,Could you tell me more about key decisions?,5,corpus_4dcf69bf62d5,0.4205,,33042a3e-5e8e-4375-b964-0fe2252e504c,legal
0002,0002_coder_main_case_a62,case_a627525fa9,coder_main,13,Can you provide more specific examples of how these key decisions help streamline the process of making informed decisions and reduce the likelihood of making errors? What are some of the tools and sy,1,corpus_e97e4473aecb,0.501,,33042a3e-5e8e-4375-b964-0fe2252e504c,legal
0002,0002_coder_main_case_a62,case_a627525fa9,coder_main,13,Can you provide more specific examples of how these key decisions help streamline the process of making informed decisions and reduce the likelihood of making errors? What are some of the tools and sy,2,corpus_4d57172d11c6,0.4936,,33042a3e-5e8e-4375-b964-0fe2252e504c,legal
0002,0002_coder_main_case_a62,case_a627525fa9,coder_main,13,Can you provide more specific examples of how these key decisions help streamline the process of making informed decisions and reduce the likelihood of making errors? What are some of the tools and sy,3,corpus_b36b5568aa4c,0.4907,,33042a3e-5e8e-4375-b964-0fe2252e504c,legal
0002,0002_coder_main_case_a62,case_a627525fa9,coder_main,13,Can you provide more specific examples of how these key decisions help streamline the process of making informed decisions and reduce the likelihood of making errors? What are some of the tools and sy,4,corpus_5a5d2d35b7ee,0.4867,,33042a3e-5e8e-4375-b964-0fe2252e504c,legal
0002,0002_coder_main_case_a62,case_a627525fa9,coder_main,13,Can you provide more specific examples of how these key decisions help streamline the process of making informed decisions and reduce the likelihood of making errors? What are some of the tools and sy,5,corpus_bac618d107f0,0.4847,,33042a3e-5e8e-4375-b964-0fe2252e504c,legal
0002,0002_coder_main_case_a62,case_a627525fa9,coder_main,14,Could you tell me more about key decisions?,1,corpus_e97e4473aecb,0.501,,33042a3e-5e8e-4375-b964-0fe2252e504c,legal
0002,0002_coder_main_case_a62,case_a627525fa9,coder_main,14,Could you tell me more about key decisions?,2,corpus_4d57172d11c6,0.4936,,33042a3e-5e8e-4375-b964-0fe2252e504c,legal
0002,0002_coder_main_case_a62,case_a627525fa9,coder_main,14,Could you tell me more about key decisions?,3,corpus_b36b5568aa4c,0.4907,,33042a3e-5e8e-4375-b964-0fe2252e504c,legal
0002,0002_coder_main_case_a62,case_a627525fa9,coder_main,14,Could you tell me more about key decisions?,4,corpus_5a5d2d35b7ee,0.4867,,33042a3e-5e8e-4375-b964-0fe2252e504c,legal
0002,0002_coder_main_case_a62,case_a627525fa9,coder_main,14,Could you tell me more about key decisions?,5,corpus_bac618d107f0,0.4847,,33042a3e-5e8e-4375-b964-0fe2252e504c,legal
0002,0002_coder_main_case_8b2,case_8b29225c97,coder_main,1,Could you tell me more about domain area?,1,corpus_aac24ae0a7b4,0.5717,,33042a3e-5e8e-4375-b964-0fe2252e504c,legal
0002,0002_coder_main_case_8b2,case_8b29225c97,coder_main,1,Could you tell me more about domain area?,2,corpus_3e160cb0a1d2,0.5649,,33042a3e-5e8e-4375-b964-0fe2252e504c,legal
0002,0002_coder_main_case_8b2,case_8b29225c97,coder_main,1,Could you tell me more about domain area?,3,corpus_e634e990f73f,0.5647,,33042a3e-5e8e-4375-b964-0fe2252e504c,legal
0002,0002_coder_main_case_8b2,case_8b29225c97,coder_main,1,Could you tell me more about domain area?,4,corpus_d29ad5e339af,0.5512,,33042a3e-5e8e-4375-b964-0fe2252e504c,legal
0002,0002_coder_main_case_8b2,case_8b29225c97,coder_main,1,Could you tell me more about domain area?,5,corpus_611c7d18c7d3,0.5509,,33042a3e-5e8e-4375-b964-0fe2252e504c,legal
0002,0002_coder_main_case_8b2,case_8b29225c97,coder_main,2,Could you tell me more about domain area?,1,corpus_aac24ae0a7b4,0.5717,,33042a3e-5e8e-4375-b964-0fe2252e504c,legal
0002,0002_coder_main_case_8b2,case_8b29225c97,coder_main,2,Could you tell me more about domain area?,2,corpus_3e160cb0a1d2,0.5649,,33042a3e-5e8e-4375-b964-0fe2252e504c,legal
0002,0002_coder_main_case_8b2,case_8b29225c97,coder_main,2,Could you tell me more about domain area?,3,corpus_e634e990f73f,0.5647,,33042a3e-5e8e-4375-b964-0fe2252e504c,legal
0002,0002_coder_main_case_8b2,case_8b29225c97,coder_main,2,Could you tell me more about domain area?,4,corpus_d29ad5e339af,0.5512,,33042a3e-5e8e-4375-b964-0fe2252e504c,legal
0002,0002_coder_main_case_8b2,case_8b29225c97,coder_main,2,Could you tell me more about domain area?,5,corpus_611c7d18c7d3,0.5509,,33042a3e-5e8e-4375-b964-0fe2252e504c,legal
0002,0002_coder_main_case_8b2,case_8b29225c97,coder_main,3,Could you tell me more about domain area?,1,corpus_aac24ae0a7b4,0.5717,,33042a3e-5e8e-4375-b964-0fe2252e504c,legal
0002,0002_coder_main_case_8b2,case_8b29225c97,coder_main,3,Could you tell me more about domain area?,2,corpus_3e160cb0a1d2,0.5649,,33042a3e-5e8e-4375-b964-0fe2252e504c,legal
0002,0002_coder_main_case_8b2,case_8b29225c97,coder_main,3,Could you tell me more about domain area?,3,corpus_e634e990f73f,0.5647,,33042a3e-5e8e-4375-b964-0fe2252e504c,legal
0002,0002_coder_main_case_8b2,case_8b29225c97,coder_main,3,Could you tell me more about domain area?,4,corpus_d29ad5e339af,0.5512,,33042a3e-5e8e-4375-b964-0fe2252e504c,legal
0002,0002_coder_main_case_8b2,case_8b29225c97,coder_main,3,Could you tell me more about domain area?,5,corpus_611c7d18c7d3,0.5509,,33042a3e-5e8e-4375-b964-0fe2252e504c,legal
0002,0002_coder_main_case_8b2,case_8b29225c97,coder_main,4,"Based on your recent description of the enhanced collaboration and its impact on the IT department, could you provide an example of how the AI-powered search system improved the retrieval of tacit kno",1,corpus_eb07283f38c2,0.652,,33042a3e-5e8e-4375-b964-0fe2252e504c,legal
0002,0002_coder_main_case_8b2,case_8b29225c97,coder_main,4,"Based on your recent description of the enhanced collaboration and its impact on the IT department, could you provide an example of how the AI-powered search system improved the retrieval of tacit kno",2,corpus_972dc4d8c499,0.6452,,33042a3e-5e8e-4375-b964-0fe2252e504c,legal
0002,0002_coder_main_case_8b2,case_8b29225c97,coder_main,4,"Based on your recent description of the enhanced collaboration and its impact on the IT department, could you provide an example of how the AI-powered search system improved the retrieval of tacit kno",3,corpus_a6373c55c27b,0.6277,,33042a3e-5e8e-4375-b964-0fe2252e504c,legal
0002,0002_coder_main_case_8b2,case_8b29225c97,coder_main,4,"Based on your recent description of the enhanced collaboration and its impact on the IT department, could you provide an example of how the AI-powered search system improved the retrieval of tacit kno",4,corpus_4c1078ca06ee,0.6126,,33042a3e-5e8e-4375-b964-0fe2252e504c,legal
0002,0002_coder_main_case_8b2,case_8b29225c97,coder_main,4,"Based on your recent description of the enhanced collaboration and its impact on the IT department, could you provide an example of how the AI-powered search system improved the retrieval of tacit kno",5,corpus_562990475cf8,0.6124,,33042a3e-5e8e-4375-b964-0fe2252e504c,legal
0002,0002_coder_main_case_8b2,case_8b29225c97,coder_main,5,Could you tell me more about domain area?,1,corpus_aac24ae0a7b4,0.5717,,33042a3e-5e8e-4375-b964-0fe2252e504c,legal
0002,0002_coder_main_case_8b2,case_8b29225c97,coder_main,5,Could you tell me more about domain area?,2,corpus_3e160cb0a1d2,0.5649,,33042a3e-5e8e-4375-b964-0fe2252e504c,legal
0002,0002_coder_main_case_8b2,case_8b29225c97,coder_main,5,Could you tell me more about domain area?,3,corpus_e634e990f73f,0.5647,,33042a3e-5e8e-4375-b964-0fe2252e504c,legal
0002,0002_coder_main_case_8b2,case_8b29225c97,coder_main,5,Could you tell me more about domain area?,4,corpus_d29ad5e339af,0.5512,,33042a3e-5e8e-4375-b964-0fe2252e504c,legal
0002,0002_coder_main_case_8b2,case_8b29225c97,coder_main,5,Could you tell me more about domain area?,5,corpus_611c7d18c7d3,0.5509,,33042a3e-5e8e-4375-b964-0fe2252e504c,legal
0002,0002_coder_main_case_8b2,case_8b29225c97,coder_main,6,Could you tell me more about domain area?,1,corpus_aac24ae0a7b4,0.5717,,33042a3e-5e8e-4375-b964-0fe2252e504c,legal
0002,0002_coder_main_case_8b2,case_8b29225c97,coder_main,6,Could you tell me more about domain area?,2,corpus_3e160cb0a1d2,0.5649,,33042a3e-5e8e-4375-b964-0fe2252e504c,legal
0002,0002_coder_main_case_8b2,case_8b29225c97,coder_main,6,Could you tell me more about domain area?,3,corpus_e634e990f73f,0.5647,,33042a3e-5e8e-4375-b964-0fe2252e504c,legal
0002,0002_coder_main_case_8b2,case_8b29225c97,coder_main,6,Could you tell me more about domain area?,4,corpus_d29ad5e339af,0.5512,,33042a3e-5e8e-4375-b964-0fe2252e504c,legal
0002,0002_coder_main_case_8b2,case_8b29225c97,coder_main,6,Could you tell me more about domain area?,5,corpus_611c7d18c7d3,0.5509,,33042a3e-5e8e-4375-b964-0fe2252e504c,legal
0002,0002_coder_main_case_8b2,case_8b29225c97,coder_main,7,How did the AI-powered search system contribute to the overall efficiency and effectiveness of the IT department? Could you provide an example of how it improved the retrieval of tacit knowledge and l,1,corpus_562990475cf8,0.6439,,33042a3e-5e8e-4375-b964-0fe2252e504c,legal
0002,0002_coder_main_case_8b2,case_8b29225c97,coder_main,7,How did the AI-powered search system contribute to the overall efficiency and effectiveness of the IT department? Could you provide an example of how it improved the retrieval of tacit knowledge and l,2,corpus_d80f614a69a6,0.6415,,33042a3e-5e8e-4375-b964-0fe2252e504c,legal
0002,0002_coder_main_case_8b2,case_8b29225c97,coder_main,7,How did the AI-powered search system contribute to the overall efficiency and effectiveness of the IT department? Could you provide an example of how it improved the retrieval of tacit knowledge and l,3,corpus_972dc4d8c499,0.6366,,33042a3e-5e8e-4375-b964-0fe2252e504c,legal
0002,0002_coder_main_case_8b2,case_8b29225c97,coder_main,7,How did the AI-powered search system contribute to the overall efficiency and effectiveness of the IT department? Could you provide an example of how it improved the retrieval of tacit knowledge and l,4,corpus_3cff9ce2ea6e,0.6362,,33042a3e-5e8e-4375-b964-0fe2252e504c,legal
0002,0002_coder_main_case_8b2,case_8b29225c97,coder_main,7,How did the AI-powered search system contribute to the overall efficiency and effectiveness of the IT department? Could you provide an example of how it improved the retrieval of tacit knowledge and l,5,corpus_93b6b75d8e81,0.6229,,33042a3e-5e8e-4375-b964-0fe2252e504c,legal
0002,0002_coder_main_case_8b2,case_8b29225c97,coder_main,8,Could you tell me more about domain area?,1,corpus_aac24ae0a7b4,0.5717,,33042a3e-5e8e-4375-b964-0fe2252e504c,legal
0002,0002_coder_main_case_8b2,case_8b29225c97,coder_main,8,Could you tell me more about domain area?,2,corpus_3e160cb0a1d2,0.5649,,33042a3e-5e8e-4375-b964-0fe2252e504c,legal
0002,0002_coder_main_case_8b2,case_8b29225c97,coder_main,8,Could you tell me more about domain area?,3,corpus_e634e990f73f,0.5647,,33042a3e-5e8e-4375-b964-0fe2252e504c,legal
0002,0002_coder_main_case_8b2,case_8b29225c97,coder_main,8,Could you tell me more about domain area?,4,corpus_d29ad5e339af,0.5512,,33042a3e-5e8e-4375-b964-0fe2252e504c,legal
0002,0002_coder_main_case_8b2,case_8b29225c97,coder_main,8,Could you tell me more about domain area?,5,corpus_611c7d18c7d3,0.5509,,33042a3e-5e8e-4375-b964-0fe2252e504c,legal
0002,0002_coder_main_case_8b2,case_8b29225c97,coder_main,9,Could you tell me more about domain area?,1,corpus_aac24ae0a7b4,0.5717,,33042a3e-5e8e-4375-b964-0fe2252e504c,legal
0002,0002_coder_main_case_8b2,case_8b29225c97,coder_main,9,Could you tell me more about domain area?,2,corpus_3e160cb0a1d2,0.5649,,33042a3e-5e8e-4375-b964-0fe2252e504c,legal
0002,0002_coder_main_case_8b2,case_8b29225c97,coder_main,9,Could you tell me more about domain area?,3,corpus_e634e990f73f,0.5647,,33042a3e-5e8e-4375-b964-0fe2252e504c,legal
0002,0002_coder_main_case_8b2,case_8b29225c97,coder_main,9,Could you tell me more about domain area?,4,corpus_d29ad5e339af,0.5512,,33042a3e-5e8e-4375-b964-0fe2252e504c,legal
0002,0002_coder_main_case_8b2,case_8b29225c97,coder_main,9,Could you tell me more about domain area?,5,corpus_611c7d18c7d3,0.5509,,33042a3e-5e8e-4375-b964-0fe2252e504c,legal
0002,0002_coder_main_case_8b2,case_8b29225c97,coder_main,10,Could you tell me more about domain area?,1,corpus_aac24ae0a7b4,0.5717,,33042a3e-5e8e-4375-b964-0fe2252e504c,legal
0002,0002_coder_main_case_8b2,case_8b29225c97,coder_main,10,Could you tell me more about domain area?,2,corpus_3e160cb0a1d2,0.5649,,33042a3e-5e8e-4375-b964-0fe2252e504c,legal
0002,0002_coder_main_case_8b2,case_8b29225c97,coder_main,10,Could you tell me more about domain area?,3,corpus_e634e990f73f,0.5647,,33042a3e-5e8e-4375-b964-0fe2252e504c,legal
0002,0002_coder_main_case_8b2,case_8b29225c97,coder_main,10,Could you tell me more about domain area?,4,corpus_d29ad5e339af,0.5512,,33042a3e-5e8e-4375-b964-0fe2252e504c,legal
0002,0002_coder_main_case_8b2,case_8b29225c97,coder_main,10,Could you tell me more about domain area?,5,corpus_611c7d18c7d3,0.5509,,33042a3e-5e8e-4375-b964-0fe2252e504c,legal
0002,0002_coder_main_case_8b2,case_8b29225c97,coder_main,11,Could you tell me more about domain area?,1,corpus_aac24ae0a7b4,0.5717,,33042a3e-5e8e-4375-b964-0fe2252e504c,legal
0002,0002_coder_main_case_8b2,case_8b29225c97,coder_main,11,Could you tell me more about domain area?,2,corpus_3e160cb0a1d2,0.5649,,33042a3e-5e8e-4375-b964-0fe2252e504c,legal
0002,0002_coder_main_case_8b2,case_8b29225c97,coder_main,11,Could you tell me more about domain area?,3,corpus_e634e990f73f,0.5647,,33042a3e-5e8e-4375-b964-0fe2252e504c,legal
0002,0002_coder_main_case_8b2,case_8b29225c97,coder_main,11,Could you tell me more about domain area?,4,corpus_d29ad5e339af,0.5512,,33042a3e-5e8e-4375-b964-0fe2252e504c,legal
0002,0002_coder_main_case_8b2,case_8b29225c97,coder_main,11,Could you tell me more about domain area?,5,corpus_611c7d18c7d3,0.5509,,33042a3e-5e8e-4375-b964-0fe2252e504c,legal
0002,0002_coder_main_case_8b2,case_8b29225c97,coder_main,12,How has the integration of the EKM system enhanced operational efficiency and fostored a more cohesive and efficient IT department compared to the legacy SharePoint instance?,1,corpus_3e160cb0a1d2,0.547,,33042a3e-5e8e-4375-b964-0fe2252e504c,legal
0002,0002_coder_main_case_8b2,case_8b29225c97,coder_main,12,How has the integration of the EKM system enhanced operational efficiency and fostored a more cohesive and efficient IT department compared to the legacy SharePoint instance?,2,corpus_b36b5568aa4c,0.54,,33042a3e-5e8e-4375-b964-0fe2252e504c,legal
0002,0002_coder_main_case_8b2,case_8b29225c97,coder_main,12,How has the integration of the EKM system enhanced operational efficiency and fostored a more cohesive and efficient IT department compared to the legacy SharePoint instance?,3,corpus_d13abd43c4d2,0.539,,33042a3e-5e8e-4375-b964-0fe2252e504c,legal
0002,0002_coder_main_case_8b2,case_8b29225c97,coder_main,12,How has the integration of the EKM system enhanced operational efficiency and fostored a more cohesive and efficient IT department compared to the legacy SharePoint instance?,4,corpus_9e63a2fc48a5,0.5376,,33042a3e-5e8e-4375-b964-0fe2252e504c,legal
0002,0002_coder_main_case_8b2,case_8b29225c97,coder_main,12,How has the integration of the EKM system enhanced operational efficiency and fostored a more cohesive and efficient IT department compared to the legacy SharePoint instance?,5,corpus_e97e4473aecb,0.5365,,33042a3e-5e8e-4375-b964-0fe2252e504c,legal
0002,0002_coder_main_case_8b2,case_8b29225c97,coder_main,13,Could you tell me more about technologies used?,1,corpus_4709625e9a6d,0.5074,,33042a3e-5e8e-4375-b964-0fe2252e504c,legal
0002,0002_coder_main_case_8b2,case_8b29225c97,coder_main,13,Could you tell me more about technologies used?,2,corpus_fcffcdc1e2e9,0.5023,,33042a3e-5e8e-4375-b964-0fe2252e504c,legal
0002,0002_coder_main_case_8b2,case_8b29225c97,coder_main,13,Could you tell me more about technologies used?,3,corpus_972dc4d8c499,0.4994,,33042a3e-5e8e-4375-b964-0fe2252e504c,legal
0002,0002_coder_main_case_8b2,case_8b29225c97,coder_main,13,Could you tell me more about technologies used?,4,corpus_db9362e0b6cb,0.4915,,33042a3e-5e8e-4375-b964-0fe2252e504c,legal
0002,0002_coder_main_case_8b2,case_8b29225c97,coder_main,13,Could you tell me more about technologies used?,5,corpus_3cff9ce2ea6e,0.4897,,33042a3e-5e8e-4375-b964-0fe2252e504c,legal
0002,0002_coder_main_case_8b2,case_8b29225c97,coder_main,14,Could you tell me more about technologies used?,1,corpus_4709625e9a6d,0.5074,,33042a3e-5e8e-4375-b964-0fe2252e504c,legal
0002,0002_coder_main_case_8b2,case_8b29225c97,coder_main,14,Could you tell me more about technologies used?,2,corpus_fcffcdc1e2e9,0.5023,,33042a3e-5e8e-4375-b964-0fe2252e504c,legal
0002,0002_coder_main_case_8b2,case_8b29225c97,coder_main,14,Could you tell me more about technologies used?,3,corpus_972dc4d8c499,0.4994,,33042a3e-5e8e-4375-b964-0fe2252e504c,legal
0002,0002_coder_main_case_8b2,case_8b29225c97,coder_main,14,Could you tell me more about technologies used?,4,corpus_db9362e0b6cb,0.4915,,33042a3e-5e8e-4375-b964-0fe2252e504c,legal
0002,0002_coder_main_case_8b2,case_8b29225c97,coder_main,14,Could you tell me more about technologies used?,5,corpus_3cff9ce2ea6e,0.4897,,33042a3e-5e8e-4375-b964-0fe2252e504c,legal
0002,0002_coder_main_case_a62,case_a627525fa9,coder_main,1,Could you tell me more about domain area?,1,corpus_9d2db1b0788c,0.4414,,33042a3e-5e8e-4375-b964-0fe2252e504c,legal
0002,0002_coder_main_case_a62,case_a627525fa9,coder_main,1,Could you tell me more about domain area?,2,corpus_96f9ac4f9031,0.4376,,33042a3e-5e8e-4375-b964-0fe2252e504c,legal
0002,0002_coder_main_case_a62,case_a627525fa9,coder_main,1,Could you tell me more about domain area?,3,corpus_d03a736a7273,0.4308,,33042a3e-5e8e-4375-b964-0fe2252e504c,legal
0002,0002_coder_main_case_a62,case_a627525fa9,coder_main,1,Could you tell me more about domain area?,4,corpus_4dcf69bf62d5,0.4252,,33042a3e-5e8e-4375-b964-0fe2252e504c,legal
0002,0002_coder_main_case_a62,case_a627525fa9,coder_main,1,Could you tell me more about domain area?,5,corpus_db9362e0b6cb,0.424,,33042a3e-5e8e-4375-b964-0fe2252e504c,legal
0002,0002_coder_main_case_a62,case_a627525fa9,coder_main,2,Could you tell me more about domain area?,1,corpus_9d2db1b0788c,0.4414,,33042a3e-5e8e-4375-b964-0fe2252e504c,legal
0002,0002_coder_main_case_a62,case_a627525fa9,coder_main,2,Could you tell me more about domain area?,2,corpus_96f9ac4f9031,0.4376,,33042a3e-5e8e-4375-b964-0fe2252e504c,legal
0002,0002_coder_main_case_a62,case_a627525fa9,coder_main,2,Could you tell me more about domain area?,3,corpus_d03a736a7273,0.4308,,33042a3e-5e8e-4375-b964-0fe2252e504c,legal
0002,0002_coder_main_case_a62,case_a627525fa9,coder_main,2,Could you tell me more about domain area?,4,corpus_4dcf69bf62d5,0.4252,,33042a3e-5e8e-4375-b964-0fe2252e504c,legal
0002,0002_coder_main_case_a62,case_a627525fa9,coder_main,2,Could you tell me more about domain area?,5,corpus_db9362e0b6cb,0.424,,33042a3e-5e8e-4375-b964-0fe2252e504c,legal
0002,0002_coder_main_case_a62,case_a627525fa9,coder_main,3,Could you tell me more about domain area?,1,corpus_9d2db1b0788c,0.4414,,33042a3e-5e8e-4375-b964-0fe2252e504c,legal
0002,0002_coder_main_case_a62,case_a627525fa9,coder_main,3,Could you tell me more about domain area?,2,corpus_96f9ac4f9031,0.4376,,33042a3e-5e8e-4375-b964-0fe2252e504c,legal
0002,0002_coder_main_case_a62,case_a627525fa9,coder_main,3,Could you tell me more about domain area?,3,corpus_d03a736a7273,0.4308,,33042a3e-5e8e-4375-b964-0fe2252e504c,legal
0002,0002_coder_main_case_a62,case_a627525fa9,coder_main,3,Could you tell me more about domain area?,4,corpus_4dcf69bf62d5,0.4252,,33042a3e-5e8e-4375-b964-0fe2252e504c,legal
0002,0002_coder_main_case_a62,case_a627525fa9,coder_main,3,Could you tell me more about domain area?,5,corpus_db9362e0b6cb,0.424,,33042a3e-5e8e-4375-b964-0fe2252e504c,legal
0002,0002_coder_main_case_a62,case_a627525fa9,coder_main,4,What specific technology or tool are you using to develop marketing materials and third-party tools?,1,corpus_989cdbc88c17,0.4991,,e23add42-dc9f-4b46-aa21-ac722ae16c36,retail
0002,0002_coder_main_case_a62,case_a627525fa9,coder_main,4,What specific technology or tool are you using to develop marketing materials and third-party tools?,2,corpus_f1dbaf55f517,0.4702,,e23add42-dc9f-4b46-aa21-ac722ae16c36,retail
0002,0002_coder_main_case_a62,case_a627525fa9,coder_main,4,What specific technology or tool are you using to develop marketing materials and third-party tools?,3,corpus_4dcf69bf62d5,0.4595,,33042a3e-5e8e-4375-b964-0fe2252e504c,legal
0002,0002_coder_main_case_a62,case_a627525fa9,coder_main,4,What specific technology or tool are you using to develop marketing materials and third-party tools?,4,corpus_54e38e63b2d8,0.4536,,e23add42-dc9f-4b46-aa21-ac722ae16c36,retail
0002,0002_coder_main_case_a62,case_a627525fa9,coder_main,4,What specific technology or tool are you using to develop marketing materials and third-party tools?,5,corpus_ac167edc04d3,0.4464,,33042a3e-5e8e-4375-b964-0fe2252e504c,legal
0002,0002_coder_main_case_a62,case_a627525fa9,coder_main,5,Can you give me some examples of how these tools help in developing marketing materials and third-party tools?,1,corpus_209220826904,0.539,,e23add42-dc9f-4b46-aa21-ac722ae16c36,retail
0002,0002_coder_main_case_a62,case_a627525fa9,coder_main,5,Can you give me some examples of how these tools help in developing marketing materials and third-party tools?,2,corpus_d0300aec13ed,0.5281,,33042a3e-5e8e-4375-b964-0fe2252e504c,legal
0002,0002_coder_main_case_a62,case_a627525fa9,coder_main,5,Can you give me some examples of how these tools help in developing marketing materials and third-party tools?,3,corpus_fcffcdc1e2e9,0.5251,,33042a3e-5e8e-4375-b964-0fe2252e504c,legal
0002,0002_coder_main_case_a62,case_a627525fa9,coder_main,5,Can you give me some examples of how these tools help in developing marketing materials and third-party tools?,4,corpus_c61456086ff7,0.5216,,af4b9da3-16de-4510-a1cb-2a32e101c884,healthcare
0002,0002_coder_main_case_a62,case_a627525fa9,coder_main,5,Can you give me some examples of how these tools help in developing marketing materials and third-party tools?,5,corpus_4709625e9a6d,0.518,,33042a3e-5e8e-4375-b964-0fe2252e504c,legal
0002,0002_coder_main_case_a62,case_a627525fa9,coder_main,6,Could you tell me more about domain area?,1,corpus_9d2db1b0788c,0.4414,,33042a3e-5e8e-4375-b964-0fe2252e504c,legal
0002,0002_coder_main_case_a62,case_a627525fa9,coder_main,6,Could you tell me more about domain area?,2,corpus_96f9ac4f9031,0.4376,,33042a3e-5e8e-4375-b964-0fe2252e504c,legal
0002,0002_coder_main_case_a62,case_a627525fa9,coder_main,6,Could you tell me more about domain area?,3,corpus_d03a736a7273,0.4308,,33042a3e-5e8e-4375-b964-0fe2252e504c,legal
0002,0002_coder_main_case_a62,case_a627525fa9,coder_main,6,Could you tell me more about domain area?,4,corpus_4dcf69bf62d5,0.4252,,33042a3e-5e8e-4375-b964-0fe2252e504c,legal
0002,0002_coder_main_case_a62,case_a627525fa9,coder_main,6,Could you tell me more about domain area?,5,corpus_db9362e0b6cb,0.424,,33042a3e-5e8e-4375-b964-0fe2252e504c,legal
0002,0002_coder_main_case_a62,case_a627525fa9,coder_main,7,Could you tell me more about domain area?,1,corpus_9d2db1b0788c,0.4414,,33042a3e-5e8e-4375-b964-0fe2252e504c,legal
0002,0002_coder_main_case_a62,case_a627525fa9,coder_main,7,Could you tell me more about domain area?,2,corpus_96f9ac4f9031,0.4376,,33042a3e-5e8e-4375-b964-0fe2252e504c,legal
0002,0002_coder_main_case_a62,case_a627525fa9,coder_main,7,Could you tell me more about domain area?,3,corpus_d03a736a7273,0.4308,,33042a3e-5e8e-4375-b964-0fe2252e504c,legal
0002,0002_coder_main_case_a62,case_a627525fa9,coder_main,7,Could you tell me more about domain area?,4,corpus_4dcf69bf62d5,0.4252,,33042a3e-5e8e-4375-b964-0fe2252e504c,legal
0002,0002_coder_main_case_a62,case_a627525fa9,coder_main,7,Could you tell me more about domain area?,5,corpus_db9362e0b6cb,0.424,,33042a3e-5e8e-4375-b964-0fe2252e504c,legal
0002,0002_coder_main_case_a62,case_a627525fa9,coder_main,8,Could you provide more details on how you are connecting data from Jira and other sources to create a knowledge graph for the marketing materials and third-party tools?,1,corpus_a3b9f7d6021d,0.5539,,e23add42-dc9f-4b46-aa21-ac722ae16c36,retail
0002,0002_coder_main_case_a62,case_a627525fa9,coder_main,8,Could you provide more details on how you are connecting data from Jira and other sources to create a knowledge graph for the marketing materials and third-party tools?,2,corpus_972dc4d8c499,0.5455,,33042a3e-5e8e-4375-b964-0fe2252e504c,legal
0002,0002_coder_main_case_a62,case_a627525fa9,coder_main,8,Could you provide more details on how you are connecting data from Jira and other sources to create a knowledge graph for the marketing materials and third-party tools?,3,corpus_9ee7167294e2,0.5425,,af4b9da3-16de-4510-a1cb-2a32e101c884,healthcare
0002,0002_coder_main_case_a62,case_a627525fa9,coder_main,8,Could you provide more details on how you are connecting data from Jira and other sources to create a knowledge graph for the marketing materials and third-party tools?,4,corpus_d80f614a69a6,0.5416,,33042a3e-5e8e-4375-b964-0fe2252e504c,legal
0002,0002_coder_main_case_a62,case_a627525fa9,coder_main,8,Could you provide more details on how you are connecting data from Jira and other sources to create a knowledge graph for the marketing materials and third-party tools?,5,corpus_2d8c4747a942,0.5394,,33042a3e-5e8e-4375-b964-0fe2252e504c,legal
0002,0002_coder_main_case_a62,case_a627525fa9,coder_main,9,Could you tell me more about domain area?,1,corpus_9d2db1b0788c,0.4414,,33042a3e-5e8e-4375-b964-0fe2252e504c,legal
0002,0002_coder_main_case_a62,case_a627525fa9,coder_main,9,Could you tell me more about domain area?,2,corpus_96f9ac4f9031,0.4376,,33042a3e-5e8e-4375-b964-0fe2252e504c,legal
0002,0002_coder_main_case_a62,case_a627525fa9,coder_main,9,Could you tell me more about domain area?,3,corpus_d03a736a7273,0.4308,,33042a3e-5e8e-4375-b964-0fe2252e504c,legal
0002,0002_coder_main_case_a62,case_a627525fa9,coder_main,9,Could you tell me more about domain area?,4,corpus_4dcf69bf62d5,0.4252,,33042a3e-5e8e-4375-b964-0fe2252e504c,legal
0002,0002_coder_main_case_a62,case_a627525fa9,coder_main,9,Could you tell me more about domain area?,5,corpus_db9362e0b6cb,0.424,,33042a3e-5e8e-4375-b964-0fe2252e504c,legal
0002,0002_coder_main_case_a62,case_a627525fa9,coder_main,10,Could you tell me more about domain area?,1,corpus_9d2db1b0788c,0.4414,,33042a3e-5e8e-4375-b964-0fe2252e504c,legal
0002,0002_coder_main_case_a62,case_a627525fa9,coder_main,10,Could you tell me more about domain area?,2,corpus_96f9ac4f9031,0.4376,,33042a3e-5e8e-4375-b964-0fe2252e504c,legal
0002,0002_coder_main_case_a62,case_a627525fa9,coder_main,10,Could you tell me more about domain area?,3,corpus_d03a736a7273,0.4308,,33042a3e-5e8e-4375-b964-0fe2252e504c,legal
0002,0002_coder_main_case_a62,case_a627525fa9,coder_main,10,Could you tell me more about domain area?,4,corpus_4dcf69bf62d5,0.4252,,33042a3e-5e8e-4375-b964-0fe2252e504c,legal
0002,0002_coder_main_case_a62,case_a627525fa9,coder_main,10,Could you tell me more about domain area?,5,corpus_db9362e0b6cb,0.424,,33042a3e-5e8e-4375-b964-0fe2252e504c,legal
0002,0002_coder_main_case_a62,case_a627525fa9,coder_main,11,Could you tell me more about domain area?,1,corpus_9d2db1b0788c,0.4414,,33042a3e-5e8e-4375-b964-0fe2252e504c,legal
0002,0002_coder_main_case_a62,case_a627525fa9,coder_main,11,Could you tell me more about domain area?,2,corpus_96f9ac4f9031,0.4376,,33042a3e-5e8e-4375-b964-0fe2252e504c,legal
0002,0002_coder_main_case_a62,case_a627525fa9,coder_main,11,Could you tell me more about domain area?,3,corpus_d03a736a7273,0.4308,,33042a3e-5e8e-4375-b964-0fe2252e504c,legal
0002,0002_coder_main_case_a62,case_a627525fa9,coder_main,11,Could you tell me more about domain area?,4,corpus_4dcf69bf62d5,0.4252,,33042a3e-5e8e-4375-b964-0fe2252e504c,legal
0002,0002_coder_main_case_a62,case_a627525fa9,coder_main,11,Could you tell me more about domain area?,5,corpus_db9362e0b6cb,0.424,,33042a3e-5e8e-4375-b964-0fe2252e504c,legal
0002,0002_coder_main_case_a62,case_a627525fa9,coder_main,12,How do you plan to ensure that the knowledge graph generated by InnovateTech is accurate and reliable?,1,corpus_4244f436fae8,0.5469,,e23add42-dc9f-4b46-aa21-ac722ae16c36,retail
0002,0002_coder_main_case_a62,case_a627525fa9,coder_main,12,How do you plan to ensure that the knowledge graph generated by InnovateTech is accurate and reliable?,2,corpus_dd46ff047548,0.5309,,33042a3e-5e8e-4375-b964-0fe2252e504c,legal
0002,0002_coder_main_case_a62,case_a627525fa9,coder_main,12,How do you plan to ensure that the knowledge graph generated by InnovateTech is accurate and reliable?,3,corpus_fdc18a2962cd,0.526,,e23add42-dc9f-4b46-aa21-ac722ae16c36,retail
0002,0002_coder_main_case_a62,case_a627525fa9,coder_main,12,How do you plan to ensure that the knowledge graph generated by InnovateTech is accurate and reliable?,4,corpus_9d5e2ec4aecd,0.5232,,e23add42-dc9f-4b46-aa21-ac722ae16c36,retail
0002,0002_coder_main_case_a62,case_a627525fa9,coder_main,12,How do you plan to ensure that the knowledge graph generated by InnovateTech is accurate and reliable?,5,corpus_a3b9f7d6021d,0.519,,e23add42-dc9f-4b46-aa21-ac722ae16c36,retail
0002,0002_coder_main_case_a62,case_a627525fa9,coder_main,13,Could you tell me more about domain area?,1,corpus_9d2db1b0788c,0.4414,,33042a3e-5e8e-4375-b964-0fe2252e504c,legal
0002,0002_coder_main_case_a62,case_a627525fa9,coder_main,13,Could you tell me more about domain area?,2,corpus_96f9ac4f9031,0.4376,,33042a3e-5e8e-4375-b964-0fe2252e504c,legal
0002,0002_coder_main_case_a62,case_a627525fa9,coder_main,13,Could you tell me more about domain area?,3,corpus_d03a736a7273,0.4308,,33042a3e-5e8e-4375-b964-0fe2252e504c,legal
0002,0002_coder_main_case_a62,case_a627525fa9,coder_main,13,Could you tell me more about domain area?,4,corpus_4dcf69bf62d5,0.4252,,33042a3e-5e8e-4375-b964-0fe2252e504c,legal
0002,0002_coder_main_case_a62,case_a627525fa9,coder_main,13,Could you tell me more about domain area?,5,corpus_db9362e0b6cb,0.424,,33042a3e-5e8e-4375-b964-0fe2252e504c,legal
0002,0002_coder_main_case_a62,case_a627525fa9,coder_main,14,Could you tell me more about domain area?,1,corpus_9d2db1b0788c,0.4414,,33042a3e-5e8e-4375-b964-0fe2252e504c,legal
0002,0002_coder_main_case_a62,case_a627525fa9,coder_main,14,Could you tell me more about domain area?,2,corpus_96f9ac4f9031,0.4376,,33042a3e-5e8e-4375-b964-0fe2252e504c,legal
0002,0002_coder_main_case_a62,case_a627525fa9,coder_main,14,Could you tell me more about domain area?,3,corpus_d03a736a7273,0.4308,,33042a3e-5e8e-4375-b964-0fe2252e504c,legal
0002,0002_coder_main_case_a62,case_a627525fa9,coder_main,14,Could you tell me more about domain area?,4,corpus_4dcf69bf62d5,0.4252,,33042a3e-5e8e-4375-b964-0fe2252e504c,legal
0002,0002_coder_main_case_a62,case_a627525fa9,coder_main,14,Could you tell me more about domain area?,5,corpus_db9362e0b6cb,0.424,,33042a3e-5e8e-4375-b964-0fe2252e504c,legal
0002,0002_coder_main_case_a62,case_a627525fa9,coder_main,1,Could you tell me more about domain area?,1,corpus_9d2db1b0788c,0.4414,,33042a3e-5e8e-4375-b964-0fe2252e504c,legal
0002,0002_coder_main_case_a62,case_a627525fa9,coder_main,1,Could you tell me more about domain area?,2,corpus_96f9ac4f9031,0.4376,,33042a3e-5e8e-4375-b964-0fe2252e504c,legal
0002,0002_coder_main_case_a62,case_a627525fa9,coder_main,1,Could you tell me more about domain area?,3,corpus_d03a736a7273,0.4308,,33042a3e-5e8e-4375-b964-0fe2252e504c,legal
0002,0002_coder_main_case_a62,case_a627525fa9,coder_main,1,Could you tell me more about domain area?,4,corpus_4dcf69bf62d5,0.4252,,33042a3e-5e8e-4375-b964-0fe2252e504c,legal
0002,0002_coder_main_case_a62,case_a627525fa9,coder_main,1,Could you tell me more about domain area?,5,corpus_db9362e0b6cb,0.424,,33042a3e-5e8e-4375-b964-0fe2252e504c,legal
0002,0002_coder_main_case_a62,case_a627525fa9,coder_main,2,Could you tell me more about domain area?,1,corpus_9d2db1b0788c,0.4414,,33042a3e-5e8e-4375-b964-0fe2252e504c,legal
0002,0002_coder_main_case_a62,case_a627525fa9,coder_main,2,Could you tell me more about domain area?,2,corpus_96f9ac4f9031,0.4376,,33042a3e-5e8e-4375-b964-0fe2252e504c,legal
0002,0002_coder_main_case_a62,case_a627525fa9,coder_main,2,Could you tell me more about domain area?,3,corpus_d03a736a7273,0.4308,,33042a3e-5e8e-4375-b964-0fe2252e504c,legal
0002,0002_coder_main_case_a62,case_a627525fa9,coder_main,2,Could you tell me more about domain area?,4,corpus_4dcf69bf62d5,0.4252,,33042a3e-5e8e-4375-b964-0fe2252e504c,legal
0002,0002_coder_main_case_a62,case_a627525fa9,coder_main,2,Could you tell me more about domain area?,5,corpus_db9362e0b6cb,0.424,,33042a3e-5e8e-4375-b964-0fe2252e504c,legal
0002,0002_coder_main_case_a62,case_a627525fa9,coder_main,3,Could you tell me more about domain area?,1,corpus_9d2db1b0788c,0.4414,,33042a3e-5e8e-4375-b964-0fe2252e504c,legal
0002,0002_coder_main_case_a62,case_a627525fa9,coder_main,3,Could you tell me more about domain area?,2,corpus_96f9ac4f9031,0.4376,,33042a3e-5e8e-4375-b964-0fe2252e504c,legal
0002,0002_coder_main_case_a62,case_a627525fa9,coder_main,3,Could you tell me more about domain area?,3,corpus_d03a736a7273,0.4308,,33042a3e-5e8e-4375-b964-0fe2252e504c,legal
0002,0002_coder_main_case_a62,case_a627525fa9,coder_main,3,Could you tell me more about domain area?,4,corpus_4dcf69bf62d5,0.4252,,33042a3e-5e8e-4375-b964-0fe2252e504c,legal
0002,0002_coder_main_case_a62,case_a627525fa9,coder_main,3,Could you tell me more about domain area?,5,corpus_db9362e0b6cb,0.424,,33042a3e-5e8e-4375-b964-0fe2252e504c,legal
0002,0002_coder_main_case_a62,case_a627525fa9,coder_main,4,Could you tell me more about domain area?,1,corpus_9d2db1b0788c,0.4414,,33042a3e-5e8e-4375-b964-0fe2252e504c,legal
0002,0002_coder_main_case_a62,case_a627525fa9,coder_main,4,Could you tell me more about domain area?,2,corpus_96f9ac4f9031,0.4376,,33042a3e-5e8e-4375-b964-0fe2252e504c,legal
0002,0002_coder_main_case_a62,case_a627525fa9,coder_main,4,Could you tell me more about domain area?,3,corpus_d03a736a7273,0.4308,,33042a3e-5e8e-4375-b964-0fe2252e504c,legal
0002,0002_coder_main_case_a62,case_a627525fa9,coder_main,4,Could you tell me more about domain area?,4,corpus_4dcf69bf62d5,0.4252,,33042a3e-5e8e-4375-b964-0fe2252e504c,legal
0002,0002_coder_main_case_a62,case_a627525fa9,coder_main,4,Could you tell me more about domain area?,5,corpus_db9362e0b6cb,0.424,,33042a3e-5e8e-4375-b964-0fe2252e504c,legal
0002,0002_coder_main_case_a62,case_a627525fa9,coder_main,5,Could you tell me more about domain area?,1,corpus_9d2db1b0788c,0.4414,,33042a3e-5e8e-4375-b964-0fe2252e504c,legal
0002,0002_coder_main_case_a62,case_a627525fa9,coder_main,5,Could you tell me more about domain area?,2,corpus_96f9ac4f9031,0.4376,,33042a3e-5e8e-4375-b964-0fe2252e504c,legal
0002,0002_coder_main_case_a62,case_a627525fa9,coder_main,5,Could you tell me more about domain area?,3,corpus_d03a736a7273,0.4308,,33042a3e-5e8e-4375-b964-0fe2252e504c,legal
0002,0002_coder_main_case_a62,case_a627525fa9,coder_main,5,Could you tell me more about domain area?,4,corpus_4dcf69bf62d5,0.4252,,33042a3e-5e8e-4375-b964-0fe2252e504c,legal
0002,0002_coder_main_case_a62,case_a627525fa9,coder_main,5,Could you tell me more about domain area?,5,corpus_db9362e0b6cb,0.424,,33042a3e-5e8e-4375-b964-0fe2252e504c,legal
0002,0002_coder_main_case_a62,case_a627525fa9,coder_main,6,Could you tell me more about domain area?,1,corpus_9d2db1b0788c,0.4414,,33042a3e-5e8e-4375-b964-0fe2252e504c,legal
0002,0002_coder_main_case_a62,case_a627525fa9,coder_main,6,Could you tell me more about domain area?,2,corpus_96f9ac4f9031,0.4376,,33042a3e-5e8e-4375-b964-0fe2252e504c,legal
0002,0002_coder_main_case_a62,case_a627525fa9,coder_main,6,Could you tell me more about domain area?,3,corpus_d03a736a7273,0.4308,,33042a3e-5e8e-4375-b964-0fe2252e504c,legal
0002,0002_coder_main_case_a62,case_a627525fa9,coder_main,6,Could you tell me more about domain area?,4,corpus_4dcf69bf62d5,0.4252,,33042a3e-5e8e-4375-b964-0fe2252e504c,legal
0002,0002_coder_main_case_a62,case_a627525fa9,coder_main,6,Could you tell me more about domain area?,5,corpus_db9362e0b6cb,0.424,,33042a3e-5e8e-4375-b964-0fe2252e504c,legal
0002,0002_coder_main_case_a62,case_a627525fa9,coder_main,7,Could you tell me more about domain area?,1,corpus_9d2db1b0788c,0.4414,,33042a3e-5e8e-4375-b964-0fe2252e504c,legal
0002,0002_coder_main_case_a62,case_a627525fa9,coder_main,7,Could you tell me more about domain area?,2,corpus_96f9ac4f9031,0.4376,,33042a3e-5e8e-4375-b964-0fe2252e504c,legal
0002,0002_coder_main_case_a62,case_a627525fa9,coder_main,7,Could you tell me more about domain area?,3,corpus_d03a736a7273,0.4308,,33042a3e-5e8e-4375-b964-0fe2252e504c,legal
0002,0002_coder_main_case_a62,case_a627525fa9,coder_main,7,Could you tell me more about domain area?,4,corpus_4dcf69bf62d5,0.4252,,33042a3e-5e8e-4375-b964-0fe2252e504c,legal
0002,0002_coder_main_case_a62,case_a627525fa9,coder_main,7,Could you tell me more about domain area?,5,corpus_db9362e0b6cb,0.424,,33042a3e-5e8e-4375-b964-0fe2252e504c,legal
0002,0002_coder_main_case_a62,case_a627525fa9,coder_main,8,Could you tell me more about domain area?,1,corpus_9d2db1b0788c,0.4414,,33042a3e-5e8e-4375-b964-0fe2252e504c,legal
0002,0002_coder_main_case_a62,case_a627525fa9,coder_main,8,Could you tell me more about domain area?,2,corpus_96f9ac4f9031,0.4376,,33042a3e-5e8e-4375-b964-0fe2252e504c,legal
0002,0002_coder_main_case_a62,case_a627525fa9,coder_main,8,Could you tell me more about domain area?,3,corpus_d03a736a7273,0.4308,,33042a3e-5e8e-4375-b964-0fe2252e504c,legal
0002,0002_coder_main_case_a62,case_a627525fa9,coder_main,8,Could you tell me more about domain area?,4,corpus_4dcf69bf62d5,0.4252,,33042a3e-5e8e-4375-b964-0fe2252e504c,legal
0002,0002_coder_main_case_a62,case_a627525fa9,coder_main,8,Could you tell me more about domain area?,5,corpus_db9362e0b6cb,0.424,,33042a3e-5e8e-4375-b964-0fe2252e504c,legal
0002,0002_coder_main_case_a62,case_a627525fa9,coder_main,9,"What specific challenges have you encountered in your organization around domain area, and how have you overcome them?",1,corpus_209220826904,0.5415,,e23add42-dc9f-4b46-aa21-ac722ae16c36,retail
0002,0002_coder_main_case_a62,case_a627525fa9,coder_main,9,"What specific challenges have you encountered in your organization around domain area, and how have you overcome them?",2,corpus_9cfdf1737cea,0.5308,,33042a3e-5e8e-4375-b964-0fe2252e504c,legal
0002,0002_coder_main_case_a62,case_a627525fa9,coder_main,9,"What specific challenges have you encountered in your organization around domain area, and how have you overcome them?",3,corpus_fcffcdc1e2e9,0.5256,,33042a3e-5e8e-4375-b964-0fe2252e504c,legal
0002,0002_coder_main_case_a62,case_a627525fa9,coder_main,9,"What specific challenges have you encountered in your organization around domain area, and how have you overcome them?",4,corpus_4b47604ce9b7,0.5235,,33042a3e-5e8e-4375-b964-0fe2252e504c,legal
0002,0002_coder_main_case_a62,case_a627525fa9,coder_main,9,"What specific challenges have you encountered in your organization around domain area, and how have you overcome them?",5,corpus_7fa3bd5aef67,0.5211,,33042a3e-5e8e-4375-b964-0fe2252e504c,legal
0002,0002_coder_main_case_a62,case_a627525fa9,coder_main,10,"Given the recent challenges you've encountered in your organization around domain area, how do you think these challenges are impacting the overall operational impact of your company, and what steps a",1,corpus_a3b9f7d6021d,0.5778,,e23add42-dc9f-4b46-aa21-ac722ae16c36,retail
0002,0002_coder_main_case_a62,case_a627525fa9,coder_main,10,"Given the recent challenges you've encountered in your organization around domain area, how do you think these challenges are impacting the overall operational impact of your company, and what steps a",2,corpus_989cdbc88c17,0.57,,e23add42-dc9f-4b46-aa21-ac722ae16c36,retail
0002,0002_coder_main_case_a62,case_a627525fa9,coder_main,10,"Given the recent challenges you've encountered in your organization around domain area, how do you think these challenges are impacting the overall operational impact of your company, and what steps a",3,corpus_25d9678ca161,0.5341,,e23add42-dc9f-4b46-aa21-ac722ae16c36,retail
0002,0002_coder_main_case_a62,case_a627525fa9,coder_main,10,"Given the recent challenges you've encountered in your organization around domain area, how do you think these challenges are impacting the overall operational impact of your company, and what steps a",4,corpus_4244f436fae8,0.5248,,e23add42-dc9f-4b46-aa21-ac722ae16c36,retail
0002,0002_coder_main_case_a62,case_a627525fa9,coder_main,10,"Given the recent challenges you've encountered in your organization around domain area, how do you think these challenges are impacting the overall operational impact of your company, and what steps a",5,corpus_45c3f23ed7eb,0.5173,,e23add42-dc9f-4b46-aa21-ac722ae16c36,retail
0002,0002_coder_main_case_a62,case_a627525fa9,coder_main,11,Could you tell me more about technologies used?,1,corpus_209220826904,0.5499,,e23add42-dc9f-4b46-aa21-ac722ae16c36,retail
0002,0002_coder_main_case_a62,case_a627525fa9,coder_main,11,Could you tell me more about technologies used?,2,corpus_fcffcdc1e2e9,0.5128,,33042a3e-5e8e-4375-b964-0fe2252e504c,legal
0002,0002_coder_main_case_a62,case_a627525fa9,coder_main,11,Could you tell me more about technologies used?,3,corpus_efd7418d8083,0.5057,,33042a3e-5e8e-4375-b964-0fe2252e504c,legal
0002,0002_coder_main_case_a62,case_a627525fa9,coder_main,11,Could you tell me more about technologies used?,4,corpus_7fa3bd5aef67,0.4998,,33042a3e-5e8e-4375-b964-0fe2252e504c,legal
0002,0002_coder_main_case_a62,case_a627525fa9,coder_main,11,Could you tell me more about technologies used?,5,corpus_93b6b75d8e81,0.4992,,33042a3e-5e8e-4375-b964-0fe2252e504c,legal
0002,0002_coder_main_case_a62,case_a627525fa9,coder_main,12,Could you tell me more about technologies used?,1,corpus_209220826904,0.5499,,e23add42-dc9f-4b46-aa21-ac722ae16c36,retail
0002,0002_coder_main_case_a62,case_a627525fa9,coder_main,12,Could you tell me more about technologies used?,2,corpus_fcffcdc1e2e9,0.5128,,33042a3e-5e8e-4375-b964-0fe2252e504c,legal
0002,0002_coder_main_case_a62,case_a627525fa9,coder_main,12,Could you tell me more about technologies used?,3,corpus_efd7418d8083,0.5057,,33042a3e-5e8e-4375-b964-0fe2252e504c,legal
0002,0002_coder_main_case_a62,case_a627525fa9,coder_main,12,Could you tell me more about technologies used?,4,corpus_7fa3bd5aef67,0.4998,,33042a3e-5e8e-4375-b964-0fe2252e504c,legal
0002,0002_coder_main_case_a62,case_a627525fa9,coder_main,12,Could you tell me more about technologies used?,5,corpus_93b6b75d8e81,0.4992,,33042a3e-5e8e-4375-b964-0fe2252e504c,legal
0002,0002_coder_main_case_a62,case_a627525fa9,coder_main,13,Could you tell me more about technologies used?,1,corpus_209220826904,0.5499,,e23add42-dc9f-4b46-aa21-ac722ae16c36,retail
0002,0002_coder_main_case_a62,case_a627525fa9,coder_main,13,Could you tell me more about technologies used?,2,corpus_fcffcdc1e2e9,0.5128,,33042a3e-5e8e-4375-b964-0fe2252e504c,legal
0002,0002_coder_main_case_a62,case_a627525fa9,coder_main,13,Could you tell me more about technologies used?,3,corpus_efd7418d8083,0.5057,,33042a3e-5e8e-4375-b964-0fe2252e504c,legal
0002,0002_coder_main_case_a62,case_a627525fa9,coder_main,13,Could you tell me more about technologies used?,4,corpus_7fa3bd5aef67,0.4998,,33042a3e-5e8e-4375-b964-0fe2252e504c,legal
0002,0002_coder_main_case_a62,case_a627525fa9,coder_main,13,Could you tell me more about technologies used?,5,corpus_93b6b75d8e81,0.4992,,33042a3e-5e8e-4375-b964-0fe2252e504c,legal
0002,0002_coder_main_case_a62,case_a627525fa9,coder_main,14,Could you tell me more about technologies used?,1,corpus_209220826904,0.5499,,e23add42-dc9f-4b46-aa21-ac722ae16c36,retail
0002,0002_coder_main_case_a62,case_a627525fa9,coder_main,14,Could you tell me more about technologies used?,2,corpus_fcffcdc1e2e9,0.5128,,33042a3e-5e8e-4375-b964-0fe2252e504c,legal
0002,0002_coder_main_case_a62,case_a627525fa9,coder_main,14,Could you tell me more about technologies used?,3,corpus_efd7418d8083,0.5057,,33042a3e-5e8e-4375-b964-0fe2252e504c,legal
0002,0002_coder_main_case_a62,case_a627525fa9,coder_main,14,Could you tell me more about technologies used?,4,corpus_7fa3bd5aef67,0.4998,,33042a3e-5e8e-4375-b964-0fe2252e504c,legal
0002,0002_coder_main_case_a62,case_a627525fa9,coder_main,14,Could you tell me more about technologies used?,5,corpus_93b6b75d8e81,0.4992,,33042a3e-5e8e-4375-b964-0fe2252e504c,legal
0002,0002_coder_main_case_a62,case_a627525fa9,coder_main,1,Could you tell me more about domain area?,1,corpus_9d2db1b0788c,0.4414,,33042a3e-5e8e-4375-b964-0fe2252e504c,legal
0002,0002_coder_main_case_a62,case_a627525fa9,coder_main,1,Could you tell me more about domain area?,2,corpus_96f9ac4f9031,0.4376,,33042a3e-5e8e-4375-b964-0fe2252e504c,legal
0002,0002_coder_main_case_a62,case_a627525fa9,coder_main,1,Could you tell me more about domain area?,3,corpus_d03a736a7273,0.4308,,33042a3e-5e8e-4375-b964-0fe2252e504c,legal
0002,0002_coder_main_case_a62,case_a627525fa9,coder_main,1,Could you tell me more about domain area?,4,corpus_4dcf69bf62d5,0.4252,,33042a3e-5e8e-4375-b964-0fe2252e504c,legal
0002,0002_coder_main_case_a62,case_a627525fa9,coder_main,1,Could you tell me more about domain area?,5,corpus_db9362e0b6cb,0.424,,33042a3e-5e8e-4375-b964-0fe2252e504c,legal
0002,0002_coder_main_case_a62,case_a627525fa9,coder_main,2,Could you tell me more about domain area?,1,corpus_9d2db1b0788c,0.4414,,33042a3e-5e8e-4375-b964-0fe2252e504c,legal
0002,0002_coder_main_case_a62,case_a627525fa9,coder_main,2,Could you tell me more about domain area?,2,corpus_96f9ac4f9031,0.4376,,33042a3e-5e8e-4375-b964-0fe2252e504c,legal
0002,0002_coder_main_case_a62,case_a627525fa9,coder_main,2,Could you tell me more about domain area?,3,corpus_d03a736a7273,0.4308,,33042a3e-5e8e-4375-b964-0fe2252e504c,legal
0002,0002_coder_main_case_a62,case_a627525fa9,coder_main,2,Could you tell me more about domain area?,4,corpus_4dcf69bf62d5,0.4252,,33042a3e-5e8e-4375-b964-0fe2252e504c,legal
0002,0002_coder_main_case_a62,case_a627525fa9,coder_main,2,Could you tell me more about domain area?,5,corpus_db9362e0b6cb,0.424,,33042a3e-5e8e-4375-b964-0fe2252e504c,legal
0002,0002_coder_main_case_a62,case_a627525fa9,coder_main,3,Could you tell me more about domain area?,1,corpus_9d2db1b0788c,0.4414,,33042a3e-5e8e-4375-b964-0fe2252e504c,legal
0002,0002_coder_main_case_a62,case_a627525fa9,coder_main,3,Could you tell me more about domain area?,2,corpus_96f9ac4f9031,0.4376,,33042a3e-5e8e-4375-b964-0fe2252e504c,legal
0002,0002_coder_main_case_a62,case_a627525fa9,coder_main,3,Could you tell me more about domain area?,3,corpus_d03a736a7273,0.4308,,33042a3e-5e8e-4375-b964-0fe2252e504c,legal
0002,0002_coder_main_case_a62,case_a627525fa9,coder_main,3,Could you tell me more about domain area?,4,corpus_4dcf69bf62d5,0.4252,,33042a3e-5e8e-4375-b964-0fe2252e504c,legal
0002,0002_coder_main_case_a62,case_a627525fa9,coder_main,3,Could you tell me more about domain area?,5,corpus_db9362e0b6cb,0.424,,33042a3e-5e8e-4375-b964-0fe2252e504c,legal
0002,0002_coder_main_case_a62,case_a627525fa9,coder_main,4,Could you tell me more about domain area?,1,corpus_9d2db1b0788c,0.4414,,33042a3e-5e8e-4375-b964-0fe2252e504c,legal
0002,0002_coder_main_case_a62,case_a627525fa9,coder_main,4,Could you tell me more about domain area?,2,corpus_96f9ac4f9031,0.4376,,33042a3e-5e8e-4375-b964-0fe2252e504c,legal
0002,0002_coder_main_case_a62,case_a627525fa9,coder_main,4,Could you tell me more about domain area?,3,corpus_d03a736a7273,0.4308,,33042a3e-5e8e-4375-b964-0fe2252e504c,legal
0002,0002_coder_main_case_a62,case_a627525fa9,coder_main,4,Could you tell me more about domain area?,4,corpus_4dcf69bf62d5,0.4252,,33042a3e-5e8e-4375-b964-0fe2252e504c,legal
0002,0002_coder_main_case_a62,case_a627525fa9,coder_main,4,Could you tell me more about domain area?,5,corpus_db9362e0b6cb,0.424,,33042a3e-5e8e-4375-b964-0fe2252e504c,legal
0002,0002_coder_main_case_a62,case_a627525fa9,coder_main,5,Could you tell me more about domain area?,1,corpus_9d2db1b0788c,0.4414,,33042a3e-5e8e-4375-b964-0fe2252e504c,legal
0002,0002_coder_main_case_a62,case_a627525fa9,coder_main,5,Could you tell me more about domain area?,2,corpus_96f9ac4f9031,0.4376,,33042a3e-5e8e-4375-b964-0fe2252e504c,legal
0002,0002_coder_main_case_a62,case_a627525fa9,coder_main,5,Could you tell me more about domain area?,3,corpus_d03a736a7273,0.4308,,33042a3e-5e8e-4375-b964-0fe2252e504c,legal
0002,0002_coder_main_case_a62,case_a627525fa9,coder_main,5,Could you tell me more about domain area?,4,corpus_4dcf69bf62d5,0.4252,,33042a3e-5e8e-4375-b964-0fe2252e504c,legal
0002,0002_coder_main_case_a62,case_a627525fa9,coder_main,5,Could you tell me more about domain area?,5,corpus_db9362e0b6cb,0.424,,33042a3e-5e8e-4375-b964-0fe2252e504c,legal
0002,0002_coder_main_case_a62,case_a627525fa9,coder_main,6,Could you tell me more about domain area?,1,corpus_9d2db1b0788c,0.4414,,33042a3e-5e8e-4375-b964-0fe2252e504c,legal
0002,0002_coder_main_case_a62,case_a627525fa9,coder_main,6,Could you tell me more about domain area?,2,corpus_96f9ac4f9031,0.4376,,33042a3e-5e8e-4375-b964-0fe2252e504c,legal
0002,0002_coder_main_case_a62,case_a627525fa9,coder_main,6,Could you tell me more about domain area?,3,corpus_d03a736a7273,0.4308,,33042a3e-5e8e-4375-b964-0fe2252e504c,legal
0002,0002_coder_main_case_a62,case_a627525fa9,coder_main,6,Could you tell me more about domain area?,4,corpus_4dcf69bf62d5,0.4252,,33042a3e-5e8e-4375-b964-0fe2252e504c,legal
0002,0002_coder_main_case_a62,case_a627525fa9,coder_main,6,Could you tell me more about domain area?,5,corpus_db9362e0b6cb,0.424,,33042a3e-5e8e-4375-b964-0fe2252e504c,legal
0002,0002_coder_main_case_a62,case_a627525fa9,coder_main,7,Could you tell me more about domain area?,1,corpus_9d2db1b0788c,0.4414,,33042a3e-5e8e-4375-b964-0fe2252e504c,legal
0002,0002_coder_main_case_a62,case_a627525fa9,coder_main,7,Could you tell me more about domain area?,2,corpus_96f9ac4f9031,0.4376,,33042a3e-5e8e-4375-b964-0fe2252e504c,legal
0002,0002_coder_main_case_a62,case_a627525fa9,coder_main,7,Could you tell me more about domain area?,3,corpus_d03a736a7273,0.4308,,33042a3e-5e8e-4375-b964-0fe2252e504c,legal
0002,0002_coder_main_case_a62,case_a627525fa9,coder_main,7,Could you tell me more about domain area?,4,corpus_4dcf69bf62d5,0.4252,,33042a3e-5e8e-4375-b964-0fe2252e504c,legal
0002,0002_coder_main_case_a62,case_a627525fa9,coder_main,7,Could you tell me more about domain area?,5,corpus_db9362e0b6cb,0.424,,33042a3e-5e8e-4375-b964-0fe2252e504c,legal
0002,0002_coder_main_case_a62,case_a627525fa9,coder_main,8,Could you tell me more about domain area?,1,corpus_9d2db1b0788c,0.4414,,33042a3e-5e8e-4375-b964-0fe2252e504c,legal
0002,0002_coder_main_case_a62,case_a627525fa9,coder_main,8,Could you tell me more about domain area?,2,corpus_96f9ac4f9031,0.4376,,33042a3e-5e8e-4375-b964-0fe2252e504c,legal
0002,0002_coder_main_case_a62,case_a627525fa9,coder_main,8,Could you tell me more about domain area?,3,corpus_d03a736a7273,0.4308,,33042a3e-5e8e-4375-b964-0fe2252e504c,legal
0002,0002_coder_main_case_a62,case_a627525fa9,coder_main,8,Could you tell me more about domain area?,4,corpus_4dcf69bf62d5,0.4252,,33042a3e-5e8e-4375-b964-0fe2252e504c,legal
0002,0002_coder_main_case_a62,case_a627525fa9,coder_main,8,Could you tell me more about domain area?,5,corpus_db9362e0b6cb,0.424,,33042a3e-5e8e-4375-b964-0fe2252e504c,legal
0002,0002_coder_main_case_a62,case_a627525fa9,coder_main,9,"What specific challenges have you encountered in developing and marketing your product, and how do you address them?",1,corpus_209220826904,0.5415,,e23add42-dc9f-4b46-aa21-ac722ae16c36,retail
0002,0002_coder_main_case_a62,case_a627525fa9,coder_main,9,"What specific challenges have you encountered in developing and marketing your product, and how do you address them?",2,corpus_9cfdf1737cea,0.5308,,33042a3e-5e8e-4375-b964-0fe2252e504c,legal
0002,0002_coder_main_case_a62,case_a627525fa9,coder_main,9,"What specific challenges have you encountered in developing and marketing your product, and how do you address them?",3,corpus_fcffcdc1e2e9,0.5256,,33042a3e-5e8e-4375-b964-0fe2252e504c,legal
0002,0002_coder_main_case_a62,case_a627525fa9,coder_main,9,"What specific challenges have you encountered in developing and marketing your product, and how do you address them?",4,corpus_4b47604ce9b7,0.5235,,33042a3e-5e8e-4375-b964-0fe2252e504c,legal
0002,0002_coder_main_case_a62,case_a627525fa9,coder_main,9,"What specific challenges have you encountered in developing and marketing your product, and how do you address them?",5,corpus_7fa3bd5aef67,0.5211,,33042a3e-5e8e-4375-b964-0fe2252e504c,legal
0002,0002_coder_main_case_a62,case_a627525fa9,coder_main,10,How do you address the issue of insufficient knowledge based on the amount of education in a certain field or issue?,1,corpus_9d5e2ec4aecd,0.5143,,e23add42-dc9f-4b46-aa21-ac722ae16c36,retail
0002,0002_coder_main_case_a62,case_a627525fa9,coder_main,10,How do you address the issue of insufficient knowledge based on the amount of education in a certain field or issue?,2,corpus_ba441bd4fa1c,0.5129,,e23add42-dc9f-4b46-aa21-ac722ae16c36,retail
0002,0002_coder_main_case_a62,case_a627525fa9,coder_main,10,How do you address the issue of insufficient knowledge based on the amount of education in a certain field or issue?,3,corpus_f1dbaf55f517,0.5028,,e23add42-dc9f-4b46-aa21-ac722ae16c36,retail
0002,0002_coder_main_case_a62,case_a627525fa9,coder_main,10,How do you address the issue of insufficient knowledge based on the amount of education in a certain field or issue?,4,corpus_fdc18a2962cd,0.5015,,e23add42-dc9f-4b46-aa21-ac722ae16c36,retail
0002,0002_coder_main_case_a62,case_a627525fa9,coder_main,10,How do you address the issue of insufficient knowledge based on the amount of education in a certain field or issue?,5,corpus_4244f436fae8,0.5013,,e23add42-dc9f-4b46-aa21-ac722ae16c36,retail
0002,0002_coder_main_case_a62,case_a627525fa9,coder_main,11,Could you tell me more about domain area?,1,corpus_9d2db1b0788c,0.4414,,33042a3e-5e8e-4375-b964-0fe2252e504c,legal
0002,0002_coder_main_case_a62,case_a627525fa9,coder_main,11,Could you tell me more about domain area?,2,corpus_96f9ac4f9031,0.4376,,33042a3e-5e8e-4375-b964-0fe2252e504c,legal
0002,0002_coder_main_case_a62,case_a627525fa9,coder_main,11,Could you tell me more about domain area?,3,corpus_d03a736a7273,0.4308,,33042a3e-5e8e-4375-b964-0fe2252e504c,legal
0002,0002_coder_main_case_a62,case_a627525fa9,coder_main,11,Could you tell me more about domain area?,4,corpus_4dcf69bf62d5,0.4252,,33042a3e-5e8e-4375-b964-0fe2252e504c,legal
0002,0002_coder_main_case_a62,case_a627525fa9,coder_main,11,Could you tell me more about domain area?,5,corpus_db9362e0b6cb,0.424,,33042a3e-5e8e-4375-b964-0fe2252e504c,legal
0002,0002_coder_main_case_a62,case_a627525fa9,coder_main,12,Could you tell me more about domain area?,1,corpus_9d2db1b0788c,0.4414,,33042a3e-5e8e-4375-b964-0fe2252e504c,legal
0002,0002_coder_main_case_a62,case_a627525fa9,coder_main,12,Could you tell me more about domain area?,2,corpus_96f9ac4f9031,0.4376,,33042a3e-5e8e-4375-b964-0fe2252e504c,legal
0002,0002_coder_main_case_a62,case_a627525fa9,coder_main,12,Could you tell me more about domain area?,3,corpus_d03a736a7273,0.4308,,33042a3e-5e8e-4375-b964-0fe2252e504c,legal
0002,0002_coder_main_case_a62,case_a627525fa9,coder_main,12,Could you tell me more about domain area?,4,corpus_4dcf69bf62d5,0.4252,,33042a3e-5e8e-4375-b964-0fe2252e504c,legal
0002,0002_coder_main_case_a62,case_a627525fa9,coder_main,12,Could you tell me more about domain area?,5,corpus_db9362e0b6cb,0.424,,33042a3e-5e8e-4375-b964-0fe2252e504c,legal
0002,0002_coder_main_case_a62,case_a627525fa9,coder_main,13,Could you tell me more about domain area?,1,corpus_9d2db1b0788c,0.4414,,33042a3e-5e8e-4375-b964-0fe2252e504c,legal
0002,0002_coder_main_case_a62,case_a627525fa9,coder_main,13,Could you tell me more about domain area?,2,corpus_96f9ac4f9031,0.4376,,33042a3e-5e8e-4375-b964-0fe2252e504c,legal
0002,0002_coder_main_case_a62,case_a627525fa9,coder_main,13,Could you tell me more about domain area?,3,corpus_d03a736a7273,0.4308,,33042a3e-5e8e-4375-b964-0fe2252e504c,legal
0002,0002_coder_main_case_a62,case_a627525fa9,coder_main,13,Could you tell me more about domain area?,4,corpus_4dcf69bf62d5,0.4252,,33042a3e-5e8e-4375-b964-0fe2252e504c,legal
0002,0002_coder_main_case_a62,case_a627525fa9,coder_main,13,Could you tell me more about domain area?,5,corpus_db9362e0b6cb,0.424,,33042a3e-5e8e-4375-b964-0fe2252e504c,legal
0002,0002_coder_main_case_a62,case_a627525fa9,coder_main,14,Could you tell me more about domain area?,1,corpus_9d2db1b0788c,0.4414,,33042a3e-5e8e-4375-b964-0fe2252e504c,legal
0002,0002_coder_main_case_a62,case_a627525fa9,coder_main,14,Could you tell me more about domain area?,2,corpus_96f9ac4f9031,0.4376,,33042a3e-5e8e-4375-b964-0fe2252e504c,legal
0002,0002_coder_main_case_a62,case_a627525fa9,coder_main,14,Could you tell me more about domain area?,3,corpus_d03a736a7273,0.4308,,33042a3e-5e8e-4375-b964-0fe2252e504c,legal
0002,0002_coder_main_case_a62,case_a627525fa9,coder_main,14,Could you tell me more about domain area?,4,corpus_4dcf69bf62d5,0.4252,,33042a3e-5e8e-4375-b964-0fe2252e504c,legal
0002,0002_coder_main_case_a62,case_a627525fa9,coder_main,14,Could you tell me more about domain area?,5,corpus_db9362e0b6cb,0.424,,33042a3e-5e8e-4375-b964-0fe2252e504c,legal
